source_id,flare_id,start_utc,peak_utc,end_utc,flare_class,xrsb_irrad_source,active_region_raw,active_region_noaa_suffix,event_id_swpc,swpc_lon_deg,swpc_lat_deg,source_file
NCEI_GOES_FLRPT_2011_V1_0_1,201101280053,2011-01-28T00:53:00Z,2011-01-28T01:03:00Z,2011-01-28T01:09:00Z,M2.0,GOES-15,1149,1149,5110,,,sci_xrsf-l2-flrpt_geo_y2011_v1-0-1.csv
NCEI_GOES_FLRPT_2011_V1_0_1,201102090120,2011-02-09T01:20:00Z,2011-02-09T01:31:00Z,2011-02-09T01:35:00Z,M2.7,GOES-15,1153,1153,5740,72.0,17.0,sci_xrsf-l2-flrpt_geo_y2011_v1-0-1.csv
NCEI_GOES_FLRPT_2011_V1_0_1,201102131721,2011-02-13T17:21:00Z,2011-02-13T17:37:00Z,2011-02-13T17:47:00Z,M9.5,GOES-15,1158,1158,6310,-4.0,-20.0,sci_xrsf-l2-flrpt_geo_y2011_v1-0-1.csv
NCEI_GOES_FLRPT_2011_V1_0_1,201102140424,2011-02-14T04:24:00Z,2011-02-14T04:49:00Z,2011-02-14T05:09:00Z,M1.1,GOES-15,1158,1158,6580,1.0,-20.0,sci_xrsf-l2-flrpt_geo_y2011_v1-0-1.csv
NCEI_GOES_FLRPT_2011_V1_0_1,201102141240,2011-02-14T12:40:00Z,2011-02-14T12:47:00Z,2011-02-14T13:05:00Z,M1.0,GOES-15,,,,,,sci_xrsf-l2-flrpt_geo_y2011_v1-0-1.csv
NCEI_GOES_FLRPT_2011_V1_0_1,201102141345,2011-02-14T13:45:00Z,2011-02-14T14:27:00Z,2011-02-14T14:43:00Z,M1.2,GOES-15,,,,,,sci_xrsf-l2-flrpt_geo_y2011_v1-0-1.csv
NCEI_GOES_FLRPT_2011_V1_0_1,201102141718,2011-02-14T17:18:00Z,2011-02-14T17:26:00Z,2011-02-14T17:32:00Z,M3.2,GOES-15,1158,1158,6750,4.0,-20.0,sci_xrsf-l2-flrpt_geo_y2011_v1-0-1.csv
NCEI_GOES_FLRPT_2011_V1_0_1,201102150144,2011-02-15T01:44:00Z,2011-02-15T01:56:00Z,2011-02-15T02:06:00Z,X3.3,GOES-15,1158,1158,6880,,,sci_xrsf-l2-flrpt_geo_y2011_v1-0-1.csv
NCEI_GOES_FLRPT_2011_V1_0_1,201102160130,2011-02-16T01:30:00Z,2011-02-16T01:39:00Z,2011-02-16T01:46:00Z,M1.4,GOES-15,,,7250,,,sci_xrsf-l2-flrpt_geo_y2011_v1-0-1.csv
NCEI_GOES_FLRPT_2011_V1_0_1,201102160730,2011-02-16T07:30:00Z,2011-02-16T07:44:00Z,2011-02-16T07:55:00Z,M1.6,GOES-15,1161,1161,7300,,,sci_xrsf-l2-flrpt_geo_y2011_v1-0-1.csv
NCEI_GOES_FLRPT_2011_V1_0_1,201102160902,2011-02-16T09:02:00Z,2011-02-16T09:11:00Z,2011-02-16T09:19:00Z,M1.4,GOES-15,1158,1158,7320,,,sci_xrsf-l2-flrpt_geo_y2011_v1-0-1.csv
NCEI_GOES_FLRPT_2011_V1_0_1,201102161415,2011-02-16T14:15:00Z,2011-02-16T14:25:00Z,2011-02-16T14:29:00Z,M2.3,GOES-15,1158,1158,7410,32.0,-20.0,sci_xrsf-l2-flrpt_geo_y2011_v1-0-1.csv
NCEI_GOES_FLRPT_2011_V1_0_1,201102161525,2011-02-16T15:25:00Z,2011-02-16T15:32:00Z,2011-02-16T15:37:00Z,M1.1,GOES-15,1158,1158,7420,33.0,-20.0,sci_xrsf-l2-flrpt_geo_y2011_v1-0-1.csv
NCEI_GOES_FLRPT_2011_V1_0_1,201102180625,2011-02-18T06:25:00Z,2011-02-18T06:33:00Z,2011-02-18T06:39:00Z,M1.2,GOES-15,1158,1158,8140,,,sci_xrsf-l2-flrpt_geo_y2011_v1-0-1.csv
NCEI_GOES_FLRPT_2011_V1_0_1,201102180709,2011-02-18T07:09:00Z,2011-02-18T07:24:00Z,2011-02-18T07:38:00Z,M1.0,GOES-15,1162,1162,8150,,,sci_xrsf-l2-flrpt_geo_y2011_v1-0-1.csv
NCEI_GOES_FLRPT_2011_V1_0_1,201102181007,2011-02-18T10:07:00Z,2011-02-18T10:11:00Z,2011-02-18T10:15:00Z,M9.6,GOES-15,1158,1158,8180,,,sci_xrsf-l2-flrpt_geo_y2011_v1-0-1.csv
NCEI_GOES_FLRPT_2011_V1_0_1,201102181259,2011-02-18T12:59:00Z,2011-02-18T13:03:00Z,2011-02-18T13:06:00Z,M2.1,GOES-15,1158,1158,8260,,,sci_xrsf-l2-flrpt_geo_y2011_v1-0-1.csv
NCEI_GOES_FLRPT_2011_V1_0_1,201102181356,2011-02-18T13:56:00Z,2011-02-18T14:08:00Z,2011-02-18T14:15:00Z,M1.4,GOES-15,1162,1162,8270,,,sci_xrsf-l2-flrpt_geo_y2011_v1-0-1.csv
NCEI_GOES_FLRPT_2011_V1_0_1,201102181915,2011-02-18T19:15:00Z,2011-02-18T19:18:00Z,2011-02-18T19:27:00Z,M1.0,GOES-15,1162,1162,8370,,,sci_xrsf-l2-flrpt_geo_y2011_v1-0-1.csv
NCEI_GOES_FLRPT_2011_V1_0_1,201102182049,2011-02-18T20:49:00Z,2011-02-18T21:04:00Z,2011-02-18T21:15:00Z,M1.9,GOES-15,1162,1162,8390,,,sci_xrsf-l2-flrpt_geo_y2011_v1-0-1.csv
NCEI_GOES_FLRPT_2011_V1_0_1,201102190800,2011-02-19T08:00:00Z,2011-02-19T08:04:00Z,2011-02-19T08:12:00Z,M1.2,GOES-15,1162,1162,8670,11.0,18.0,sci_xrsf-l2-flrpt_geo_y2011_v1-0-1.csv
NCEI_GOES_FLRPT_2011_V1_0_1,201102211008,2011-02-21T10:08:00Z,2011-02-21T10:12:00Z,2011-02-21T10:15:00Z,M1.1,GOES-15,1158,1158,9180,,,sci_xrsf-l2-flrpt_geo_y2011_v1-0-1.csv
NCEI_GOES_FLRPT_2011_V1_0_1,201102240719,2011-02-24T07:19:00Z,2011-02-24T07:35:00Z,2011-02-24T07:42:00Z,M5.0,GOES-15,1163,1163,9390,,,sci_xrsf-l2-flrpt_geo_y2011_v1-0-1.csv
NCEI_GOES_FLRPT_2011_V1_0_1,201102281234,2011-02-28T12:34:00Z,2011-02-28T12:52:00Z,2011-02-28T13:02:00Z,M1.6,GOES-15,1164,1164,170,,,sci_xrsf-l2-flrpt_geo_y2011_v1-0-1.csv
NCEI_GOES_FLRPT_2011_V1_0_1,201103061026,2011-03-06T10:26:00Z,2011-03-06T10:40:00Z,2011-03-06T10:55:00Z,M1.0,GOES-15,1165,1165,1330,,,sci_xrsf-l2-flrpt_geo_y2011_v1-0-1.csv
NCEI_GOES_FLRPT_2011_V1_0_1,201103061441,2011-03-06T14:41:00Z,2011-03-06T14:44:00Z,2011-03-06T14:47:00Z,M1.2,GOES-15,1164,1164,1380,,,sci_xrsf-l2-flrpt_geo_y2011_v1-0-1.csv
NCEI_GOES_FLRPT_2011_V1_0_1,201103070457,2011-03-07T04:57:00Z,2011-03-07T05:13:00Z,2011-03-07T05:19:00Z,M1.8,GOES-15,1164,1164,1650,,,sci_xrsf-l2-flrpt_geo_y2011_v1-0-1.csv
NCEI_GOES_FLRPT_2011_V1_0_1,201103070744,2011-03-07T07:44:00Z,2011-03-07T07:54:00Z,2011-03-07T07:56:00Z,M2.2,GOES-15,1165,1165,1670,78.0,-20.0,sci_xrsf-l2-flrpt_geo_y2011_v1-0-1.csv
NCEI_GOES_FLRPT_2011_V1_0_1,201103070759,2011-03-07T07:59:00Z,2011-03-07T08:07:00Z,2011-03-07T08:15:00Z,M2.0,GOES-15,1164,1164,1680,47.0,25.0,sci_xrsf-l2-flrpt_geo_y2011_v1-0-1.csv
NCEI_GOES_FLRPT_2011_V1_0_1,201103070913,2011-03-07T09:13:00Z,2011-03-07T09:20:00Z,2011-03-07T09:28:00Z,M2.6,GOES-15,1164,1164,1710,50.0,23.0,sci_xrsf-l2-flrpt_geo_y2011_v1-0-1.csv
NCEI_GOES_FLRPT_2011_V1_0_1,201103071342,2011-03-07T13:42:00Z,2011-03-07T14:11:00Z,,M2.5,GOES-15,,,,,,sci_xrsf-l2-flrpt_geo_y2011_v1-0-1.csv
NCEI_GOES_FLRPT_2011_V1_0_1,201103071415,2011-03-07T14:15:00Z,2011-03-07T14:30:00Z,2011-03-07T14:37:00Z,M2.8,GOES-15,1166,1166,1780,-18.0,10.0,sci_xrsf-l2-flrpt_geo_y2011_v1-0-1.csv
NCEI_GOES_FLRPT_2011_V1_0_1,201103071818,2011-03-07T18:18:00Z,2011-03-07T18:23:00Z,2011-03-07T18:41:00Z,M1.0,GOES-15,1165,1165,1820,,,sci_xrsf-l2-flrpt_geo_y2011_v1-0-1.csv
NCEI_GOES_FLRPT_2011_V1_0_1,201103071939,2011-03-07T19:39:00Z,2011-03-07T20:12:00Z,2011-03-07T20:58:00Z,M5.3,GOES-15,1164,1164,1830,,,sci_xrsf-l2-flrpt_geo_y2011_v1-0-1.csv
NCEI_GOES_FLRPT_2011_V1_0_1,201103072145,2011-03-07T21:45:00Z,2011-03-07T21:50:00Z,2011-03-07T21:55:00Z,M2.2,GOES-15,1165,1165,1850,,,sci_xrsf-l2-flrpt_geo_y2011_v1-0-1.csv
NCEI_GOES_FLRPT_2011_V1_0_1,201103080219,2011-03-08T02:19:00Z,2011-03-08T02:29:00Z,2011-03-08T02:32:00Z,M1.9,GOES-15,1165,1165,1930,79.0,-18.0,sci_xrsf-l2-flrpt_geo_y2011_v1-0-1.csv
NCEI_GOES_FLRPT_2011_V1_0_1,201103080330,2011-03-08T03:30:00Z,2011-03-08T03:58:00Z,2011-03-08T04:22:00Z,M2.1,GOES-15,1171,1171,1940,,,sci_xrsf-l2-flrpt_geo_y2011_v1-0-1.csv
NCEI_GOES_FLRPT_2011_V1_0_1,201103081031,2011-03-08T10:31:00Z,2011-03-08T10:44:00Z,2011-03-08T10:55:00Z,M7.6,GOES-15,1165,1165,2030,86.0,-17.0,sci_xrsf-l2-flrpt_geo_y2011_v1-0-1.csv
NCEI_GOES_FLRPT_2011_V1_0_1,201103081803,2011-03-08T18:03:00Z,2011-03-08T18:28:00Z,2011-03-08T18:41:00Z,M6.3,GOES-15,1165,1165,2140,,,sci_xrsf-l2-flrpt_geo_y2011_v1-0-1.csv
NCEI_GOES_FLRPT_2011_V1_0_1,201103082309,2011-03-08T23:09:00Z,2011-03-08T23:14:00Z,2011-03-08T23:19:00Z,M1.1,GOES-15,1166,1166,2210,-2.0,9.0,sci_xrsf-l2-flrpt_geo_y2011_v1-0-1.csv
NCEI_GOES_FLRPT_2011_V1_0_1,201103082332,2011-03-08T23:32:00Z,2011-03-08T23:37:00Z,2011-03-08T23:40:00Z,M1.2,GOES-15,1165,1165,2220,,,sci_xrsf-l2-flrpt_geo_y2011_v1-0-1.csv
NCEI_GOES_FLRPT_2011_V1_0_1,201103090507,2011-03-09T05:07:00Z,2011-03-09T05:18:00Z,2011-03-09T05:27:00Z,M1.0,GOES-15,,,,,,sci_xrsf-l2-flrpt_geo_y2011_v1-0-1.csv
NCEI_GOES_FLRPT_2011_V1_0_1,201103090851,2011-03-09T08:51:00Z,2011-03-09T08:55:00Z,2011-03-09T09:04:00Z,M1.3,GOES-15,1166,1166,2350,4.0,7.0,sci_xrsf-l2-flrpt_geo_y2011_v1-0-1.csv
NCEI_GOES_FLRPT_2011_V1_0_1,201103091049,2011-03-09T10:49:00Z,2011-03-09T10:55:00Z,,M1.0,GOES-15,,,,,,sci_xrsf-l2-flrpt_geo_y2011_v1-0-1.csv
NCEI_GOES_FLRPT_2011_V1_0_1,201103091059,2011-03-09T10:59:00Z,2011-03-09T11:07:00Z,2011-03-09T11:16:00Z,M2.5,GOES-15,1166,1166,2370,3.0,8.0,sci_xrsf-l2-flrpt_geo_y2011_v1-0-1.csv
NCEI_GOES_FLRPT_2011_V1_0_1,201103091312,2011-03-09T13:12:00Z,2011-03-09T13:29:00Z,,M1.0,GOES-15,,,,,,sci_xrsf-l2-flrpt_geo_y2011_v1-0-1.csv
NCEI_GOES_FLRPT_2011_V1_0_1,201103091347,2011-03-09T13:47:00Z,2011-03-09T14:02:00Z,,M2.4,GOES-15,1166,1166,2400,6.0,9.0,sci_xrsf-l2-flrpt_geo_y2011_v1-0-1.csv
NCEI_GOES_FLRPT_2011_V1_0_1,201103092203,2011-03-09T22:03:00Z,2011-03-09T22:12:00Z,2011-03-09T22:14:00Z,M1.3,GOES-15,1166,1166,2510,4.0,8.0,sci_xrsf-l2-flrpt_geo_y2011_v1-0-1.csv
NCEI_GOES_FLRPT_2011_V1_0_1,201103092311,2011-03-09T23:11:00Z,2011-03-09T23:23:00Z,2011-03-09T23:29:00Z,X2.2,GOES-15,1166,1166,2540,9.0,8.0,sci_xrsf-l2-flrpt_geo_y2011_v1-0-1.csv
NCEI_GOES_FLRPT_2011_V1_0_1,201103102229,2011-03-10T22:29:00Z,2011-03-10T22:41:00Z,2011-03-10T22:49:00Z,M1.5,GOES-15,,,2800,,,sci_xrsf-l2-flrpt_geo_y2011_v1-0-1.csv
NCEI_GOES_FLRPT_2011_V1_0_1,201103120428,2011-03-12T04:28:00Z,2011-03-12T04:43:00Z,2011-03-12T04:48:00Z,M1.9,GOES-15,1166,1166,3060,36.0,5.0,sci_xrsf-l2-flrpt_geo_y2011_v1-0-1.csv
NCEI_GOES_FLRPT_2011_V1_0_1,201103121253,2011-03-12T12:53:00Z,2011-03-12T13:00:00Z,2011-03-12T13:06:00Z,M1.0,GOES-15,1166,1166,3160,47.0,8.0,sci_xrsf-l2-flrpt_geo_y2011_v1-0-1.csv
NCEI_GOES_FLRPT_2011_V1_0_1,201103121518,2011-03-12T15:18:00Z,2011-03-12T15:29:00Z,2011-03-12T15:34:00Z,M1.3,GOES-15,1166,1166,3170,39.0,5.0,sci_xrsf-l2-flrpt_geo_y2011_v1-0-1.csv
NCEI_GOES_FLRPT_2011_V1_0_1,201103141945,2011-03-14T19:45:00Z,2011-03-14T19:52:00Z,2011-03-14T19:54:00Z,M6.0,GOES-15,1169,1169,3670,48.0,18.0,sci_xrsf-l2-flrpt_geo_y2011_v1-0-1.csv
NCEI_GOES_FLRPT_2011_V1_0_1,201103150018,2011-03-15T00:18:00Z,2011-03-15T00:22:00Z,2011-03-15T00:24:00Z,M1.4,GOES-15,1169,1169,3710,,,sci_xrsf-l2-flrpt_geo_y2011_v1-0-1.csv
NCEI_GOES_FLRPT_2011_V1_0_1,201103230202,2011-03-23T02:02:00Z,2011-03-23T02:17:00Z,2011-03-23T02:24:00Z,M2.0,GOES-15,1176,1176,5130,,,sci_xrsf-l2-flrpt_geo_y2011_v1-0-1.csv
NCEI_GOES_FLRPT_2011_V1_0_1,201103241200,2011-03-24T12:00:00Z,2011-03-24T12:07:00Z,2011-03-24T12:11:00Z,M1.5,GOES-15,1176,1176,5380,-43.0,-16.0,sci_xrsf-l2-flrpt_geo_y2011_v1-0-1.csv
NCEI_GOES_FLRPT_2011_V1_0_1,201103241656,2011-03-24T16:56:00Z,2011-03-24T17:06:00Z,2011-03-24T17:10:00Z,M1.3,GOES-15,1176,1176,5460,,,sci_xrsf-l2-flrpt_geo_y2011_v1-0-1.csv
NCEI_GOES_FLRPT_2011_V1_0_1,201103252307,2011-03-25T23:07:00Z,2011-03-25T23:22:00Z,2011-03-25T23:30:00Z,M1.4,GOES-15,1176,1176,5740,,,sci_xrsf-l2-flrpt_geo_y2011_v1-0-1.csv
NCEI_GOES_FLRPT_2011_V1_0_1,201104151702,2011-04-15T17:02:00Z,2011-04-15T17:12:00Z,2011-04-15T17:28:00Z,M1.9,GOES-15,1190,1190,8360,19.0,14.0,sci_xrsf-l2-flrpt_geo_y2011_v1-0-1.csv
NCEI_GOES_FLRPT_2011_V1_0_1,201104210933,2011-04-21T09:33:00Z,2011-04-21T09:48:00Z,2011-04-21T09:58:00Z,M1.2,GOES-15,1195,1195,9570,-50.0,-15.0,sci_xrsf-l2-flrpt_geo_y2011_v1-0-1.csv
NCEI_GOES_FLRPT_2011_V1_0_1,201104220420,2011-04-22T04:20:00Z,2011-04-22T04:56:00Z,2011-04-22T05:15:00Z,M2.6,GOES-15,1195,1195,9750,-43.0,-18.0,sci_xrsf-l2-flrpt_geo_y2011_v1-0-1.csv
NCEI_GOES_FLRPT_2011_V1_0_1,201104221104,2011-04-22T11:04:00Z,2011-04-22T11:25:00Z,2011-04-22T11:37:00Z,M1.1,GOES-15,1195,1195,9880,-36.0,-16.0,sci_xrsf-l2-flrpt_geo_y2011_v1-0-1.csv
NCEI_GOES_FLRPT_2011_V1_0_1,201104221538,2011-04-22T15:38:00Z,2011-04-22T15:53:00Z,2011-04-22T16:11:00Z,M1.7,GOES-15,1195,1195,9960,-35.0,-18.0,sci_xrsf-l2-flrpt_geo_y2011_v1-0-1.csv
NCEI_GOES_FLRPT_2011_V1_0_1,201105280303,2011-05-28T03:03:00Z,2011-05-28T03:31:00Z,2011-05-28T03:43:00Z,M1.1,GOES-15,1226,1226,2500,,,sci_xrsf-l2-flrpt_geo_y2011_v1-0-1.csv
NCEI_GOES_FLRPT_2011_V1_0_1,201105282107,2011-05-28T21:07:00Z,2011-05-28T21:16:00Z,,M1.1,GOES-15,,,,,,sci_xrsf-l2-flrpt_geo_y2011_v1-0-1.csv
NCEI_GOES_FLRPT_2011_V1_0_1,201105282118,2011-05-28T21:18:00Z,2011-05-28T21:24:00Z,2011-05-28T21:36:00Z,M1.3,GOES-15,,,,,,sci_xrsf-l2-flrpt_geo_y2011_v1-0-1.csv
NCEI_GOES_FLRPT_2011_V1_0_1,201105282144,2011-05-28T21:44:00Z,2011-05-28T21:50:00Z,2011-05-28T21:53:00Z,M1.6,GOES-15,1226,1226,2680,-71.0,-20.0,sci_xrsf-l2-flrpt_geo_y2011_v1-0-1.csv
NCEI_GOES_FLRPT_2011_V1_0_1,201105290958,2011-05-29T09:58:00Z,2011-05-29T10:33:00Z,2011-05-29T11:10:00Z,M2.0,GOES-15,1226,1226,2880,-65.0,-22.0,sci_xrsf-l2-flrpt_geo_y2011_v1-0-1.csv
NCEI_GOES_FLRPT_2011_V1_0_1,201105291136,2011-05-29T11:36:00Z,2011-05-29T11:39:00Z,2011-05-29T11:42:00Z,M1.1,GOES-15,1226,1226,2890,-61.0,-23.0,sci_xrsf-l2-flrpt_geo_y2011_v1-0-1.csv
NCEI_GOES_FLRPT_2011_V1_0_1,201105292054,2011-05-29T20:54:00Z,2011-05-29T21:22:00Z,2011-05-29T21:47:00Z,M1.2,GOES-15,1227,1227,2980,-68.0,-18.0,sci_xrsf-l2-flrpt_geo_y2011_v1-0-1.csv
NCEI_GOES_FLRPT_2011_V1_0_1,201105300558,2011-05-30T05:58:00Z,2011-05-30T06:05:00Z,2011-05-30T06:07:00Z,M1.0,GOES-15,1226,1226,3060,-51.0,-23.0,sci_xrsf-l2-flrpt_geo_y2011_v1-0-1.csv
NCEI_GOES_FLRPT_2011_V1_0_1,201106070602,2011-06-07T06:02:00Z,2011-06-07T06:33:00Z,,M3.4,GOES-15,,,,,,sci_xrsf-l2-flrpt_geo_y2011_v1-0-1.csv
NCEI_GOES_FLRPT_2011_V1_0_1,201106070635,2011-06-07T06:35:00Z,2011-06-07T06:41:00Z,2011-06-07T06:43:00Z,M3.6,GOES-15,1226,1226,3710,54.0,-21.0,sci_xrsf-l2-flrpt_geo_y2011_v1-0-1.csv
NCEI_GOES_FLRPT_2011_V1_0_1,201106142132,2011-06-14T21:32:00Z,2011-06-14T21:47:00Z,2011-06-14T22:10:00Z,M1.9,GOES-15,1236,1236,4210,-77.0,15.0,sci_xrsf-l2-flrpt_geo_y2011_v1-0-1.csv
NCEI_GOES_FLRPT_2011_V1_0_1,201106161011,2011-06-16T10:11:00Z,2011-06-16T10:22:00Z,2011-06-16T10:29:00Z,M1.0,GOES-15,1236,1236,4470,-56.0,16.0,sci_xrsf-l2-flrpt_geo_y2011_v1-0-1.csv
NCEI_GOES_FLRPT_2011_V1_0_1,201106210150,2011-06-21T01:50:00Z,2011-06-21T03:26:00Z,2011-06-21T04:19:00Z,M1.1,GOES-15,1236,1236,5300,8.0,16.0,sci_xrsf-l2-flrpt_geo_y2011_v1-0-1.csv
NCEI_GOES_FLRPT_2011_V1_0_1,201107271544,2011-07-27T15:44:00Z,2011-07-27T16:07:00Z,2011-07-27T16:22:00Z,M1.6,GOES-15,1260,1260,9740,-37.0,20.0,sci_xrsf-l2-flrpt_geo_y2011_v1-0-1.csv
NCEI_GOES_FLRPT_2011_V1_0_1,201107300204,2011-07-30T02:04:00Z,2011-07-30T02:09:00Z,2011-07-30T02:12:00Z,X1.3,GOES-15,1261,1261,610,,,sci_xrsf-l2-flrpt_geo_y2011_v1-0-1.csv
NCEI_GOES_FLRPT_2011_V1_0_1,201108020556,2011-08-02T05:56:00Z,2011-08-02T06:19:00Z,2011-08-02T06:42:00Z,M2.1,GOES-15,1261,1261,1770,15.0,14.0,sci_xrsf-l2-flrpt_geo_y2011_v1-0-1.csv
NCEI_GOES_FLRPT_2011_V1_0_1,201108030328,2011-08-03T03:28:00Z,2011-08-03T03:37:00Z,2011-08-03T03:46:00Z,M1.6,GOES-15,1261,1261,2170,24.0,17.0,sci_xrsf-l2-flrpt_geo_y2011_v1-0-1.csv
NCEI_GOES_FLRPT_2011_V1_0_1,201108030429,2011-08-03T04:29:00Z,2011-08-03T04:32:00Z,2011-08-03T04:35:00Z,M2.4,GOES-15,1263,1263,2200,-8.0,15.0,sci_xrsf-l2-flrpt_geo_y2011_v1-0-1.csv
NCEI_GOES_FLRPT_2011_V1_0_1,201108030751,2011-08-03T07:51:00Z,2011-08-03T07:58:00Z,2011-08-03T08:04:00Z,M1.2,GOES-15,1261,1261,2270,29.0,15.0,sci_xrsf-l2-flrpt_geo_y2011_v1-0-1.csv
NCEI_GOES_FLRPT_2011_V1_0_1,201108031310,2011-08-03T13:10:00Z,2011-08-03T13:48:00Z,2011-08-03T14:10:00Z,M8.7,GOES-15,1261,1261,2380,30.0,16.0,sci_xrsf-l2-flrpt_geo_y2011_v1-0-1.csv
NCEI_GOES_FLRPT_2011_V1_0_1,201108031923,2011-08-03T19:23:00Z,2011-08-03T19:30:00Z,2011-08-03T19:42:00Z,M1.2,GOES-15,1261,1261,2450,36.0,13.0,sci_xrsf-l2-flrpt_geo_y2011_v1-0-1.csv
NCEI_GOES_FLRPT_2011_V1_0_1,201108040336,2011-08-04T03:36:00Z,2011-08-04T03:57:00Z,2011-08-04T04:04:00Z,X1.3,GOES-15,1261,1261,2550,36.0,19.0,sci_xrsf-l2-flrpt_geo_y2011_v1-0-1.csv
NCEI_GOES_FLRPT_2011_V1_0_1,201108081752,2011-08-08T17:52:00Z,2011-08-08T18:10:00Z,2011-08-08T18:18:00Z,M5.0,GOES-15,1263,1263,3980,61.0,16.0,sci_xrsf-l2-flrpt_geo_y2011_v1-0-1.csv
NCEI_GOES_FLRPT_2011_V1_0_1,201108082200,2011-08-08T22:00:00Z,2011-08-08T22:09:00Z,2011-08-08T22:20:00Z,M1.1,GOES-15,1263,1263,4080,61.0,15.0,sci_xrsf-l2-flrpt_geo_y2011_v1-0-1.csv
NCEI_GOES_FLRPT_2011_V1_0_1,201108090314,2011-08-09T03:14:00Z,2011-08-09T03:54:00Z,2011-08-09T04:08:00Z,M3.6,GOES-15,1263,1263,4150,68.0,18.0,sci_xrsf-l2-flrpt_geo_y2011_v1-0-1.csv
NCEI_GOES_FLRPT_2011_V1_0_1,201108090744,2011-08-09T07:44:00Z,2011-08-09T08:04:00Z,2011-08-09T08:08:00Z,X10.0,GOES-15,1263,1263,4220,69.0,17.0,sci_xrsf-l2-flrpt_geo_y2011_v1-0-1.csv
NCEI_GOES_FLRPT_2011_V1_0_1,201109040100,2011-09-04T01:00:00Z,2011-09-04T01:07:00Z,2011-09-04T01:13:00Z,M1.1,GOES-15,1286,1286,7550,,,sci_xrsf-l2-flrpt_geo_y2011_v1-0-1.csv
NCEI_GOES_FLRPT_2011_V1_0_1,201109040432,2011-09-04T04:32:00Z,2011-09-04T04:53:00Z,2011-09-04T05:03:00Z,M1.2,GOES-15,1286,1286,7560,67.0,19.0,sci_xrsf-l2-flrpt_geo_y2011_v1-0-1.csv
NCEI_GOES_FLRPT_2011_V1_0_1,201109041134,2011-09-04T11:34:00Z,2011-09-04T11:45:00Z,2011-09-04T11:50:00Z,M4.6,GOES-15,1286,1286,7590,,,sci_xrsf-l2-flrpt_geo_y2011_v1-0-1.csv
NCEI_GOES_FLRPT_2011_V1_0_1,201109042355,2011-09-04T23:55:00Z,2011-09-05T00:37:00Z,2011-09-05T01:05:00Z,M1.1,GOES-15,,,7710,,,sci_xrsf-l2-flrpt_geo_y2011_v1-0-1.csv
NCEI_GOES_FLRPT_2011_V1_0_1,201109050142,2011-09-05T01:42:00Z,2011-09-05T01:53:00Z,2011-09-05T02:01:00Z,M1.0,GOES-15,,,,,,sci_xrsf-l2-flrpt_geo_y2011_v1-0-1.csv
NCEI_GOES_FLRPT_2011_V1_0_1,201109050348,2011-09-05T03:48:00Z,2011-09-05T04:15:00Z,,M2.3,GOES-15,,,,,,sci_xrsf-l2-flrpt_geo_y2011_v1-0-1.csv
NCEI_GOES_FLRPT_2011_V1_0_1,201109050424,2011-09-05T04:24:00Z,2011-09-05T04:28:00Z,2011-09-05T04:30:00Z,M2.3,GOES-15,1286,1286,7740,,,sci_xrsf-l2-flrpt_geo_y2011_v1-0-1.csv
NCEI_GOES_FLRPT_2011_V1_0_1,201109050726,2011-09-05T07:26:00Z,2011-09-05T07:58:00Z,2011-09-05T08:14:00Z,M1.7,GOES-15,1286,1286,7770,,,sci_xrsf-l2-flrpt_geo_y2011_v1-0-1.csv
NCEI_GOES_FLRPT_2011_V1_0_1,201109060135,2011-09-06T01:35:00Z,2011-09-06T01:50:00Z,2011-09-06T02:05:00Z,M7.7,GOES-15,1283,1283,7910,7.0,14.0,sci_xrsf-l2-flrpt_geo_y2011_v1-0-1.csv
NCEI_GOES_FLRPT_2011_V1_0_1,201109062210,2011-09-06T22:10:00Z,2011-09-06T22:20:00Z,2011-09-06T22:24:00Z,X3.0,GOES-15,1283,1283,8110,18.0,14.0,sci_xrsf-l2-flrpt_geo_y2011_v1-0-1.csv
NCEI_GOES_FLRPT_2011_V1_0_1,201109072231,2011-09-07T22:31:00Z,2011-09-07T22:38:00Z,2011-09-07T22:44:00Z,X2.5,GOES-15,1283,1283,8310,28.0,14.0,sci_xrsf-l2-flrpt_geo_y2011_v1-0-1.csv
NCEI_GOES_FLRPT_2011_V1_0_1,201109081527,2011-09-08T15:27:00Z,2011-09-08T15:46:00Z,2011-09-08T15:52:00Z,M9.6,GOES-15,1283,1283,8480,40.0,14.0,sci_xrsf-l2-flrpt_geo_y2011_v1-0-1.csv
NCEI_GOES_FLRPT_2011_V1_0_1,201109091238,2011-09-09T12:38:00Z,2011-09-09T12:49:00Z,2011-09-09T12:56:00Z,M1.7,GOES-15,1283,1283,8890,52.0,13.0,sci_xrsf-l2-flrpt_geo_y2011_v1-0-1.csv
NCEI_GOES_FLRPT_2011_V1_0_1,201109100713,2011-09-10T07:13:00Z,2011-09-10T07:30:00Z,,M1.5,GOES-15,,,,,,sci_xrsf-l2-flrpt_geo_y2011_v1-0-1.csv
NCEI_GOES_FLRPT_2011_V1_0_1,201109100734,2011-09-10T07:34:00Z,2011-09-10T07:40:00Z,2011-09-10T07:43:00Z,M1.5,GOES-15,1283,1283,9350,61.0,12.0,sci_xrsf-l2-flrpt_geo_y2011_v1-0-1.csv
NCEI_GOES_FLRPT_2011_V1_0_1,201109122038,2011-09-12T20:38:00Z,2011-09-12T20:54:00Z,,M1.4,GOES-15,1295,1295,9940,,,sci_xrsf-l2-flrpt_geo_y2011_v1-0-1.csv
NCEI_GOES_FLRPT_2011_V1_0_1,201109122102,2011-09-12T21:02:00Z,2011-09-12T21:09:00Z,2011-09-12T21:12:00Z,M1.3,GOES-15,,,,,,sci_xrsf-l2-flrpt_geo_y2011_v1-0-1.csv
NCEI_GOES_FLRPT_2011_V1_0_1,201109142040,2011-09-14T20:40:00Z,2011-09-14T20:51:00Z,2011-09-14T20:54:00Z,M1.3,GOES-15,1297,1297,370,48.0,-18.0,sci_xrsf-l2-flrpt_geo_y2011_v1-0-1.csv
NCEI_GOES_FLRPT_2011_V1_0_1,201109160001,2011-09-16T00:01:00Z,2011-09-16T00:19:00Z,2011-09-16T00:27:00Z,M1.1,GOES-15,1297,1297,700,64.0,-16.0,sci_xrsf-l2-flrpt_geo_y2011_v1-0-1.csv
NCEI_GOES_FLRPT_2011_V1_0_1,201109161126,2011-09-16T11:26:00Z,2011-09-16T11:36:00Z,2011-09-16T11:39:00Z,M1.3,GOES-15,1290,1290,810,59.0,-12.0,sci_xrsf-l2-flrpt_geo_y2011_v1-0-1.csv
NCEI_GOES_FLRPT_2011_V1_0_1,201109211200,2011-09-21T12:00:00Z,2011-09-21T12:23:00Z,2011-09-21T12:45:00Z,M2.6,GOES-15,1302,1302,2440,,,sci_xrsf-l2-flrpt_geo_y2011_v1-0-1.csv
NCEI_GOES_FLRPT_2011_V1_0_1,201109220859,2011-09-22T08:59:00Z,2011-09-22T09:05:00Z,2011-09-22T09:09:00Z,M1.2,GOES-15,1302,1302,2830,-83.0,15.0,sci_xrsf-l2-flrpt_geo_y2011_v1-0-1.csv
NCEI_GOES_FLRPT_2011_V1_0_1,201109220952,2011-09-22T09:52:00Z,2011-09-22T10:00:00Z,2011-09-22T10:09:00Z,M1.6,GOES-15,1302,1302,2850,,,sci_xrsf-l2-flrpt_geo_y2011_v1-0-1.csv
NCEI_GOES_FLRPT_2011_V1_0_1,201109221025,2011-09-22T10:25:00Z,2011-09-22T11:01:00Z,2011-09-22T11:44:00Z,X2.1,GOES-15,1302,1302,2870,,,sci_xrsf-l2-flrpt_geo_y2011_v1-0-1.csv
NCEI_GOES_FLRPT_2011_V1_0_1,201109230024,2011-09-23T00:24:00Z,2011-09-23T00:33:00Z,2011-09-23T00:37:00Z,M1.3,GOES-15,,,3060,,,sci_xrsf-l2-flrpt_geo_y2011_v1-0-1.csv
NCEI_GOES_FLRPT_2011_V1_0_1,201109230133,2011-09-23T01:33:00Z,2011-09-23T01:59:00Z,2011-09-23T02:11:00Z,M2.3,GOES-15,1295,1295,3070,63.0,25.0,sci_xrsf-l2-flrpt_geo_y2011_v1-0-1.csv
NCEI_GOES_FLRPT_2011_V1_0_1,201109232139,2011-09-23T21:39:00Z,2011-09-23T21:43:00Z,2011-09-23T21:48:00Z,M1.3,GOES-15,1295,1295,3340,74.0,24.0,sci_xrsf-l2-flrpt_geo_y2011_v1-0-1.csv
NCEI_GOES_FLRPT_2011_V1_0_1,201109232154,2011-09-23T21:54:00Z,2011-09-23T22:16:00Z,2011-09-23T22:34:00Z,M2.3,GOES-15,1295,1295,3350,73.0,23.0,sci_xrsf-l2-flrpt_geo_y2011_v1-0-1.csv
NCEI_GOES_FLRPT_2011_V1_0_1,201109232348,2011-09-23T23:48:00Z,2011-09-23T23:56:00Z,2011-09-24T00:04:00Z,M2.8,GOES-15,1302,1302,3400,-52.0,11.0,sci_xrsf-l2-flrpt_geo_y2011_v1-0-1.csv
NCEI_GOES_FLRPT_2011_V1_0_1,201109240929,2011-09-24T09:29:00Z,2011-09-24T09:40:00Z,2011-09-24T09:48:00Z,X2.7,GOES-15,1302,1302,3540,-60.0,12.0,sci_xrsf-l2-flrpt_geo_y2011_v1-0-1.csv
NCEI_GOES_FLRPT_2011_V1_0_1,201109241223,2011-09-24T12:23:00Z,2011-09-24T13:20:00Z,2011-09-24T14:10:00Z,X1.0,GOES-15,1302,1302,3590,,,sci_xrsf-l2-flrpt_geo_y2011_v1-0-1.csv
NCEI_GOES_FLRPT_2011_V1_0_1,201109241647,2011-09-24T16:47:00Z,2011-09-24T16:59:00Z,2011-09-24T17:09:00Z,M2.5,GOES-15,1295,1295,3890,,,sci_xrsf-l2-flrpt_geo_y2011_v1-0-1.csv
NCEI_GOES_FLRPT_2011_V1_0_1,201109241719,2011-09-24T17:19:00Z,2011-09-24T17:25:00Z,2011-09-24T17:31:00Z,M4.5,GOES-15,1302,1302,3690,,,sci_xrsf-l2-flrpt_geo_y2011_v1-0-1.csv
NCEI_GOES_FLRPT_2011_V1_0_1,201109241755,2011-09-24T17:55:00Z,2011-09-24T18:05:00Z,,M4.0,GOES-15,,,,,,sci_xrsf-l2-flrpt_geo_y2011_v1-0-1.csv
NCEI_GOES_FLRPT_2011_V1_0_1,201109241811,2011-09-24T18:11:00Z,2011-09-24T18:15:00Z,2011-09-24T18:20:00Z,M4.0,GOES-15,1302,1302,3750,-56.0,15.0,sci_xrsf-l2-flrpt_geo_y2011_v1-0-1.csv
NCEI_GOES_FLRPT_2011_V1_0_1,201109241908,2011-09-24T19:08:00Z,2011-09-24T19:21:00Z,2011-09-24T19:41:00Z,M4.4,GOES-15,1302,1302,3760,,,sci_xrsf-l2-flrpt_geo_y2011_v1-0-1.csv
NCEI_GOES_FLRPT_2011_V1_0_1,201109242023,2011-09-24T20:23:00Z,2011-09-24T20:36:00Z,2011-09-24T20:43:00Z,M8.3,GOES-15,1302,1302,3830,,,sci_xrsf-l2-flrpt_geo_y2011_v1-0-1.csv
NCEI_GOES_FLRPT_2011_V1_0_1,201109242121,2011-09-24T21:21:00Z,2011-09-24T21:27:00Z,2011-09-24T21:32:00Z,M1.8,GOES-15,1303,1303,3920,67.0,-29.0,sci_xrsf-l2-flrpt_geo_y2011_v1-0-1.csv
NCEI_GOES_FLRPT_2011_V1_0_1,201109242344,2011-09-24T23:44:00Z,2011-09-24T23:58:00Z,2011-09-25T00:09:00Z,M1.5,GOES-15,1303,1303,3900,68.0,-29.0,sci_xrsf-l2-flrpt_geo_y2011_v1-0-1.csv
NCEI_GOES_FLRPT_2011_V1_0_1,201109250218,2011-09-25T02:18:00Z,2011-09-25T02:33:00Z,2011-09-25T02:37:00Z,M6.4,GOES-15,1302,1302,3990,-49.0,12.0,sci_xrsf-l2-flrpt_geo_y2011_v1-0-1.csv
NCEI_GOES_FLRPT_2011_V1_0_1,201109250326,2011-09-25T03:26:00Z,2011-09-25T03:32:00Z,2011-09-25T03:37:00Z,M1.1,GOES-15,1302,1302,4010,-51.0,14.0,sci_xrsf-l2-flrpt_geo_y2011_v1-0-1.csv
NCEI_GOES_FLRPT_2011_V1_0_1,201109250424,2011-09-25T04:24:00Z,2011-09-25T04:50:00Z,2011-09-25T05:05:00Z,X1.0,GOES-15,1302,1302,4070,-47.0,11.0,sci_xrsf-l2-flrpt_geo_y2011_v1-0-1.csv
NCEI_GOES_FLRPT_2011_V1_0_1,201109250846,2011-09-25T08:46:00Z,2011-09-25T08:49:00Z,2011-09-25T08:52:00Z,M4.5,GOES-15,1302,1302,4180,-45.0,15.0,sci_xrsf-l2-flrpt_geo_y2011_v1-0-1.csv
NCEI_GOES_FLRPT_2011_V1_0_1,201109250920,2011-09-25T09:20:00Z,2011-09-25T09:35:00Z,2011-09-25T09:57:00Z,M2.2,GOES-15,1303,1303,4200,,,sci_xrsf-l2-flrpt_geo_y2011_v1-0-1.csv
NCEI_GOES_FLRPT_2011_V1_0_1,201109251520,2011-09-25T15:20:00Z,2011-09-25T15:33:00Z,2011-09-25T15:39:00Z,M5.3,GOES-15,1302,1302,4340,-43.0,16.0,sci_xrsf-l2-flrpt_geo_y2011_v1-0-1.csv
NCEI_GOES_FLRPT_2011_V1_0_1,201109251610,2011-09-25T16:10:00Z,2011-09-25T16:17:00Z,2011-09-25T16:23:00Z,M1.6,GOES-15,,,,,,sci_xrsf-l2-flrpt_geo_y2011_v1-0-1.csv
NCEI_GOES_FLRPT_2011_V1_0_1,201109251651,2011-09-25T16:51:00Z,2011-09-25T16:58:00Z,2011-09-25T17:09:00Z,M3.1,GOES-15,1302,1302,4380,75.0,-28.0,sci_xrsf-l2-flrpt_geo_y2011_v1-0-1.csv
NCEI_GOES_FLRPT_2011_V1_0_1,201109252210,2011-09-25T22:10:00Z,2011-09-25T22:19:00Z,,M1.2,GOES-15,,,4740,,,sci_xrsf-l2-flrpt_geo_y2011_v1-0-1.csv
NCEI_GOES_FLRPT_2011_V1_0_1,201109252229,2011-09-25T22:29:00Z,2011-09-25T22:32:00Z,2011-09-25T22:36:00Z,M1.2,GOES-15,1303,1303,4520,77.0,-28.0,sci_xrsf-l2-flrpt_geo_y2011_v1-0-1.csv
NCEI_GOES_FLRPT_2011_V1_0_1,201109260137,2011-09-26T01:37:00Z,2011-09-26T01:47:00Z,2011-09-26T01:57:00Z,M1.3,GOES-15,1303,1303,4590,78.0,-28.0,sci_xrsf-l2-flrpt_geo_y2011_v1-0-1.csv
NCEI_GOES_FLRPT_2011_V1_0_1,201109260745,2011-09-26T07:45:00Z,2011-09-26T07:50:00Z,2011-09-26T07:52:00Z,M1.2,GOES-15,1302,1302,4700,-33.0,13.0,sci_xrsf-l2-flrpt_geo_y2011_v1-0-1.csv
NCEI_GOES_FLRPT_2011_V1_0_1,201109261433,2011-09-26T14:33:00Z,2011-09-26T14:46:00Z,2011-09-26T15:02:00Z,M3.7,GOES-15,1302,1302,4800,-30.0,14.0,sci_xrsf-l2-flrpt_geo_y2011_v1-0-1.csv
NCEI_GOES_FLRPT_2011_V1_0_1,201109281222,2011-09-28T12:22:00Z,2011-09-28T12:32:00Z,2011-09-28T12:38:00Z,M1.3,GOES-15,1302,1302,5470,1.0,15.0,sci_xrsf-l2-flrpt_geo_y2011_v1-0-1.csv
NCEI_GOES_FLRPT_2011_V1_0_1,201109281318,2011-09-28T13:18:00Z,2011-09-28T13:28:00Z,2011-09-28T13:30:00Z,M1.7,GOES-15,1302,1302,5480,-3.0,13.0,sci_xrsf-l2-flrpt_geo_y2011_v1-0-1.csv
NCEI_GOES_FLRPT_2011_V1_0_1,201109300346,2011-09-30T03:46:00Z,2011-09-30T04:00:00Z,2011-09-30T04:12:00Z,M1.1,GOES-15,1305,1305,5980,-10.0,8.0,sci_xrsf-l2-flrpt_geo_y2011_v1-0-1.csv
NCEI_GOES_FLRPT_2011_V1_0_1,201109301854,2011-09-30T18:54:00Z,2011-09-30T19:06:00Z,2011-09-30T19:15:00Z,M1.4,GOES-15,1305,1305,6180,-6.0,8.0,sci_xrsf-l2-flrpt_geo_y2011_v1-0-1.csv
NCEI_GOES_FLRPT_2011_V1_0_1,201110010942,2011-10-01T09:42:00Z,2011-10-01T09:59:00Z,2011-10-01T10:11:00Z,M1.8,GOES-15,1305,1305,6390,6.0,10.0,sci_xrsf-l2-flrpt_geo_y2011_v1-0-1.csv
NCEI_GOES_FLRPT_2011_V1_0_1,201110020031,2011-10-02T00:31:00Z,2011-10-02T00:50:00Z,2011-10-02T00:59:00Z,M5.6,GOES-15,1305,1305,6590,12.0,9.0,sci_xrsf-l2-flrpt_geo_y2011_v1-0-1.csv
NCEI_GOES_FLRPT_2011_V1_0_1,201110021719,2011-10-02T17:19:00Z,2011-10-02T17:23:00Z,2011-10-02T17:26:00Z,M1.9,GOES-15,1302,1302,6820,56.0,9.0,sci_xrsf-l2-flrpt_geo_y2011_v1-0-1.csv
NCEI_GOES_FLRPT_2011_V1_0_1,201110022138,2011-10-02T21:38:00Z,2011-10-02T21:49:00Z,2011-10-02T22:05:00Z,M1.0,GOES-15,1305,1305,6910,25.0,9.0,sci_xrsf-l2-flrpt_geo_y2011_v1-0-1.csv
NCEI_GOES_FLRPT_2011_V1_0_1,201110022351,2011-10-02T23:51:00Z,2011-10-03T00:30:00Z,2011-10-03T01:02:00Z,M1.0,GOES-15,1302,1302,6970,55.0,14.0,sci_xrsf-l2-flrpt_geo_y2011_v1-0-1.csv
NCEI_GOES_FLRPT_2011_V1_0_1,201110040852,2011-10-04T08:52:00Z,2011-10-04T09:23:00Z,2011-10-04T10:02:00Z,M1.0,GOES-15,1302,1302,7130,72.0,13.0,sci_xrsf-l2-flrpt_geo_y2011_v1-0-1.csv
NCEI_GOES_FLRPT_2011_V1_0_1,201110051236,2011-10-05T12:36:00Z,2011-10-05T12:42:00Z,2011-10-05T12:56:00Z,M1.3,GOES-15,1313,1313,7330,-74.0,-13.0,sci_xrsf-l2-flrpt_geo_y2011_v1-0-1.csv
NCEI_GOES_FLRPT_2011_V1_0_1,201110200306,2011-10-20T03:06:00Z,2011-10-20T03:25:00Z,2011-10-20T03:44:00Z,M2.3,GOES-15,,,320,,,sci_xrsf-l2-flrpt_geo_y2011_v1-0-1.csv
NCEI_GOES_FLRPT_2011_V1_0_1,201110211248,2011-10-21T12:48:00Z,2011-10-21T13:00:00Z,2011-10-21T13:08:00Z,M1.8,GOES-15,1319,1319,560,,,sci_xrsf-l2-flrpt_geo_y2011_v1-0-1.csv
NCEI_GOES_FLRPT_2011_V1_0_1,201110221004,2011-10-22T10:04:00Z,2011-10-22T11:10:00Z,,M1.8,GOES-15,1314,1314,650,77.0,25.0,sci_xrsf-l2-flrpt_geo_y2011_v1-0-1.csv
NCEI_GOES_FLRPT_2011_V1_0_1,201110221151,2011-10-22T11:51:00Z,2011-10-22T11:55:00Z,2011-10-22T11:58:00Z,M1.7,GOES-15,,,,,,sci_xrsf-l2-flrpt_geo_y2011_v1-0-1.csv
NCEI_GOES_FLRPT_2011_V1_0_1,201110311450,2011-10-31T14:50:00Z,2011-10-31T15:08:00Z,2011-10-31T15:28:00Z,M1.6,GOES-15,,,2230,,,sci_xrsf-l2-flrpt_geo_y2011_v1-0-1.csv
NCEI_GOES_FLRPT_2011_V1_0_1,201110311718,2011-10-31T17:18:00Z,2011-10-31T17:43:00Z,,M1.1,GOES-15,,,,,,sci_xrsf-l2-flrpt_geo_y2011_v1-0-1.csv
NCEI_GOES_FLRPT_2011_V1_0_1,201110311753,2011-10-31T17:53:00Z,2011-10-31T18:08:00Z,2011-10-31T18:27:00Z,M2.0,GOES-15,,,2240,,,sci_xrsf-l2-flrpt_geo_y2011_v1-0-1.csv
NCEI_GOES_FLRPT_2011_V1_0_1,201111021705,2011-11-02T17:05:00Z,2011-11-02T17:21:00Z,2011-11-02T17:51:00Z,M1.1,GOES-15,1339,1339,2680,-74.0,22.0,sci_xrsf-l2-flrpt_geo_y2011_v1-0-1.csv
NCEI_GOES_FLRPT_2011_V1_0_1,201111022150,2011-11-02T21:50:00Z,2011-11-02T22:01:00Z,2011-11-02T22:19:00Z,M6.2,GOES-15,1339,1339,2720,-73.0,20.0,sci_xrsf-l2-flrpt_geo_y2011_v1-0-1.csv
NCEI_GOES_FLRPT_2011_V1_0_1,201111031058,2011-11-03T10:58:00Z,2011-11-03T11:11:00Z,2011-11-03T11:20:00Z,M3.7,GOES-15,1339,1339,2910,-69.0,22.0,sci_xrsf-l2-flrpt_geo_y2011_v1-0-1.csv
NCEI_GOES_FLRPT_2011_V1_0_1,201111032014,2011-11-03T20:14:00Z,2011-11-03T20:27:00Z,2011-11-03T20:32:00Z,X2.8,GOES-15,1339,1339,3060,-63.0,22.0,sci_xrsf-l2-flrpt_geo_y2011_v1-0-1.csv
NCEI_GOES_FLRPT_2011_V1_0_1,201111032305,2011-11-03T23:05:00Z,2011-11-03T23:13:00Z,2011-11-03T23:19:00Z,M1.3,GOES-15,1339,1339,3120,,,sci_xrsf-l2-flrpt_geo_y2011_v1-0-1.csv
NCEI_GOES_FLRPT_2011_V1_0_1,201111032326,2011-11-03T23:26:00Z,2011-11-03T23:36:00Z,2011-11-03T23:44:00Z,M3.1,GOES-15,,,3130,,,sci_xrsf-l2-flrpt_geo_y2011_v1-0-1.csv
NCEI_GOES_FLRPT_2011_V1_0_1,201111040325,2011-11-04T03:25:00Z,2011-11-04T03:53:00Z,2011-11-04T04:15:00Z,M1.2,GOES-15,,,3260,,,sci_xrsf-l2-flrpt_geo_y2011_v1-0-1.csv
NCEI_GOES_FLRPT_2011_V1_0_1,201111042030,2011-11-04T20:30:00Z,2011-11-04T20:40:00Z,2011-11-04T20:46:00Z,M1.4,GOES-15,1339,1339,3360,-46.0,18.0,sci_xrsf-l2-flrpt_geo_y2011_v1-0-1.csv
NCEI_GOES_FLRPT_2011_V1_0_1,201111050247,2011-11-05T02:47:00Z,2011-11-05T03:35:00Z,2011-11-05T04:02:00Z,M5.4,GOES-15,1339,1339,3430,-45.0,20.0,sci_xrsf-l2-flrpt_geo_y2011_v1-0-1.csv
NCEI_GOES_FLRPT_2011_V1_0_1,201111051105,2011-11-05T11:05:00Z,2011-11-05T11:21:00Z,2011-11-05T11:43:00Z,M1.6,GOES-15,1339,1339,3550,-42.0,21.0,sci_xrsf-l2-flrpt_geo_y2011_v1-0-1.csv
NCEI_GOES_FLRPT_2011_V1_0_1,201111052020,2011-11-05T20:20:00Z,2011-11-05T20:38:00Z,2011-11-05T20:55:00Z,M2.6,GOES-15,1339,1339,3600,-34.0,21.0,sci_xrsf-l2-flrpt_geo_y2011_v1-0-1.csv
NCEI_GOES_FLRPT_2011_V1_0_1,201111060039,2011-11-06T00:39:00Z,2011-11-06T01:03:00Z,2011-11-06T01:24:00Z,M1.7,GOES-15,1339,1339,3670,-35.0,21.0,sci_xrsf-l2-flrpt_geo_y2011_v1-0-1.csv
NCEI_GOES_FLRPT_2011_V1_0_1,201111060627,2011-11-06T06:27:00Z,2011-11-06T06:35:00Z,2011-11-06T06:39:00Z,M2.0,GOES-15,1339,1339,3710,-31.0,21.0,sci_xrsf-l2-flrpt_geo_y2011_v1-0-1.csv
NCEI_GOES_FLRPT_2011_V1_0_1,201111060947,2011-11-06T09:47:00Z,2011-11-06T09:56:00Z,2011-11-06T09:59:00Z,M1.2,GOES-15,1339,1339,3730,-28.0,21.0,sci_xrsf-l2-flrpt_geo_y2011_v1-0-1.csv
NCEI_GOES_FLRPT_2011_V1_0_1,201111091301,2011-11-09T13:01:00Z,2011-11-09T13:35:00Z,2011-11-09T14:12:00Z,M1.6,GOES-15,1342,1342,4320,,,sci_xrsf-l2-flrpt_geo_y2011_v1-0-1.csv
NCEI_GOES_FLRPT_2011_V1_0_1,201111150903,2011-11-15T09:03:00Z,2011-11-15T09:12:00Z,2011-11-15T09:23:00Z,M1.7,GOES-15,1348,1348,5470,74.0,20.0,sci_xrsf-l2-flrpt_geo_y2011_v1-0-1.csv
NCEI_GOES_FLRPT_2011_V1_0_1,201111151230,2011-11-15T12:30:00Z,2011-11-15T12:43:00Z,2011-11-15T12:50:00Z,M2.8,GOES-15,1346,1346,5490,-30.0,-17.0,sci_xrsf-l2-flrpt_geo_y2011_v1-0-1.csv
NCEI_GOES_FLRPT_2011_V1_0_1,201111152022,2011-11-15T20:22:00Z,2011-11-15T20:34:00Z,2011-11-15T20:44:00Z,M1.1,GOES-15,1348,1348,5570,78.0,20.0,sci_xrsf-l2-flrpt_geo_y2011_v1-0-1.csv
NCEI_GOES_FLRPT_2011_V1_0_1,201111152223,2011-11-15T22:23:00Z,2011-11-15T22:35:00Z,2011-11-15T22:42:00Z,M1.6,GOES-15,1348,1348,5600,80.0,20.0,sci_xrsf-l2-flrpt_geo_y2011_v1-0-1.csv
NCEI_GOES_FLRPT_2011_V1_0_1,201111160440,2011-11-16T04:40:00Z,2011-11-16T04:55:00Z,2011-11-16T05:02:00Z,M1.0,GOES-15,1348,1348,5690,,,sci_xrsf-l2-flrpt_geo_y2011_v1-0-1.csv
NCEI_GOES_FLRPT_2011_V1_0_1,201111161444,2011-11-16T14:44:00Z,2011-11-16T15:05:00Z,2011-11-16T15:27:00Z,M1.1,GOES-15,1348,1348,5770,,,sci_xrsf-l2-flrpt_geo_y2011_v1-0-1.csv
NCEI_GOES_FLRPT_2011_V1_0_1,201112141448,2011-12-14T14:48:00Z,2011-12-14T14:59:00Z,2011-12-14T15:01:00Z,M1.0,GOES-15,,,510,,,sci_xrsf-l2-flrpt_geo_y2011_v1-0-1.csv
NCEI_GOES_FLRPT_2011_V1_0_1,201112141932,2011-12-14T19:32:00Z,2011-12-14T19:46:00Z,2011-12-14T19:57:00Z,M1.0,GOES-15,1367,1367,550,,,sci_xrsf-l2-flrpt_geo_y2011_v1-0-1.csv
NCEI_GOES_FLRPT_2011_V1_0_1,201112251116,2011-12-25T11:16:00Z,2011-12-25T11:26:00Z,2011-12-25T11:31:00Z,M1.2,GOES-15,1387,1387,2400,,,sci_xrsf-l2-flrpt_geo_y2011_v1-0-1.csv
NCEI_GOES_FLRPT_2011_V1_0_1,201112251808,2011-12-25T18:08:00Z,2011-12-25T18:16:00Z,2011-12-25T18:20:00Z,M5.7,GOES-15,1387,1387,2460,26.0,-22.0,sci_xrsf-l2-flrpt_geo_y2011_v1-0-1.csv
NCEI_GOES_FLRPT_2011_V1_0_1,201112252023,2011-12-25T20:23:00Z,2011-12-25T20:29:00Z,2011-12-25T20:33:00Z,M1.1,GOES-15,1387,1387,2500,24.0,-21.0,sci_xrsf-l2-flrpt_geo_y2011_v1-0-1.csv
NCEI_GOES_FLRPT_2011_V1_0_1,201112260207,2011-12-26T02:07:00Z,2011-12-26T02:27:00Z,2011-12-26T02:36:00Z,M2.1,GOES-15,1387,1387,2580,33.0,-21.0,sci_xrsf-l2-flrpt_geo_y2011_v1-0-1.csv
NCEI_GOES_FLRPT_2011_V1_0_1,201112262008,2011-12-26T20:08:00Z,2011-12-26T20:19:00Z,,M2.9,GOES-15,,,,,,sci_xrsf-l2-flrpt_geo_y2011_v1-0-1.csv
NCEI_GOES_FLRPT_2011_V1_0_1,201112262024,2011-12-26T20:24:00Z,2011-12-26T20:30:00Z,2011-12-26T20:33:00Z,M3.4,GOES-15,1387,1387,2830,42.0,-21.0,sci_xrsf-l2-flrpt_geo_y2011_v1-0-1.csv
NCEI_GOES_FLRPT_2011_V1_0_1,201112270410,2011-12-27T04:10:00Z,2011-12-27T04:22:00Z,2011-12-27T04:31:00Z,M1.2,GOES-15,1386,1386,2900,-32.0,-17.0,sci_xrsf-l2-flrpt_geo_y2011_v1-0-1.csv
NCEI_GOES_FLRPT_2011_V1_0_1,201112281413,2011-12-28T14:13:00Z,2011-12-28T14:25:00Z,2011-12-28T14:28:00Z,M1.0,GOES-15,1389,1389,3400,-85.0,-23.0,sci_xrsf-l2-flrpt_geo_y2011_v1-0-1.csv
NCEI_GOES_FLRPT_2011_V1_0_1,201112290709,2011-12-29T07:09:00Z,2011-12-29T07:18:00Z,2011-12-29T07:22:00Z,M1.0,GOES-15,1389,1389,3660,-74.0,-25.0,sci_xrsf-l2-flrpt_geo_y2011_v1-0-1.csv
NCEI_GOES_FLRPT_2011_V1_0_1,201112291334,2011-12-29T13:34:00Z,2011-12-29T13:49:00Z,2011-12-29T14:01:00Z,M2.7,GOES-15,1389,1389,3760,,,sci_xrsf-l2-flrpt_geo_y2011_v1-0-1.csv
NCEI_GOES_FLRPT_2011_V1_0_1,201112292141,2011-12-29T21:41:00Z,2011-12-29T21:51:00Z,2011-12-29T21:59:00Z,M2.9,GOES-15,1389,1389,3880,-65.0,-27.0,sci_xrsf-l2-flrpt_geo_y2011_v1-0-1.csv
NCEI_GOES_FLRPT_2011_V1_0_1,201112300258,2011-12-30T02:58:00Z,2011-12-30T03:09:00Z,2011-12-30T03:13:00Z,M1.8,GOES-15,1389,1389,3920,-64.0,-27.0,sci_xrsf-l2-flrpt_geo_y2011_v1-0-1.csv
NCEI_GOES_FLRPT_2011_V1_0_1,201112301022,2011-12-30T10:22:00Z,2011-12-30T10:32:00Z,2011-12-30T10:37:00Z,M1.2,GOES-15,1389,1389,4040,,,sci_xrsf-l2-flrpt_geo_y2011_v1-0-1.csv
NCEI_GOES_FLRPT_2011_V1_0_1,201112311304,2011-12-31T13:04:00Z,2011-12-31T13:15:00Z,2011-12-31T13:19:00Z,M3.5,GOES-15,1389,1389,4350,-44.0,-25.0,sci_xrsf-l2-flrpt_geo_y2011_v1-0-1.csv
NCEI_GOES_FLRPT_2011_V1_0_1,201112311616,2011-12-31T16:16:00Z,2011-12-31T16:26:00Z,2011-12-31T16:34:00Z,M2.2,GOES-15,1389,1389,4410,-42.0,-26.0,sci_xrsf-l2-flrpt_geo_y2011_v1-0-1.csv
NCEI_GOES_FLRPT_2012_V1_0_1,201201141234,2012-01-14T12:34:00Z,2012-01-14T13:18:00Z,2012-01-14T13:22:00Z,M2.1,GOES-15,1401,1401,6580,,,sci_xrsf-l2-flrpt_geo_y2012_v1-0-1.csv
NCEI_GOES_FLRPT_2012_V1_0_1,201201170439,2012-01-17T04:39:00Z,2012-01-17T04:53:00Z,2012-01-17T05:07:00Z,M1.5,GOES-15,1401,1401,6860,-54.0,18.0,sci_xrsf-l2-flrpt_geo_y2012_v1-0-1.csv
NCEI_GOES_FLRPT_2012_V1_0_1,201201181901,2012-01-18T19:01:00Z,2012-01-18T19:12:00Z,2012-01-18T19:27:00Z,M2.4,GOES-15,1401,1401,7070,-33.0,17.0,sci_xrsf-l2-flrpt_geo_y2012_v1-0-1.csv
NCEI_GOES_FLRPT_2012_V1_0_1,201201191434,2012-01-19T14:34:00Z,2012-01-19T16:04:00Z,2012-01-19T17:42:00Z,M4.6,GOES-15,1402,1402,7360,-22.0,32.0,sci_xrsf-l2-flrpt_geo_y2012_v1-0-1.csv
NCEI_GOES_FLRPT_2012_V1_0_1,201201220249,2012-01-22T02:49:00Z,2012-01-22T02:57:00Z,2012-01-22T03:02:00Z,M1.0,GOES-15,,,7720,,,sci_xrsf-l2-flrpt_geo_y2012_v1-0-1.csv
NCEI_GOES_FLRPT_2012_V1_0_1,201201230205,2012-01-23T02:05:00Z,2012-01-23T03:14:00Z,,M1.6,GOES-15,,,,,,sci_xrsf-l2-flrpt_geo_y2012_v1-0-1.csv
NCEI_GOES_FLRPT_2012_V1_0_1,201201230333,2012-01-23T03:33:00Z,2012-01-23T03:59:00Z,2012-01-23T04:35:00Z,X1.2,GOES-15,1402,1402,7980,21.0,28.0,sci_xrsf-l2-flrpt_geo_y2012_v1-0-1.csv
NCEI_GOES_FLRPT_2012_V1_0_1,201201260136,2012-01-26T01:36:00Z,2012-01-26T01:49:00Z,2012-01-26T02:00:00Z,M1.1,GOES-15,1402,1402,8330,,,sci_xrsf-l2-flrpt_geo_y2012_v1-0-1.csv
NCEI_GOES_FLRPT_2012_V1_0_1,201201271758,2012-01-27T17:58:00Z,2012-01-27T18:37:00Z,2012-01-27T18:56:00Z,X2.5,GOES-15,1402,1402,8490,71.0,27.0,sci_xrsf-l2-flrpt_geo_y2012_v1-0-1.csv
NCEI_GOES_FLRPT_2012_V1_0_1,201202061926,2012-02-06T19:26:00Z,2012-02-06T20:00:00Z,2012-02-06T20:18:00Z,M1.4,GOES-15,1410,1410,8930,60.0,19.0,sci_xrsf-l2-flrpt_geo_y2012_v1-0-1.csv
NCEI_GOES_FLRPT_2012_V1_0_1,201202110950,2012-02-11T09:50:00Z,2012-02-11T10:04:00Z,2012-02-11T10:11:00Z,M1.1,GOES-15,,,9400,,,sci_xrsf-l2-flrpt_geo_y2012_v1-0-1.csv
NCEI_GOES_FLRPT_2012_V1_0_1,201202111835,2012-02-11T18:35:00Z,2012-02-11T18:54:00Z,,M1.1,GOES-15,1419,1419,9490,,,sci_xrsf-l2-flrpt_geo_y2012_v1-0-1.csv
NCEI_GOES_FLRPT_2012_V1_0_1,201203021723,2012-03-02T17:23:00Z,2012-03-02T17:46:00Z,2012-03-02T18:07:00Z,M4.8,GOES-15,1429,1429,610,-83.0,16.0,sci_xrsf-l2-flrpt_geo_y2012_v1-0-1.csv
NCEI_GOES_FLRPT_2012_V1_0_1,201203041024,2012-03-04T10:24:00Z,2012-03-04T10:52:00Z,2012-03-04T12:16:00Z,M2.9,GOES-15,1429,1429,900,-61.0,19.0,sci_xrsf-l2-flrpt_geo_y2012_v1-0-1.csv
NCEI_GOES_FLRPT_2012_V1_0_1,201203050222,2012-03-05T02:22:00Z,2012-03-05T04:09:00Z,2012-03-05T04:43:00Z,X1.6,GOES-15,1429,1429,1140,-52.0,17.0,sci_xrsf-l2-flrpt_geo_y2012_v1-0-1.csv
NCEI_GOES_FLRPT_2012_V1_0_1,201203051524,2012-03-05T15:24:00Z,2012-03-05T15:29:00Z,2012-03-05T15:33:00Z,M1.1,GOES-15,1429,1429,1320,-48.0,15.0,sci_xrsf-l2-flrpt_geo_y2012_v1-0-1.csv
NCEI_GOES_FLRPT_2012_V1_0_1,201203051610,2012-03-05T16:10:00Z,2012-03-05T16:22:00Z,2012-03-05T16:26:00Z,M1.4,GOES-15,1429,1429,1340,-47.0,15.0,sci_xrsf-l2-flrpt_geo_y2012_v1-0-1.csv
NCEI_GOES_FLRPT_2012_V1_0_1,201203051907,2012-03-05T19:07:00Z,2012-03-05T19:16:00Z,2012-03-05T19:22:00Z,M3.0,GOES-15,1429,1429,1430,-44.0,14.0,sci_xrsf-l2-flrpt_geo_y2012_v1-0-1.csv
NCEI_GOES_FLRPT_2012_V1_0_1,201203052226,2012-03-05T22:26:00Z,2012-03-05T22:34:00Z,2012-03-05T22:42:00Z,M1.9,GOES-15,1429,1429,1480,,,sci_xrsf-l2-flrpt_geo_y2012_v1-0-1.csv
NCEI_GOES_FLRPT_2012_V1_0_1,201203060022,2012-03-06T00:22:00Z,2012-03-06T00:28:00Z,2012-03-06T00:31:00Z,M1.9,GOES-15,1429,1429,1530,-41.0,16.0,sci_xrsf-l2-flrpt_geo_y2012_v1-0-1.csv
NCEI_GOES_FLRPT_2012_V1_0_1,201203060136,2012-03-06T01:36:00Z,2012-03-06T01:44:00Z,2012-03-06T01:50:00Z,M1.8,GOES-15,1429,1429,1570,,,sci_xrsf-l2-flrpt_geo_y2012_v1-0-1.csv
NCEI_GOES_FLRPT_2012_V1_0_1,201203060315,2012-03-06T03:15:00Z,2012-03-06T03:28:00Z,2012-03-06T03:32:00Z,M1.3,GOES-15,1429,1429,1600,-40.0,16.0,sci_xrsf-l2-flrpt_geo_y2012_v1-0-1.csv
NCEI_GOES_FLRPT_2012_V1_0_1,201203060355,2012-03-06T03:55:00Z,2012-03-06T04:05:00Z,2012-03-06T04:08:00Z,M1.4,GOES-15,1429,1429,1630,-39.0,16.0,sci_xrsf-l2-flrpt_geo_y2012_v1-0-1.csv
NCEI_GOES_FLRPT_2012_V1_0_1,201203060748,2012-03-06T07:48:00Z,2012-03-06T07:55:00Z,2012-03-06T07:59:00Z,M1.4,GOES-15,1429,1429,1700,,,sci_xrsf-l2-flrpt_geo_y2012_v1-0-1.csv
NCEI_GOES_FLRPT_2012_V1_0_1,201203061221,2012-03-06T12:21:00Z,2012-03-06T12:41:00Z,2012-03-06T12:54:00Z,M3.1,GOES-15,1429,1429,1760,-36.0,18.0,sci_xrsf-l2-flrpt_geo_y2012_v1-0-1.csv
NCEI_GOES_FLRPT_2012_V1_0_1,201203062104,2012-03-06T21:04:00Z,2012-03-06T21:11:00Z,2012-03-06T21:14:00Z,M1.8,GOES-15,,,1880,,,sci_xrsf-l2-flrpt_geo_y2012_v1-0-1.csv
NCEI_GOES_FLRPT_2012_V1_0_1,201203062237,2012-03-06T22:37:00Z,2012-03-06T22:53:00Z,2012-03-06T23:19:00Z,M1.4,GOES-15,1429,1429,1900,,,sci_xrsf-l2-flrpt_geo_y2012_v1-0-1.csv
NCEI_GOES_FLRPT_2012_V1_0_1,201203062359,2012-03-06T23:59:00Z,2012-03-07T00:24:00Z,2012-03-07T00:40:00Z,X7.7,GOES-15,1429,1429,1920,-27.0,17.0,sci_xrsf-l2-flrpt_geo_y2012_v1-0-1.csv
NCEI_GOES_FLRPT_2012_V1_0_1,201203070433,2012-03-07T04:33:00Z,2012-03-07T04:43:00Z,2012-03-07T04:54:00Z,M1.1,GOES-15,,,,,,sci_xrsf-l2-flrpt_geo_y2012_v1-0-1.csv
NCEI_GOES_FLRPT_2012_V1_0_1,201203080247,2012-03-08T02:47:00Z,2012-03-08T02:53:00Z,2012-03-08T02:56:00Z,M1.0,GOES-15,1428,1428,2160,3.0,-18.0,sci_xrsf-l2-flrpt_geo_y2012_v1-0-1.csv
NCEI_GOES_FLRPT_2012_V1_0_1,201203090321,2012-03-09T03:21:00Z,2012-03-09T03:27:00Z,,M2.3,GOES-15,,,,,,sci_xrsf-l2-flrpt_geo_y2012_v1-0-1.csv
NCEI_GOES_FLRPT_2012_V1_0_1,201203090329,2012-03-09T03:29:00Z,2012-03-09T03:53:00Z,2012-03-09T04:13:00Z,M9.1,GOES-15,1429,1429,2310,,,sci_xrsf-l2-flrpt_geo_y2012_v1-0-1.csv
NCEI_GOES_FLRPT_2012_V1_0_1,201203091956,2012-03-09T19:56:00Z,2012-03-09T20:25:00Z,2012-03-09T20:49:00Z,M1.3,GOES-15,1432,1432,2400,,,sci_xrsf-l2-flrpt_geo_y2012_v1-0-1.csv
NCEI_GOES_FLRPT_2012_V1_0_1,201203101536,2012-03-10T15:36:00Z,2012-03-10T15:52:00Z,2012-03-10T16:07:00Z,M1.1,GOES-15,1430,1430,2550,,,sci_xrsf-l2-flrpt_geo_y2012_v1-0-1.csv
NCEI_GOES_FLRPT_2012_V1_0_1,201203101715,2012-03-10T17:15:00Z,2012-03-10T17:27:00Z,,M7.8,GOES-15,,,,,,sci_xrsf-l2-flrpt_geo_y2012_v1-0-1.csv
NCEI_GOES_FLRPT_2012_V1_0_1,201203101732,2012-03-10T17:32:00Z,2012-03-10T17:44:00Z,2012-03-10T18:08:00Z,X1.2,GOES-15,1429,1429,2560,,,sci_xrsf-l2-flrpt_geo_y2012_v1-0-1.csv
NCEI_GOES_FLRPT_2012_V1_0_1,201203131657,2012-03-13T16:57:00Z,2012-03-13T17:41:00Z,2012-03-13T18:25:00Z,X1.1,GOES-15,1429,1429,3060,,,sci_xrsf-l2-flrpt_geo_y2012_v1-0-1.csv
NCEI_GOES_FLRPT_2012_V1_0_1,201203141507,2012-03-14T15:07:00Z,2012-03-14T15:21:00Z,2012-03-14T15:36:00Z,M4.0,GOES-15,1432,1432,3130,-5.0,14.0,sci_xrsf-l2-flrpt_geo_y2012_v1-0-1.csv
NCEI_GOES_FLRPT_2012_V1_0_1,201203150737,2012-03-15T07:37:00Z,2012-03-15T07:52:00Z,2012-03-15T08:07:00Z,M2.6,GOES-15,1432,1432,3220,3.0,14.0,sci_xrsf-l2-flrpt_geo_y2012_v1-0-1.csv
NCEI_GOES_FLRPT_2012_V1_0_1,201203172030,2012-03-17T20:30:00Z,2012-03-17T20:39:00Z,2012-03-17T20:42:00Z,M2.0,GOES-15,1434,1434,3410,25.0,-20.0,sci_xrsf-l2-flrpt_geo_y2012_v1-0-1.csv
NCEI_GOES_FLRPT_2012_V1_0_1,201203231934,2012-03-23T19:34:00Z,2012-03-23T19:40:00Z,2012-03-23T19:44:00Z,M1.4,GOES-15,1445,1445,4030,,,sci_xrsf-l2-flrpt_geo_y2012_v1-0-1.csv
NCEI_GOES_FLRPT_2012_V1_0_1,201204161724,2012-04-16T17:24:00Z,2012-04-16T17:40:00Z,2012-04-16T18:00:00Z,M2.5,GOES-15,,,,,,sci_xrsf-l2-flrpt_geo_y2012_v1-0-1.csv
NCEI_GOES_FLRPT_2012_V1_0_1,201204181228,2012-04-18T12:28:00Z,2012-04-18T12:39:00Z,2012-04-18T12:50:00Z,M1.2,GOES-15,1463,1463,6860,27.0,-27.0,sci_xrsf-l2-flrpt_geo_y2012_v1-0-1.csv
NCEI_GOES_FLRPT_2012_V1_0_1,201204191115,2012-04-19T11:15:00Z,2012-04-19T11:26:00Z,2012-04-19T11:43:00Z,M1.0,GOES-15,,,7140,,,sci_xrsf-l2-flrpt_geo_y2012_v1-0-1.csv
NCEI_GOES_FLRPT_2012_V1_0_1,201204270805,2012-04-27T08:05:00Z,2012-04-27T08:24:00Z,2012-04-27T08:29:00Z,M1.5,GOES-15,1466,1466,9140,30.0,11.0,sci_xrsf-l2-flrpt_geo_y2012_v1-0-1.csv
NCEI_GOES_FLRPT_2012_V1_0_1,201205051319,2012-05-05T13:19:00Z,2012-05-05T13:23:00Z,2012-05-05T13:29:00Z,M2.0,GOES-15,1476,1476,910,-82.0,13.0,sci_xrsf-l2-flrpt_geo_y2012_v1-0-1.csv
NCEI_GOES_FLRPT_2012_V1_0_1,201205052256,2012-05-05T22:56:00Z,2012-05-05T23:01:00Z,2012-05-05T23:04:00Z,M1.9,GOES-15,1476,1476,1060,-75.0,9.0,sci_xrsf-l2-flrpt_geo_y2012_v1-0-1.csv
NCEI_GOES_FLRPT_2012_V1_0_1,201205060111,2012-05-06T01:11:00Z,2012-05-06T01:18:00Z,2012-05-06T01:20:00Z,M1.6,GOES-15,1476,1476,1090,,,sci_xrsf-l2-flrpt_geo_y2012_v1-0-1.csv
NCEI_GOES_FLRPT_2012_V1_0_1,201205061741,2012-05-06T17:41:00Z,2012-05-06T17:47:00Z,2012-05-06T17:52:00Z,M1.9,GOES-15,1476,1476,1270,-64.0,10.0,sci_xrsf-l2-flrpt_geo_y2012_v1-0-1.csv
NCEI_GOES_FLRPT_2012_V1_0_1,201205071102,2012-05-07T11:02:00Z,2012-05-07T11:08:00Z,2012-05-07T11:11:00Z,M1.1,GOES-15,1476,1476,1600,,,sci_xrsf-l2-flrpt_geo_y2012_v1-0-1.csv
NCEI_GOES_FLRPT_2012_V1_0_1,201205071359,2012-05-07T13:59:00Z,2012-05-07T14:31:00Z,2012-05-07T14:52:00Z,M2.7,GOES-15,1471,1471,1620,46.0,-19.0,sci_xrsf-l2-flrpt_geo_y2012_v1-0-1.csv
NCEI_GOES_FLRPT_2012_V1_0_1,201205071719,2012-05-07T17:19:00Z,2012-05-07T17:26:00Z,2012-05-07T17:30:00Z,M1.0,GOES-15,1476,1476,1680,-56.0,13.0,sci_xrsf-l2-flrpt_geo_y2012_v1-0-1.csv
NCEI_GOES_FLRPT_2012_V1_0_1,201205081258,2012-05-08T12:58:00Z,2012-05-08T13:08:00Z,2012-05-08T13:12:00Z,M2.1,GOES-15,1476,1476,1960,-44.0,13.0,sci_xrsf-l2-flrpt_geo_y2012_v1-0-1.csv
NCEI_GOES_FLRPT_2012_V1_0_1,201205091218,2012-05-09T12:18:00Z,2012-05-09T12:32:00Z,2012-05-09T12:36:00Z,M6.8,GOES-15,1476,1476,2390,-31.0,13.0,sci_xrsf-l2-flrpt_geo_y2012_v1-0-1.csv
NCEI_GOES_FLRPT_2012_V1_0_1,201205091402,2012-05-09T14:02:00Z,2012-05-09T14:08:00Z,2012-05-09T14:13:00Z,M2.7,GOES-15,1476,1476,2410,-22.0,6.0,sci_xrsf-l2-flrpt_geo_y2012_v1-0-1.csv
NCEI_GOES_FLRPT_2012_V1_0_1,201205092045,2012-05-09T20:45:00Z,2012-05-09T20:52:00Z,2012-05-09T20:55:00Z,M1.3,GOES-15,1476,1476,2530,,,sci_xrsf-l2-flrpt_geo_y2012_v1-0-1.csv
NCEI_GOES_FLRPT_2012_V1_0_1,201205092103,2012-05-09T21:03:00Z,2012-05-09T21:05:00Z,2012-05-09T21:09:00Z,M5.9,GOES-15,1476,1476,2540,,,sci_xrsf-l2-flrpt_geo_y2012_v1-0-1.csv
NCEI_GOES_FLRPT_2012_V1_0_1,201205100410,2012-05-10T04:10:00Z,2012-05-10T04:18:00Z,2012-05-10T04:23:00Z,M8.2,GOES-15,1476,1476,2720,-22.0,13.0,sci_xrsf-l2-flrpt_geo_y2012_v1-0-1.csv
NCEI_GOES_FLRPT_2012_V1_0_1,201205100504,2012-05-10T05:04:00Z,2012-05-10T05:10:00Z,2012-05-10T05:16:00Z,M1.1,GOES-15,1476,1476,2770,-17.0,10.0,sci_xrsf-l2-flrpt_geo_y2012_v1-0-1.csv
NCEI_GOES_FLRPT_2012_V1_0_1,201205100516,2012-05-10T05:16:00Z,2012-05-10T05:22:00Z,2012-05-10T05:25:00Z,M1.1,GOES-15,1476,1476,2780,,,sci_xrsf-l2-flrpt_geo_y2012_v1-0-1.csv
NCEI_GOES_FLRPT_2012_V1_0_1,201205102020,2012-05-10T20:20:00Z,2012-05-10T20:26:00Z,2012-05-10T20:30:00Z,M2.5,GOES-15,1476,1476,2980,,,sci_xrsf-l2-flrpt_geo_y2012_v1-0-1.csv
NCEI_GOES_FLRPT_2012_V1_0_1,201205130803,2012-05-13T08:03:00Z,2012-05-13T08:14:00Z,2012-05-13T08:20:00Z,M1.0,GOES-15,1476,1476,3820,27.0,8.0,sci_xrsf-l2-flrpt_geo_y2012_v1-0-1.csv
NCEI_GOES_FLRPT_2012_V1_0_1,201205170043,2012-05-17T00:43:00Z,2012-05-17T01:47:00Z,2012-05-17T02:15:00Z,M7.3,GOES-15,1476,1476,4620,76.0,11.0,sci_xrsf-l2-flrpt_geo_y2012_v1-0-1.csv
NCEI_GOES_FLRPT_2012_V1_0_1,201206031746,2012-06-03T17:46:00Z,2012-06-03T17:55:00Z,2012-06-03T17:57:00Z,M4.7,GOES-15,1496,1496,7410,,,sci_xrsf-l2-flrpt_geo_y2012_v1-0-1.csv
NCEI_GOES_FLRPT_2012_V1_0_1,201206061950,2012-06-06T19:50:00Z,2012-06-06T20:06:00Z,2012-06-06T20:13:00Z,M3.1,GOES-15,1494,1494,8400,5.0,-19.0,sci_xrsf-l2-flrpt_geo_y2012_v1-0-1.csv
NCEI_GOES_FLRPT_2012_V1_0_1,201206071523,2012-06-07T15:23:00Z,2012-06-07T15:43:00Z,2012-06-07T15:55:00Z,M1.3,GOES-15,1499,1499,8780,6.0,13.0,sci_xrsf-l2-flrpt_geo_y2012_v1-0-1.csv
NCEI_GOES_FLRPT_2012_V1_0_1,201206080248,2012-06-08T02:48:00Z,2012-06-08T03:07:00Z,2012-06-08T03:22:00Z,M1.1,GOES-15,1494,1494,8890,,,sci_xrsf-l2-flrpt_geo_y2012_v1-0-1.csv
NCEI_GOES_FLRPT_2012_V1_0_1,201206091111,2012-06-09T11:11:00Z,2012-06-09T11:32:00Z,2012-06-09T11:35:00Z,M2.8,GOES-15,1504,1504,9100,,,sci_xrsf-l2-flrpt_geo_y2012_v1-0-1.csv
NCEI_GOES_FLRPT_2012_V1_0_1,201206091642,2012-06-09T16:42:00Z,2012-06-09T16:53:00Z,2012-06-09T16:56:00Z,M2.6,GOES-15,1504,1504,9150,-74.0,-17.0,sci_xrsf-l2-flrpt_geo_y2012_v1-0-1.csv
NCEI_GOES_FLRPT_2012_V1_0_1,201206100637,2012-06-10T06:37:00Z,2012-06-10T06:45:00Z,2012-06-10T06:50:00Z,M1.9,GOES-15,1504,1504,9250,,,sci_xrsf-l2-flrpt_geo_y2012_v1-0-1.csv
NCEI_GOES_FLRPT_2012_V1_0_1,201206131150,2012-06-13T11:50:00Z,2012-06-13T13:12:00Z,2012-06-13T14:19:00Z,M1.7,GOES-15,,,,,,sci_xrsf-l2-flrpt_geo_y2012_v1-0-1.csv
NCEI_GOES_FLRPT_2012_V1_0_1,201206141336,2012-06-14T13:36:00Z,2012-06-14T14:36:00Z,2012-06-14T15:50:00Z,M2.7,GOES-15,1504,1504,400,-6.0,-17.0,sci_xrsf-l2-flrpt_geo_y2012_v1-0-1.csv
NCEI_GOES_FLRPT_2012_V1_0_1,201206281603,2012-06-28T16:03:00Z,2012-06-28T16:12:00Z,2012-06-28T16:14:00Z,M3.5,GOES-15,1513,1513,2930,-45.0,16.0,sci_xrsf-l2-flrpt_geo_y2012_v1-0-1.csv
NCEI_GOES_FLRPT_2012_V1_0_1,201206290910,2012-06-29T09:10:00Z,2012-06-29T09:20:00Z,2012-06-29T09:22:00Z,M3.2,GOES-15,1513,1513,3400,-37.0,17.0,sci_xrsf-l2-flrpt_geo_y2012_v1-0-1.csv
NCEI_GOES_FLRPT_2012_V1_0_1,201206301248,2012-06-30T12:48:00Z,2012-06-30T12:52:00Z,2012-06-30T12:54:00Z,M1.4,GOES-15,1513,1513,3830,-21.0,17.0,sci_xrsf-l2-flrpt_geo_y2012_v1-0-1.csv
NCEI_GOES_FLRPT_2012_V1_0_1,201206301824,2012-06-30T18:24:00Z,2012-06-30T18:32:00Z,2012-06-30T18:34:00Z,M2.3,GOES-15,1513,1513,3900,,,sci_xrsf-l2-flrpt_geo_y2012_v1-0-1.csv
NCEI_GOES_FLRPT_2012_V1_0_1,201207011539,2012-07-01T15:39:00Z,2012-07-01T15:45:00Z,2012-07-01T15:52:00Z,M1.1,GOES-15,1515,1515,4270,-21.0,-18.0,sci_xrsf-l2-flrpt_geo_y2012_v1-0-1.csv
NCEI_GOES_FLRPT_2012_V1_0_1,201207011906,2012-07-01T19:06:00Z,2012-07-01T19:18:00Z,2012-07-01T19:21:00Z,M4.1,GOES-15,1513,1513,4360,-4.0,14.0,sci_xrsf-l2-flrpt_geo_y2012_v1-0-1.csv
NCEI_GOES_FLRPT_2012_V1_0_1,201207020025,2012-07-02T00:25:00Z,2012-07-02T00:35:00Z,2012-07-02T00:39:00Z,M1.6,GOES-15,1513,1513,4640,-1.0,15.0,sci_xrsf-l2-flrpt_geo_y2012_v1-0-1.csv
NCEI_GOES_FLRPT_2012_V1_0_1,201207021043,2012-07-02T10:43:00Z,2012-07-02T10:52:00Z,2012-07-02T10:57:00Z,M8.0,GOES-15,1515,1515,4970,-8.0,-17.0,sci_xrsf-l2-flrpt_geo_y2012_v1-0-1.csv
NCEI_GOES_FLRPT_2012_V1_0_1,201207021835,2012-07-02T18:35:00Z,2012-07-02T18:56:00Z,2012-07-02T19:03:00Z,M1.0,GOES-15,,,5110,,,sci_xrsf-l2-flrpt_geo_y2012_v1-0-1.csv
NCEI_GOES_FLRPT_2012_V1_0_1,201207021959,2012-07-02T19:59:00Z,2012-07-02T20:07:00Z,2012-07-02T20:13:00Z,M5.4,GOES-15,1515,1515,5160,1.0,-17.0,sci_xrsf-l2-flrpt_geo_y2012_v1-0-1.csv
NCEI_GOES_FLRPT_2012_V1_0_1,201207022349,2012-07-02T23:49:00Z,2012-07-02T23:55:00Z,2012-07-03T00:03:00Z,M2.9,GOES-15,1515,1515,5340,2.0,-16.0,sci_xrsf-l2-flrpt_geo_y2012_v1-0-1.csv
NCEI_GOES_FLRPT_2012_V1_0_1,201207030333,2012-07-03T03:33:00Z,2012-07-03T03:42:00Z,2012-07-03T03:48:00Z,M1.4,GOES-15,1515,1515,5490,-5.0,-17.0,sci_xrsf-l2-flrpt_geo_y2012_v1-0-1.csv
NCEI_GOES_FLRPT_2012_V1_0_1,201207031426,2012-07-03T14:26:00Z,2012-07-03T14:41:00Z,2012-07-03T14:44:00Z,M1.1,GOES-15,1513,1513,5880,16.0,14.0,sci_xrsf-l2-flrpt_geo_y2012_v1-0-1.csv
NCEI_GOES_FLRPT_2012_V1_0_1,201207031656,2012-07-03T16:56:00Z,2012-07-03T17:02:00Z,2012-07-03T17:09:00Z,M1.3,GOES-15,1515,1515,5970,8.0,-17.0,sci_xrsf-l2-flrpt_geo_y2012_v1-0-1.csv
NCEI_GOES_FLRPT_2012_V1_0_1,201207032034,2012-07-03T20:34:00Z,2012-07-03T20:45:00Z,2012-07-03T20:51:00Z,M1.3,GOES-15,1513,1513,6010,,,sci_xrsf-l2-flrpt_geo_y2012_v1-0-1.csv
NCEI_GOES_FLRPT_2012_V1_0_1,201207040428,2012-07-04T04:28:00Z,2012-07-04T04:37:00Z,2012-07-04T04:45:00Z,M3.3,GOES-15,1515,1515,6290,18.0,-17.0,sci_xrsf-l2-flrpt_geo_y2012_v1-0-1.csv
NCEI_GOES_FLRPT_2012_V1_0_1,201207040946,2012-07-04T09:46:00Z,2012-07-04T09:55:00Z,2012-07-04T09:57:00Z,M7.6,GOES-15,1515,1515,6410,18.0,-20.0,sci_xrsf-l2-flrpt_geo_y2012_v1-0-1.csv
NCEI_GOES_FLRPT_2012_V1_0_1,201207041206,2012-07-04T12:06:00Z,2012-07-04T12:24:00Z,2012-07-04T12:32:00Z,M3.3,GOES-15,1515,1515,6460,,,sci_xrsf-l2-flrpt_geo_y2012_v1-0-1.csv
NCEI_GOES_FLRPT_2012_V1_0_1,201207041433,2012-07-04T14:33:00Z,2012-07-04T14:40:00Z,2012-07-04T14:42:00Z,M1.8,GOES-15,1515,1515,6480,18.0,-18.0,sci_xrsf-l2-flrpt_geo_y2012_v1-0-1.csv
NCEI_GOES_FLRPT_2012_V1_0_1,201207041444,2012-07-04T14:44:00Z,2012-07-04T14:49:00Z,2012-07-04T14:52:00Z,M1.1,GOES-15,1515,1515,6500,,,sci_xrsf-l2-flrpt_geo_y2012_v1-0-1.csv
NCEI_GOES_FLRPT_2012_V1_0_1,201207041606,2012-07-04T16:06:00Z,2012-07-04T16:12:00Z,2012-07-04T16:14:00Z,M1.0,GOES-15,1515,1515,6530,20.0,-19.0,sci_xrsf-l2-flrpt_geo_y2012_v1-0-1.csv
NCEI_GOES_FLRPT_2012_V1_0_1,201207041633,2012-07-04T16:33:00Z,2012-07-04T16:39:00Z,2012-07-04T16:48:00Z,M2.7,GOES-15,1513,1513,6540,34.0,14.0,sci_xrsf-l2-flrpt_geo_y2012_v1-0-1.csv
NCEI_GOES_FLRPT_2012_V1_0_1,201207042120,2012-07-04T21:20:00Z,2012-07-04T21:27:00Z,2012-07-04T21:29:00Z,M1.3,GOES-15,1515,1515,6650,,,sci_xrsf-l2-flrpt_geo_y2012_v1-0-1.csv
NCEI_GOES_FLRPT_2012_V1_0_1,201207042157,2012-07-04T21:57:00Z,2012-07-04T22:09:00Z,2012-07-04T22:15:00Z,M6.6,GOES-15,1515,1515,6680,,,sci_xrsf-l2-flrpt_geo_y2012_v1-0-1.csv
NCEI_GOES_FLRPT_2012_V1_0_1,201207042238,2012-07-04T22:38:00Z,2012-07-04T22:45:00Z,2012-07-04T22:47:00Z,M1.0,GOES-15,1515,1515,6690,,,sci_xrsf-l2-flrpt_geo_y2012_v1-0-1.csv
NCEI_GOES_FLRPT_2012_V1_0_1,201207042317,2012-07-04T23:17:00Z,2012-07-04T23:24:00Z,2012-07-04T23:29:00Z,M1.3,GOES-15,,,,,,sci_xrsf-l2-flrpt_geo_y2012_v1-0-1.csv
NCEI_GOES_FLRPT_2012_V1_0_1,201207042343,2012-07-04T23:43:00Z,2012-07-04T23:54:00Z,2012-07-05T00:03:00Z,M1.7,GOES-15,1515,1515,6710,,,sci_xrsf-l2-flrpt_geo_y2012_v1-0-1.csv
NCEI_GOES_FLRPT_2012_V1_0_1,201207050027,2012-07-05T00:27:00Z,2012-07-05T00:38:00Z,2012-07-05T00:41:00Z,M1.5,GOES-15,,,,,,sci_xrsf-l2-flrpt_geo_y2012_v1-0-1.csv
NCEI_GOES_FLRPT_2012_V1_0_1,201207050100,2012-07-05T01:00:00Z,2012-07-05T01:10:00Z,2012-07-05T01:15:00Z,M3.5,GOES-15,1515,1515,6740,26.0,-18.0,sci_xrsf-l2-flrpt_geo_y2012_v1-0-1.csv
NCEI_GOES_FLRPT_2012_V1_0_1,201207050200,2012-07-05T02:00:00Z,2012-07-05T02:05:00Z,,M1.0,GOES-15,1515,1515,6760,28.0,-18.0,sci_xrsf-l2-flrpt_geo_y2012_v1-0-1.csv
NCEI_GOES_FLRPT_2012_V1_0_1,201207050233,2012-07-05T02:33:00Z,2012-07-05T02:42:00Z,2012-07-05T02:47:00Z,M3.2,GOES-15,1515,1515,6770,,,sci_xrsf-l2-flrpt_geo_y2012_v1-0-1.csv
NCEI_GOES_FLRPT_2012_V1_0_1,201207050325,2012-07-05T03:25:00Z,2012-07-05T03:36:00Z,2012-07-05T03:39:00Z,M6.7,GOES-15,1515,1515,6790,,,sci_xrsf-l2-flrpt_geo_y2012_v1-0-1.csv
NCEI_GOES_FLRPT_2012_V1_0_1,201207050441,2012-07-05T04:41:00Z,2012-07-05T04:45:00Z,2012-07-05T04:49:00Z,M1.3,GOES-15,1519,1519,6800,,,sci_xrsf-l2-flrpt_geo_y2012_v1-0-1.csv
NCEI_GOES_FLRPT_2012_V1_0_1,201207050457,2012-07-05T04:57:00Z,2012-07-05T05:04:00Z,2012-07-05T05:08:00Z,M1.1,GOES-15,,,,,,sci_xrsf-l2-flrpt_geo_y2012_v1-0-1.csv
NCEI_GOES_FLRPT_2012_V1_0_1,201207050644,2012-07-05T06:44:00Z,2012-07-05T06:58:00Z,2012-07-05T07:06:00Z,M1.6,GOES-15,1515,1515,6850,39.0,-18.0,sci_xrsf-l2-flrpt_geo_y2012_v1-0-1.csv
NCEI_GOES_FLRPT_2012_V1_0_1,201207050737,2012-07-05T07:37:00Z,2012-07-05T07:45:00Z,2012-07-05T07:48:00Z,M1.9,GOES-15,1519,1519,6870,,,sci_xrsf-l2-flrpt_geo_y2012_v1-0-1.csv
NCEI_GOES_FLRPT_2012_V1_0_1,201207050923,2012-07-05T09:23:00Z,2012-07-05T09:29:00Z,2012-07-05T09:32:00Z,M1.1,GOES-15,,,,,,sci_xrsf-l2-flrpt_geo_y2012_v1-0-1.csv
NCEI_GOES_FLRPT_2012_V1_0_1,201207051041,2012-07-05T10:41:00Z,2012-07-05T10:48:00Z,2012-07-05T10:50:00Z,M2.5,GOES-15,1515,1515,6970,30.0,-19.0,sci_xrsf-l2-flrpt_geo_y2012_v1-0-1.csv
NCEI_GOES_FLRPT_2012_V1_0_1,201207051142,2012-07-05T11:42:00Z,2012-07-05T11:44:00Z,2012-07-05T11:49:00Z,M8.8,GOES-15,1515,1515,6980,-68.0,-22.0,sci_xrsf-l2-flrpt_geo_y2012_v1-0-1.csv
NCEI_GOES_FLRPT_2012_V1_0_1,201207051303,2012-07-05T13:03:00Z,2012-07-05T13:18:00Z,2012-07-05T13:33:00Z,M1.7,GOES-15,1515,1515,7010,43.0,-16.0,sci_xrsf-l2-flrpt_geo_y2012_v1-0-1.csv
NCEI_GOES_FLRPT_2012_V1_0_1,201207051441,2012-07-05T14:41:00Z,2012-07-05T14:45:00Z,2012-07-05T14:50:00Z,M1.1,GOES-15,1515,1515,7080,,,sci_xrsf-l2-flrpt_geo_y2012_v1-0-1.csv
NCEI_GOES_FLRPT_2012_V1_0_1,201207052009,2012-07-05T20:09:00Z,2012-07-05T20:14:00Z,,M2.3,GOES-15,1515,1515,7200,,,sci_xrsf-l2-flrpt_geo_y2012_v1-0-1.csv
NCEI_GOES_FLRPT_2012_V1_0_1,201207052017,2012-07-05T20:17:00Z,2012-07-05T20:21:00Z,2012-07-05T20:24:00Z,M2.2,GOES-15,,,,,,sci_xrsf-l2-flrpt_geo_y2012_v1-0-1.csv
NCEI_GOES_FLRPT_2012_V1_0_1,201207052136,2012-07-05T21:36:00Z,2012-07-05T21:45:00Z,2012-07-05T21:51:00Z,M2.3,GOES-15,1515,1515,7240,46.0,-12.0,sci_xrsf-l2-flrpt_geo_y2012_v1-0-1.csv
NCEI_GOES_FLRPT_2012_V1_0_1,201207060128,2012-07-06T01:28:00Z,2012-07-06T01:40:00Z,2012-07-06T01:42:00Z,M4.2,GOES-15,1515,1515,7310,41.0,-18.0,sci_xrsf-l2-flrpt_geo_y2012_v1-0-1.csv
NCEI_GOES_FLRPT_2012_V1_0_1,201207060239,2012-07-06T02:39:00Z,2012-07-06T02:51:00Z,2012-07-06T02:59:00Z,M1.5,GOES-15,1515,1515,7340,,,sci_xrsf-l2-flrpt_geo_y2012_v1-0-1.csv
NCEI_GOES_FLRPT_2012_V1_0_1,201207060447,2012-07-06T04:47:00Z,2012-07-06T04:59:00Z,,M1.1,GOES-15,1515,1515,7400,38.0,-17.0,sci_xrsf-l2-flrpt_geo_y2012_v1-0-1.csv
NCEI_GOES_FLRPT_2012_V1_0_1,201207060659,2012-07-06T06:59:00Z,2012-07-06T07:07:00Z,2012-07-06T07:10:00Z,M1.0,GOES-15,1515,1515,7470,40.0,-18.0,sci_xrsf-l2-flrpt_geo_y2012_v1-0-1.csv
NCEI_GOES_FLRPT_2012_V1_0_1,201207060812,2012-07-06T08:12:00Z,2012-07-06T08:23:00Z,2012-07-06T08:27:00Z,M2.1,GOES-15,1515,1515,7500,40.0,-17.0,sci_xrsf-l2-flrpt_geo_y2012_v1-0-1.csv
NCEI_GOES_FLRPT_2012_V1_0_1,201207061001,2012-07-06T10:01:00Z,2012-07-06T10:29:00Z,2012-07-06T10:34:00Z,M2.6,GOES-15,1515,1515,7590,42.0,-17.0,sci_xrsf-l2-flrpt_geo_y2012_v1-0-1.csv
NCEI_GOES_FLRPT_2012_V1_0_1,201207061319,2012-07-06T13:19:00Z,2012-07-06T13:30:00Z,2012-07-06T13:32:00Z,M1.8,GOES-15,1515,1515,7630,45.0,-20.0,sci_xrsf-l2-flrpt_geo_y2012_v1-0-1.csv
NCEI_GOES_FLRPT_2012_V1_0_1,201207061444,2012-07-06T14:44:00Z,2012-07-06T15:00:00Z,2012-07-06T15:13:00Z,M1.1,GOES-15,,,7670,,,sci_xrsf-l2-flrpt_geo_y2012_v1-0-1.csv
NCEI_GOES_FLRPT_2012_V1_0_1,201207061737,2012-07-06T17:37:00Z,2012-07-06T17:43:00Z,2012-07-06T17:48:00Z,M1.0,GOES-15,1515,1515,7720,,,sci_xrsf-l2-flrpt_geo_y2012_v1-0-1.csv
NCEI_GOES_FLRPT_2012_V1_0_1,201207061844,2012-07-06T18:44:00Z,2012-07-06T18:55:00Z,2012-07-06T19:05:00Z,M1.9,GOES-15,1515,1515,7740,51.0,-18.0,sci_xrsf-l2-flrpt_geo_y2012_v1-0-1.csv
NCEI_GOES_FLRPT_2012_V1_0_1,201207061920,2012-07-06T19:20:00Z,2012-07-06T19:24:00Z,2012-07-06T19:26:00Z,M1.3,GOES-15,,,7750,,,sci_xrsf-l2-flrpt_geo_y2012_v1-0-1.csv
NCEI_GOES_FLRPT_2012_V1_0_1,201207062300,2012-07-06T23:00:00Z,2012-07-06T23:08:00Z,2012-07-06T23:14:00Z,X1.6,GOES-15,1515,1515,7810,,,sci_xrsf-l2-flrpt_geo_y2012_v1-0-1.csv
NCEI_GOES_FLRPT_2012_V1_0_1,201207070310,2012-07-07T03:10:00Z,2012-07-07T03:15:00Z,2012-07-07T03:23:00Z,M1.7,GOES-15,1515,1515,7900,51.0,-17.0,sci_xrsf-l2-flrpt_geo_y2012_v1-0-1.csv
NCEI_GOES_FLRPT_2012_V1_0_1,201207070818,2012-07-07T08:18:00Z,2012-07-07T08:28:00Z,2012-07-07T08:39:00Z,M1.4,GOES-15,1520,1520,8010,,,sci_xrsf-l2-flrpt_geo_y2012_v1-0-1.csv
NCEI_GOES_FLRPT_2012_V1_0_1,201207071057,2012-07-07T10:57:00Z,2012-07-07T11:03:00Z,2012-07-07T11:07:00Z,M3.7,GOES-15,1515,1515,8070,58.0,-19.0,sci_xrsf-l2-flrpt_geo_y2012_v1-0-1.csv
NCEI_GOES_FLRPT_2012_V1_0_1,201207072351,2012-07-07T23:51:00Z,2012-07-08T00:09:00Z,2012-07-08T00:16:00Z,M1.2,GOES-15,1513,1513,8260,76.0,16.0,sci_xrsf-l2-flrpt_geo_y2012_v1-0-1.csv
NCEI_GOES_FLRPT_2012_V1_0_1,201207080540,2012-07-08T05:40:00Z,2012-07-08T05:46:00Z,2012-07-08T05:52:00Z,M1.9,GOES-15,1515,1515,8490,65.0,-17.0,sci_xrsf-l2-flrpt_geo_y2012_v1-0-1.csv
NCEI_GOES_FLRPT_2012_V1_0_1,201207080944,2012-07-08T09:44:00Z,2012-07-08T09:53:00Z,2012-07-08T09:57:00Z,M1.6,GOES-15,1515,1515,8550,67.0,-21.0,sci_xrsf-l2-flrpt_geo_y2012_v1-0-1.csv
NCEI_GOES_FLRPT_2012_V1_0_1,201207081201,2012-07-08T12:01:00Z,2012-07-08T12:10:00Z,2012-07-08T12:13:00Z,M2.1,GOES-15,1515,1515,8630,69.0,-21.0,sci_xrsf-l2-flrpt_geo_y2012_v1-0-1.csv
NCEI_GOES_FLRPT_2012_V1_0_1,201207081618,2012-07-08T16:18:00Z,2012-07-08T16:32:00Z,2012-07-08T16:42:00Z,M9.9,GOES-15,1515,1515,8720,74.0,-17.0,sci_xrsf-l2-flrpt_geo_y2012_v1-0-1.csv
NCEI_GOES_FLRPT_2012_V1_0_1,201207081729,2012-07-08T17:29:00Z,2012-07-08T17:34:00Z,,M1.2,GOES-15,1520,1520,8780,-48.0,-16.0,sci_xrsf-l2-flrpt_geo_y2012_v1-0-1.csv
NCEI_GOES_FLRPT_2012_V1_0_1,201207081748,2012-07-08T17:48:00Z,2012-07-08T18:03:00Z,2012-07-08T18:08:00Z,M1.3,GOES-15,1519,1519,8800,-30.0,-16.0,sci_xrsf-l2-flrpt_geo_y2012_v1-0-1.csv
NCEI_GOES_FLRPT_2012_V1_0_1,201207090801,2012-07-09T08:01:00Z,2012-07-09T08:30:00Z,2012-07-09T08:59:00Z,M1.1,GOES-15,1515,1515,8990,82.0,-17.0,sci_xrsf-l2-flrpt_geo_y2012_v1-0-1.csv
NCEI_GOES_FLRPT_2012_V1_0_1,201207092258,2012-07-09T22:58:00Z,2012-07-09T23:07:00Z,2012-07-09T23:11:00Z,M1.6,GOES-15,1520,1520,9220,,,sci_xrsf-l2-flrpt_geo_y2012_v1-0-1.csv
NCEI_GOES_FLRPT_2012_V1_0_1,201207100428,2012-07-10T04:28:00Z,2012-07-10T04:39:00Z,2012-07-10T04:45:00Z,M1.0,GOES-15,1521,1521,9270,,,sci_xrsf-l2-flrpt_geo_y2012_v1-0-1.csv
NCEI_GOES_FLRPT_2012_V1_0_1,201207100458,2012-07-10T04:58:00Z,2012-07-10T05:14:00Z,2012-07-10T05:31:00Z,M2.4,GOES-15,1520,1520,9280,,,sci_xrsf-l2-flrpt_geo_y2012_v1-0-1.csv
NCEI_GOES_FLRPT_2012_V1_0_1,201207100604,2012-07-10T06:04:00Z,2012-07-10T06:27:00Z,2012-07-10T06:47:00Z,M3.0,GOES-15,1520,1520,9300,-30.0,-17.0,sci_xrsf-l2-flrpt_geo_y2012_v1-0-1.csv
NCEI_GOES_FLRPT_2012_V1_0_1,201207101339,2012-07-10T13:39:00Z,2012-07-10T13:45:00Z,2012-07-10T13:49:00Z,M1.1,GOES-15,1521,1521,9390,-17.0,-22.0,sci_xrsf-l2-flrpt_geo_y2012_v1-0-1.csv
NCEI_GOES_FLRPT_2012_V1_0_1,201207110824,2012-07-11T08:24:00Z,2012-07-11T08:31:00Z,2012-07-11T08:37:00Z,M1.4,GOES-15,1521,1521,9550,-5.0,-22.0,sci_xrsf-l2-flrpt_geo_y2012_v1-0-1.csv
NCEI_GOES_FLRPT_2012_V1_0_1,201207121535,2012-07-12T15:35:00Z,2012-07-12T16:52:00Z,2012-07-12T17:36:00Z,X2.0,GOES-15,1520,1520,9900,1.0,-15.0,sci_xrsf-l2-flrpt_geo_y2012_v1-0-1.csv
NCEI_GOES_FLRPT_2012_V1_0_1,201207140451,2012-07-14T04:51:00Z,2012-07-14T04:58:00Z,2012-07-14T05:05:00Z,M1.4,GOES-15,1521,1521,280,36.0,-22.0,sci_xrsf-l2-flrpt_geo_y2012_v1-0-1.csv
NCEI_GOES_FLRPT_2012_V1_0_1,201207190503,2012-07-19T05:03:00Z,2012-07-19T05:53:00Z,2012-07-19T06:58:00Z,X1.1,GOES-15,,,,,,sci_xrsf-l2-flrpt_geo_y2012_v1-0-1.csv
NCEI_GOES_FLRPT_2012_V1_0_1,201207271713,2012-07-27T17:13:00Z,2012-07-27T17:26:00Z,2012-07-27T17:32:00Z,M4.0,GOES-15,1532,1532,2880,-62.0,-18.0,sci_xrsf-l2-flrpt_geo_y2012_v1-0-1.csv
NCEI_GOES_FLRPT_2012_V1_0_1,201207282040,2012-07-28T20:40:00Z,2012-07-28T20:56:00Z,2012-07-28T21:04:00Z,M8.8,GOES-15,1532,1532,3150,-54.0,-25.0,sci_xrsf-l2-flrpt_geo_y2012_v1-0-1.csv
NCEI_GOES_FLRPT_2012_V1_0_1,201207290611,2012-07-29T06:11:00Z,2012-07-29T06:22:00Z,2012-07-29T06:29:00Z,M3.3,GOES-15,1532,1532,3240,-49.0,-22.0,sci_xrsf-l2-flrpt_geo_y2012_v1-0-1.csv
NCEI_GOES_FLRPT_2012_V1_0_1,201207301350,2012-07-30T13:50:00Z,2012-07-30T14:03:00Z,2012-07-30T14:05:00Z,M1.2,GOES-15,1532,1532,3660,-20.0,-21.0,sci_xrsf-l2-flrpt_geo_y2012_v1-0-1.csv
NCEI_GOES_FLRPT_2012_V1_0_1,201207301537,2012-07-30T15:37:00Z,2012-07-30T15:48:00Z,2012-07-30T15:53:00Z,M1.6,GOES-15,1536,1536,3690,-28.0,-22.0,sci_xrsf-l2-flrpt_geo_y2012_v1-0-1.csv
NCEI_GOES_FLRPT_2012_V1_0_1,201208060038,2012-08-06T00:38:00Z,2012-08-06T00:44:00Z,2012-08-06T00:48:00Z,M1.3,GOES-15,1542,1542,5580,,,sci_xrsf-l2-flrpt_geo_y2012_v1-0-1.csv
NCEI_GOES_FLRPT_2012_V1_0_1,201208060428,2012-08-06T04:28:00Z,2012-08-06T04:38:00Z,2012-08-06T04:41:00Z,M2.3,GOES-15,1542,1542,5680,,,sci_xrsf-l2-flrpt_geo_y2012_v1-0-1.csv
NCEI_GOES_FLRPT_2012_V1_0_1,201208091132,2012-08-09T11:32:00Z,2012-08-09T11:47:00Z,2012-08-09T12:01:00Z,M1.2,GOES-15,1542,1542,6780,-49.0,-15.0,sci_xrsf-l2-flrpt_geo_y2012_v1-0-1.csv
NCEI_GOES_FLRPT_2012_V1_0_1,201208111149,2012-08-11T11:49:00Z,2012-08-11T12:19:00Z,2012-08-11T12:58:00Z,M1.4,GOES-15,1540,1540,7290,38.0,-28.0,sci_xrsf-l2-flrpt_geo_y2012_v1-0-1.csv
NCEI_GOES_FLRPT_2012_V1_0_1,201208171311,2012-08-17T13:11:00Z,2012-08-17T13:19:00Z,2012-08-17T13:23:00Z,M3.4,GOES-15,1548,1548,8640,,,sci_xrsf-l2-flrpt_geo_y2012_v1-0-1.csv
NCEI_GOES_FLRPT_2012_V1_0_1,201208171708,2012-08-17T17:08:00Z,2012-08-17T17:20:00Z,2012-08-17T17:27:00Z,M1.4,GOES-15,1548,1548,8690,,,sci_xrsf-l2-flrpt_geo_y2012_v1-0-1.csv
NCEI_GOES_FLRPT_2012_V1_0_1,201208180039,2012-08-18T00:39:00Z,2012-08-18T01:01:00Z,2012-08-18T01:07:00Z,M7.9,GOES-15,1548,1548,8790,-86.0,19.0,sci_xrsf-l2-flrpt_geo_y2012_v1-0-1.csv
NCEI_GOES_FLRPT_2012_V1_0_1,201208180310,2012-08-18T03:10:00Z,2012-08-18T03:23:00Z,2012-08-18T03:30:00Z,M2.7,GOES-15,1548,1548,8810,-86.0,19.0,sci_xrsf-l2-flrpt_geo_y2012_v1-0-1.csv
NCEI_GOES_FLRPT_2012_V1_0_1,201208181411,2012-08-18T14:11:00Z,2012-08-18T14:27:00Z,2012-08-18T14:30:00Z,M1.0,GOES-15,1548,1548,9000,-81.0,20.0,sci_xrsf-l2-flrpt_geo_y2012_v1-0-1.csv
NCEI_GOES_FLRPT_2012_V1_0_1,201208181602,2012-08-18T16:02:00Z,2012-08-18T16:07:00Z,2012-08-18T16:09:00Z,M2.9,GOES-15,1548,1548,9060,-80.0,19.0,sci_xrsf-l2-flrpt_geo_y2012_v1-0-1.csv
NCEI_GOES_FLRPT_2012_V1_0_1,201208182240,2012-08-18T22:40:00Z,2012-08-18T22:54:00Z,2012-08-18T23:00:00Z,M1.5,GOES-15,1548,1548,9170,-78.0,19.0,sci_xrsf-l2-flrpt_geo_y2012_v1-0-1.csv
NCEI_GOES_FLRPT_2012_V1_0_1,201208182315,2012-08-18T23:15:00Z,2012-08-18T23:22:00Z,2012-08-18T23:32:00Z,M1.9,GOES-15,1548,1548,9180,-76.0,21.0,sci_xrsf-l2-flrpt_geo_y2012_v1-0-1.csv
NCEI_GOES_FLRPT_2012_V1_0_1,201208300908,2012-08-30T09:08:00Z,2012-08-30T09:12:00Z,2012-08-30T09:15:00Z,M1.0,GOES-15,1554,1554,520,58.0,14.0,sci_xrsf-l2-flrpt_geo_y2012_v1-0-1.csv
NCEI_GOES_FLRPT_2012_V1_0_1,201208301156,2012-08-30T11:56:00Z,2012-08-30T12:11:00Z,2012-08-30T12:14:00Z,M1.9,GOES-15,1561,1561,560,,,sci_xrsf-l2-flrpt_geo_y2012_v1-0-1.csv
NCEI_GOES_FLRPT_2012_V1_0_1,201208311935,2012-08-31T19:35:00Z,2012-08-31T20:43:00Z,,M1.2,GOES-15,1562,1562,930,-42.0,-19.0,sci_xrsf-l2-flrpt_geo_y2012_v1-0-1.csv
NCEI_GOES_FLRPT_2012_V1_0_1,201208312058,2012-08-31T20:58:00Z,2012-08-31T21:01:00Z,2012-08-31T21:03:00Z,M1.2,GOES-15,,,,,,sci_xrsf-l2-flrpt_geo_y2012_v1-0-1.csv
NCEI_GOES_FLRPT_2012_V1_0_1,201209050730,2012-09-05T07:30:00Z,2012-09-05T08:06:00Z,2012-09-05T08:29:00Z,M1.0,GOES-15,1564,1564,2260,-11.0,-17.0,sci_xrsf-l2-flrpt_geo_y2012_v1-0-1.csv
NCEI_GOES_FLRPT_2012_V1_0_1,201209060406,2012-09-06T04:06:00Z,2012-09-06T04:13:00Z,2012-09-06T04:20:00Z,M2.3,GOES-15,1560,1560,2430,,,sci_xrsf-l2-flrpt_geo_y2012_v1-0-1.csv
NCEI_GOES_FLRPT_2012_V1_0_1,201209061506,2012-09-06T15:06:00Z,2012-09-06T15:21:00Z,2012-09-06T15:30:00Z,M1.1,GOES-15,1560,1560,2510,,,sci_xrsf-l2-flrpt_geo_y2012_v1-0-1.csv
NCEI_GOES_FLRPT_2012_V1_0_1,201209081731,2012-09-08T17:31:00Z,2012-09-08T17:59:00Z,2012-09-08T18:20:00Z,M2.1,GOES-15,1564,1564,2740,,,sci_xrsf-l2-flrpt_geo_y2012_v1-0-1.csv
NCEI_GOES_FLRPT_2012_V1_0_1,201209092145,2012-09-09T21:45:00Z,2012-09-09T22:20:00Z,,M1.5,GOES-15,,,,,,sci_xrsf-l2-flrpt_geo_y2012_v1-0-1.csv
NCEI_GOES_FLRPT_2012_V1_0_1,201209092224,2012-09-09T22:24:00Z,2012-09-09T22:36:00Z,2012-09-09T22:41:00Z,M1.8,GOES-15,1564,1564,2850,52.0,-15.0,sci_xrsf-l2-flrpt_geo_y2012_v1-0-1.csv
NCEI_GOES_FLRPT_2012_V1_0_1,201209300422,2012-09-30T04:22:00Z,2012-09-30T04:33:00Z,2012-09-30T04:42:00Z,M1.9,GOES-15,1583,1583,6310,,,sci_xrsf-l2-flrpt_geo_y2012_v1-0-1.csv
NCEI_GOES_FLRPT_2012_V1_0_1,201209302111,2012-09-30T21:11:00Z,2012-09-30T21:20:00Z,2012-09-30T21:23:00Z,M1.0,GOES-15,,,6470,,,sci_xrsf-l2-flrpt_geo_y2012_v1-0-1.csv
NCEI_GOES_FLRPT_2012_V1_0_1,201209302335,2012-09-30T23:35:00Z,2012-09-30T23:39:00Z,2012-09-30T23:43:00Z,M1.4,GOES-15,1575,1575,6500,89.0,9.0,sci_xrsf-l2-flrpt_geo_y2012_v1-0-1.csv
NCEI_GOES_FLRPT_2012_V1_0_1,201210081104,2012-10-08T11:04:00Z,2012-10-08T11:17:00Z,2012-10-08T11:23:00Z,M3.3,GOES-15,,,7160,,,sci_xrsf-l2-flrpt_geo_y2012_v1-0-1.csv
NCEI_GOES_FLRPT_2012_V1_0_1,201210092316,2012-10-09T23:16:00Z,2012-10-09T23:31:00Z,2012-10-09T23:35:00Z,M2.4,GOES-15,,,7480,,,sci_xrsf-l2-flrpt_geo_y2012_v1-0-1.csv
NCEI_GOES_FLRPT_2012_V1_0_1,201210100446,2012-10-10T04:46:00Z,2012-10-10T05:04:00Z,2012-10-10T05:20:00Z,M1.4,GOES-15,,,7540,,,sci_xrsf-l2-flrpt_geo_y2012_v1-0-1.csv
NCEI_GOES_FLRPT_2012_V1_0_1,201210120802,2012-10-12T08:02:00Z,2012-10-12T08:20:00Z,,M1.3,GOES-15,1589,1589,7970,-47.0,14.0,sci_xrsf-l2-flrpt_geo_y2012_v1-0-1.csv
NCEI_GOES_FLRPT_2012_V1_0_1,201210170752,2012-10-17T07:52:00Z,2012-10-17T08:02:00Z,2012-10-17T08:16:00Z,M1.0,GOES-15,1596,1596,8630,,,sci_xrsf-l2-flrpt_geo_y2012_v1-0-1.csv
NCEI_GOES_FLRPT_2012_V1_0_1,201210201803,2012-10-20T18:03:00Z,2012-10-20T18:14:00Z,2012-10-20T18:19:00Z,X1.3,GOES-15,1598,1598,9020,,,sci_xrsf-l2-flrpt_geo_y2012_v1-0-1.csv
NCEI_GOES_FLRPT_2012_V1_0_1,201210210253,2012-10-21T02:53:00Z,2012-10-21T03:08:00Z,2012-10-21T03:16:00Z,M1.1,GOES-15,1598,1598,9080,,,sci_xrsf-l2-flrpt_geo_y2012_v1-0-1.csv
NCEI_GOES_FLRPT_2012_V1_0_1,201210211942,2012-10-21T19:42:00Z,2012-10-21T20:03:00Z,2012-10-21T20:20:00Z,M1.9,GOES-15,1598,1598,9180,-76.0,-10.0,sci_xrsf-l2-flrpt_geo_y2012_v1-0-1.csv
NCEI_GOES_FLRPT_2012_V1_0_1,201210221837,2012-10-22T18:37:00Z,2012-10-22T18:51:00Z,2012-10-22T19:01:00Z,M7.2,GOES-15,1598,1598,9360,-61.0,-12.0,sci_xrsf-l2-flrpt_geo_y2012_v1-0-1.csv
NCEI_GOES_FLRPT_2012_V1_0_1,201210230302,2012-10-23T03:02:00Z,2012-10-23T03:17:00Z,2012-10-23T03:21:00Z,X2.3,GOES-14,1598,1598,9380,,,sci_xrsf-l2-flrpt_geo_y2012_v1-0-1.csv
NCEI_GOES_FLRPT_2012_V1_0_1,201211080203,2012-11-08T02:03:00Z,2012-11-08T02:23:00Z,2012-11-08T02:55:00Z,M2.4,GOES-14,1611,1611,1580,,,sci_xrsf-l2-flrpt_geo_y2012_v1-0-1.csv
NCEI_GOES_FLRPT_2012_V1_0_1,201211110206,2012-11-11T02:06:00Z,2012-11-11T02:33:00Z,2012-11-11T02:52:00Z,M1.4,GOES-14,1614,1614,1860,,,sci_xrsf-l2-flrpt_geo_y2012_v1-0-1.csv
NCEI_GOES_FLRPT_2012_V1_0_1,201211122312,2012-11-12T23:12:00Z,2012-11-12T23:28:00Z,2012-11-12T23:33:00Z,M2.9,GOES-14,1613,1613,2200,,,sci_xrsf-l2-flrpt_geo_y2012_v1-0-1.csv
NCEI_GOES_FLRPT_2012_V1_0_1,201211130153,2012-11-13T01:53:00Z,2012-11-13T02:03:00Z,2012-11-13T02:06:00Z,M8.6,GOES-14,1613,1613,2220,,,sci_xrsf-l2-flrpt_geo_y2012_v1-0-1.csv
NCEI_GOES_FLRPT_2012_V1_0_1,201211130537,2012-11-13T05:37:00Z,2012-11-13T05:50:00Z,2012-11-13T05:54:00Z,M3.5,GOES-14,1613,1613,2260,,,sci_xrsf-l2-flrpt_geo_y2012_v1-0-1.csv
NCEI_GOES_FLRPT_2012_V1_0_1,201211132050,2012-11-13T20:50:00Z,2012-11-13T20:54:00Z,2012-11-13T20:57:00Z,M4.1,GOES-14,1613,1613,2410,-33.0,-22.0,sci_xrsf-l2-flrpt_geo_y2012_v1-0-1.csv
NCEI_GOES_FLRPT_2012_V1_0_1,201211140357,2012-11-14T03:57:00Z,2012-11-14T04:04:00Z,2012-11-14T04:07:00Z,M1.5,GOES-14,1613,1613,2480,,,sci_xrsf-l2-flrpt_geo_y2012_v1-0-1.csv
NCEI_GOES_FLRPT_2012_V1_0_1,201211161529,2012-11-16T15:29:00Z,2012-11-16T15:39:00Z,2012-11-16T15:42:00Z,M1.1,GOES-14,1618,1618,2940,,,sci_xrsf-l2-flrpt_geo_y2012_v1-0-1.csv
NCEI_GOES_FLRPT_2012_V1_0_1,201211201231,2012-11-20T12:31:00Z,2012-11-20T12:41:00Z,2012-11-20T12:46:00Z,M2.5,GOES-15,,,3710,,,sci_xrsf-l2-flrpt_geo_y2012_v1-0-1.csv
NCEI_GOES_FLRPT_2012_V1_0_1,201211201918,2012-11-20T19:18:00Z,2012-11-20T19:28:00Z,2012-11-20T19:32:00Z,M2.3,GOES-15,1618,1618,3790,-15.0,7.0,sci_xrsf-l2-flrpt_geo_y2012_v1-0-1.csv
NCEI_GOES_FLRPT_2012_V1_0_1,201211210643,2012-11-21T06:43:00Z,2012-11-21T06:56:00Z,2012-11-21T07:08:00Z,M2.1,GOES-15,1618,1618,3900,-10.0,6.0,sci_xrsf-l2-flrpt_geo_y2012_v1-0-1.csv
NCEI_GOES_FLRPT_2012_V1_0_1,201211211519,2012-11-21T15:19:00Z,2012-11-21T15:30:00Z,2012-11-21T15:38:00Z,M5.0,GOES-15,1618,1618,4030,,,sci_xrsf-l2-flrpt_geo_y2012_v1-0-1.csv
NCEI_GOES_FLRPT_2012_V1_0_1,201211271552,2012-11-27T15:52:00Z,2012-11-27T15:57:00Z,2012-11-27T16:03:00Z,M2.3,GOES-15,1618,1618,5510,73.0,5.0,sci_xrsf-l2-flrpt_geo_y2012_v1-0-1.csv
NCEI_GOES_FLRPT_2012_V1_0_1,201211272121,2012-11-27T21:21:00Z,2012-11-27T21:26:00Z,2012-11-27T21:30:00Z,M1.5,GOES-15,1620,1620,5560,41.0,-14.0,sci_xrsf-l2-flrpt_geo_y2012_v1-0-1.csv
NCEI_GOES_FLRPT_2012_V1_0_1,201211272317,2012-11-27T23:17:00Z,2012-11-27T23:24:00Z,2012-11-27T23:33:00Z,M1.0,GOES-15,1620,1620,5600,,,sci_xrsf-l2-flrpt_geo_y2012_v1-0-1.csv
NCEI_GOES_FLRPT_2012_V1_0_1,201211282115,2012-11-28T21:15:00Z,2012-11-28T21:36:00Z,2012-11-28T21:48:00Z,M3.2,GOES-15,1620,1620,5800,57.0,-14.0,sci_xrsf-l2-flrpt_geo_y2012_v1-0-1.csv
NCEI_GOES_FLRPT_2014_V1_0_1,201401011839,2014-01-01T18:39:00Z,2014-01-01T18:52:00Z,2014-01-01T19:03:00Z,X1.4,GOES-15,1936,1936,6870,47.0,-14.0,sci_xrsf-l2-flrpt_geo_y2014_v1-0-1.csv
NCEI_GOES_FLRPT_2014_V1_0_1,201401020208,2014-01-02T02:08:00Z,2014-01-02T02:33:00Z,2014-01-02T03:09:00Z,M2.5,GOES-15,1944,1944,6990,-76.0,-5.0,sci_xrsf-l2-flrpt_geo_y2014_v1-0-1.csv
NCEI_GOES_FLRPT_2014_V1_0_1,201401021120,2014-01-02T11:20:00Z,2014-01-02T11:41:00Z,,M1.2,GOES-15,,,,,,sci_xrsf-l2-flrpt_geo_y2014_v1-0-1.csv
NCEI_GOES_FLRPT_2014_V1_0_1,201401021222,2014-01-02T12:22:00Z,2014-01-02T12:26:00Z,2014-01-02T12:31:00Z,M1.3,GOES-15,1944,1944,7080,,,sci_xrsf-l2-flrpt_geo_y2014_v1-0-1.csv
NCEI_GOES_FLRPT_2014_V1_0_1,201401022202,2014-01-02T22:02:00Z,2014-01-02T22:18:00Z,2014-01-02T22:22:00Z,M1.7,GOES-15,1944,1944,7120,-72.0,-5.0,sci_xrsf-l2-flrpt_geo_y2014_v1-0-1.csv
NCEI_GOES_FLRPT_2014_V1_0_1,201401031235,2014-01-03T12:35:00Z,2014-01-03T12:50:00Z,2014-01-03T12:54:00Z,M1.4,GOES-15,1944,1944,7310,,,sci_xrsf-l2-flrpt_geo_y2014_v1-0-1.csv
NCEI_GOES_FLRPT_2014_V1_0_1,201401031501,2014-01-03T15:01:00Z,2014-01-03T15:33:00Z,2014-01-03T15:50:00Z,M1.1,GOES-13,1944,1944,7390,-61.0,-5.0,sci_xrsf-l2-flrpt_geo_y2014_v1-0-1.csv
NCEI_GOES_FLRPT_2014_V1_0_1,201401032106,2014-01-03T21:06:00Z,2014-01-03T21:14:00Z,2014-01-03T21:19:00Z,M1.6,GOES-15,1944,1944,7440,-56.0,-6.0,sci_xrsf-l2-flrpt_geo_y2014_v1-0-1.csv
NCEI_GOES_FLRPT_2014_V1_0_1,201401041016,2014-01-04T10:16:00Z,2014-01-04T10:25:00Z,2014-01-04T10:41:00Z,M1.9,GOES-15,1944,1944,7700,-48.0,-5.0,sci_xrsf-l2-flrpt_geo_y2014_v1-0-1.csv
NCEI_GOES_FLRPT_2014_V1_0_1,201401041530,2014-01-04T15:30:00Z,2014-01-04T15:41:00Z,2014-01-04T15:47:00Z,M1.3,GOES-15,1944,1944,7790,,,sci_xrsf-l2-flrpt_geo_y2014_v1-0-1.csv
NCEI_GOES_FLRPT_2014_V1_0_1,201401041859,2014-01-04T18:59:00Z,2014-01-04T19:46:00Z,2014-01-04T20:24:00Z,M5.8,GOES-15,1944,1944,7830,,,sci_xrsf-l2-flrpt_geo_y2014_v1-0-1.csv
NCEI_GOES_FLRPT_2014_V1_0_1,201401042214,2014-01-04T22:14:00Z,2014-01-04T22:54:00Z,2014-01-04T23:21:00Z,M2.8,GOES-15,1936,1936,7910,,,sci_xrsf-l2-flrpt_geo_y2014_v1-0-1.csv
NCEI_GOES_FLRPT_2014_V1_0_1,201401060004,2014-01-06T00:04:00Z,2014-01-06T00:19:00Z,2014-01-06T00:25:00Z,M1.0,GOES-15,1944,1944,8260,-27.0,-6.0,sci_xrsf-l2-flrpt_geo_y2014_v1-0-1.csv
NCEI_GOES_FLRPT_2014_V1_0_1,201401070343,2014-01-07T03:43:00Z,2014-01-07T03:53:00Z,2014-01-07T03:56:00Z,M1.5,GOES-15,1946,1946,8570,-8.0,7.0,sci_xrsf-l2-flrpt_geo_y2014_v1-0-1.csv
NCEI_GOES_FLRPT_2014_V1_0_1,201401071005,2014-01-07T10:05:00Z,2014-01-07T10:13:00Z,2014-01-07T10:37:00Z,X1.0,GOES-15,1944,1944,8660,-11.0,-13.0,sci_xrsf-l2-flrpt_geo_y2014_v1-0-1.csv
NCEI_GOES_FLRPT_2014_V1_0_1,201401071759,2014-01-07T17:59:00Z,2014-01-07T18:32:00Z,2014-01-07T18:58:00Z,X1.7,GOES-15,1944,1944,8760,11.0,-15.0,sci_xrsf-l2-flrpt_geo_y2014_v1-0-1.csv
NCEI_GOES_FLRPT_2014_V1_0_1,201401072228,2014-01-07T22:28:00Z,2014-01-07T22:33:00Z,2014-01-07T22:38:00Z,M1.0,GOES-15,1947,1947,8880,84.0,13.0,sci_xrsf-l2-flrpt_geo_y2014_v1-0-1.csv
NCEI_GOES_FLRPT_2014_V1_0_1,201401080337,2014-01-08T03:37:00Z,2014-01-08T03:47:00Z,2014-01-08T03:54:00Z,M5.2,GOES-15,1947,1947,8950,81.0,11.0,sci_xrsf-l2-flrpt_geo_y2014_v1-0-1.csv
NCEI_GOES_FLRPT_2014_V1_0_1,201401132145,2014-01-13T21:45:00Z,2014-01-13T21:51:00Z,2014-01-13T21:53:00Z,M1.9,GOES-15,1944,1944,240,11.0,-7.0,sci_xrsf-l2-flrpt_geo_y2014_v1-0-1.csv
NCEI_GOES_FLRPT_2014_V1_0_1,201401171354,2014-01-17T13:54:00Z,2014-01-17T14:03:00Z,2014-01-17T14:10:00Z,M1.0,GOES-15,1959,1959,690,,,sci_xrsf-l2-flrpt_geo_y2014_v1-0-1.csv
NCEI_GOES_FLRPT_2014_V1_0_1,201401171601,2014-01-17T16:01:00Z,2014-01-17T16:08:00Z,2014-01-17T16:11:00Z,M1.2,GOES-15,1959,1959,710,,,sci_xrsf-l2-flrpt_geo_y2014_v1-0-1.csv
NCEI_GOES_FLRPT_2014_V1_0_1,201401171929,2014-01-17T19:29:00Z,2014-01-17T20:07:00Z,2014-01-17T20:27:00Z,M1.0,GOES-15,1959,1959,720,,,sci_xrsf-l2-flrpt_geo_y2014_v1-0-1.csv
NCEI_GOES_FLRPT_2014_V1_0_1,201401270101,2014-01-27T01:01:00Z,2014-01-27T01:22:00Z,2014-01-27T01:40:00Z,M1.5,GOES-15,1967,1967,1950,,,sci_xrsf-l2-flrpt_geo_y2014_v1-0-1.csv
NCEI_GOES_FLRPT_2014_V1_0_1,201401270159,2014-01-27T01:59:00Z,2014-01-27T02:10:00Z,2014-01-27T02:18:00Z,M1.6,GOES-15,1967,1967,1960,,,sci_xrsf-l2-flrpt_geo_y2014_v1-0-1.csv
NCEI_GOES_FLRPT_2014_V1_0_1,201401271902,2014-01-27T19:02:00Z,2014-01-27T19:18:00Z,,M1.0,GOES-15,,,,,,sci_xrsf-l2-flrpt_geo_y2014_v1-0-1.csv
NCEI_GOES_FLRPT_2014_V1_0_1,201401271921,2014-01-27T19:21:00Z,2014-01-27T19:27:00Z,2014-01-27T19:30:00Z,M1.1,GOES-15,1967,1967,2110,,,sci_xrsf-l2-flrpt_geo_y2014_v1-0-1.csv
NCEI_GOES_FLRPT_2014_V1_0_1,201401272200,2014-01-27T22:00:00Z,2014-01-27T22:10:00Z,2014-01-27T22:15:00Z,M7.1,GOES-15,1967,1967,2140,,,sci_xrsf-l2-flrpt_geo_y2014_v1-0-1.csv
NCEI_GOES_FLRPT_2014_V1_0_1,201401280027,2014-01-28T00:27:00Z,2014-01-28T00:36:00Z,2014-01-28T00:39:00Z,M1.0,GOES-15,1967,1967,2210,,,sci_xrsf-l2-flrpt_geo_y2014_v1-0-1.csv
NCEI_GOES_FLRPT_2014_V1_0_1,201401280402,2014-01-28T04:02:00Z,2014-01-28T04:09:00Z,2014-01-28T04:13:00Z,M2.1,GOES-15,1967,1967,2240,,,sci_xrsf-l2-flrpt_geo_y2014_v1-0-1.csv
NCEI_GOES_FLRPT_2014_V1_0_1,201401280525,2014-01-28T05:25:00Z,2014-01-28T05:29:00Z,2014-01-28T05:31:00Z,M1.3,GOES-15,1967,1967,2260,,,sci_xrsf-l2-flrpt_geo_y2014_v1-0-1.csv
NCEI_GOES_FLRPT_2014_V1_0_1,201401280723,2014-01-28T07:23:00Z,2014-01-28T07:31:00Z,2014-01-28T07:34:00Z,M5.2,GOES-15,1967,1967,2310,,,sci_xrsf-l2-flrpt_geo_y2014_v1-0-1.csv
NCEI_GOES_FLRPT_2014_V1_0_1,201401281129,2014-01-28T11:29:00Z,2014-01-28T11:38:00Z,2014-01-28T11:41:00Z,M2.0,GOES-15,1967,1967,2350,,,sci_xrsf-l2-flrpt_geo_y2014_v1-0-1.csv
NCEI_GOES_FLRPT_2014_V1_0_1,201401281217,2014-01-28T12:17:00Z,2014-01-28T12:25:00Z,2014-01-28T12:30:00Z,M1.1,GOES-15,1967,1967,2370,,,sci_xrsf-l2-flrpt_geo_y2014_v1-0-1.csv
NCEI_GOES_FLRPT_2014_V1_0_1,201401281233,2014-01-28T12:33:00Z,2014-01-28T12:46:00Z,2014-01-28T12:50:00Z,M1.9,GOES-15,1967,1967,2380,,,sci_xrsf-l2-flrpt_geo_y2014_v1-0-1.csv
NCEI_GOES_FLRPT_2014_V1_0_1,201401281517,2014-01-28T15:17:00Z,2014-01-28T15:26:00Z,2014-01-28T15:28:00Z,M5.0,GOES-15,,,,,,sci_xrsf-l2-flrpt_geo_y2014_v1-0-1.csv
NCEI_GOES_FLRPT_2014_V1_0_1,201401281622,2014-01-28T16:22:00Z,2014-01-28T16:45:00Z,2014-01-28T16:57:00Z,M1.2,GOES-15,1968,1968,2400,-71.0,9.0,sci_xrsf-l2-flrpt_geo_y2014_v1-0-1.csv
NCEI_GOES_FLRPT_2014_V1_0_1,201401281909,2014-01-28T19:09:00Z,2014-01-28T19:40:00Z,2014-01-28T19:46:00Z,M7.0,GOES-15,1967,1967,2410,-76.0,-14.0,sci_xrsf-l2-flrpt_geo_y2014_v1-0-1.csv
NCEI_GOES_FLRPT_2014_V1_0_1,201401282200,2014-01-28T22:00:00Z,2014-01-28T22:16:00Z,2014-01-28T22:20:00Z,M3.7,GOES-15,1967,1967,2460,-75.0,-14.0,sci_xrsf-l2-flrpt_geo_y2014_v1-0-1.csv
NCEI_GOES_FLRPT_2014_V1_0_1,201401290408,2014-01-29T04:08:00Z,2014-01-29T04:31:00Z,2014-01-29T04:41:00Z,M1.0,GOES-15,1967,1967,2540,,,sci_xrsf-l2-flrpt_geo_y2014_v1-0-1.csv
NCEI_GOES_FLRPT_2014_V1_0_1,201401291516,2014-01-29T15:16:00Z,2014-01-29T15:31:00Z,2014-01-29T15:42:00Z,M1.0,GOES-15,1967,1967,2640,,,sci_xrsf-l2-flrpt_geo_y2014_v1-0-1.csv
NCEI_GOES_FLRPT_2014_V1_0_1,201401300628,2014-01-30T06:28:00Z,2014-01-30T06:39:00Z,2014-01-30T06:44:00Z,M3.0,GOES-15,1967,1967,2770,-54.0,-15.0,sci_xrsf-l2-flrpt_geo_y2014_v1-0-1.csv
NCEI_GOES_FLRPT_2014_V1_0_1,201401300753,2014-01-30T07:53:00Z,2014-01-30T08:11:00Z,2014-01-30T08:42:00Z,M1.6,GOES-15,1967,1967,2790,-52.0,-12.0,sci_xrsf-l2-flrpt_geo_y2014_v1-0-1.csv
NCEI_GOES_FLRPT_2014_V1_0_1,201401301541,2014-01-30T15:41:00Z,2014-01-30T16:11:00Z,2014-01-30T16:28:00Z,M9.5,GOES-15,1967,1967,2860,-58.0,-13.0,sci_xrsf-l2-flrpt_geo_y2014_v1-0-1.csv
NCEI_GOES_FLRPT_2014_V1_0_1,201401311527,2014-01-31T15:27:00Z,2014-01-31T15:42:00Z,2014-01-31T15:53:00Z,M1.6,GOES-15,1968,1968,3080,,,sci_xrsf-l2-flrpt_geo_y2014_v1-0-1.csv
NCEI_GOES_FLRPT_2014_V1_0_1,201402010115,2014-02-01T01:15:00Z,2014-02-01T01:25:00Z,2014-02-01T01:38:00Z,M1.4,GOES-15,1967,1967,3160,-26.0,-11.0,sci_xrsf-l2-flrpt_geo_y2014_v1-0-1.csv
NCEI_GOES_FLRPT_2014_V1_0_1,201402010713,2014-02-01T07:13:00Z,2014-02-01T07:23:00Z,2014-02-01T07:36:00Z,M4.3,GOES-15,1967,1967,3240,-23.0,-11.0,sci_xrsf-l2-flrpt_geo_y2014_v1-0-1.csv
NCEI_GOES_FLRPT_2014_V1_0_1,201402020558,2014-02-02T05:58:00Z,2014-02-02T06:07:00Z,2014-02-02T06:13:00Z,M1.0,GOES-15,1968,1968,3560,-14.0,10.0,sci_xrsf-l2-flrpt_geo_y2014_v1-0-1.csv
NCEI_GOES_FLRPT_2014_V1_0_1,201402020622,2014-02-02T06:22:00Z,2014-02-02T06:34:00Z,2014-02-02T06:37:00Z,M3.7,GOES-15,1968,1968,3570,-18.0,12.0,sci_xrsf-l2-flrpt_geo_y2014_v1-0-1.csv
NCEI_GOES_FLRPT_2014_V1_0_1,201402020716,2014-02-02T07:16:00Z,2014-02-02T07:36:00Z,,M1.2,GOES-15,,,,,,sci_xrsf-l2-flrpt_geo_y2014_v1-0-1.csv
NCEI_GOES_FLRPT_2014_V1_0_1,201402020739,2014-02-02T07:39:00Z,2014-02-02T07:43:00Z,2014-02-02T07:46:00Z,M1.2,GOES-15,,,,,,sci_xrsf-l2-flrpt_geo_y2014_v1-0-1.csv
NCEI_GOES_FLRPT_2014_V1_0_1,201402020810,2014-02-02T08:10:00Z,2014-02-02T08:20:00Z,2014-02-02T08:27:00Z,M3.2,GOES-15,1967,1967,3590,-14.0,-10.0,sci_xrsf-l2-flrpt_geo_y2014_v1-0-1.csv
NCEI_GOES_FLRPT_2014_V1_0_1,201402020920,2014-02-02T09:20:00Z,2014-02-02T09:31:00Z,2014-02-02T09:36:00Z,M6.3,GOES-15,1967,1967,3640,-13.0,-11.0,sci_xrsf-l2-flrpt_geo_y2014_v1-0-1.csv
NCEI_GOES_FLRPT_2014_V1_0_1,201402021145,2014-02-02T11:45:00Z,2014-02-02T11:49:00Z,2014-02-02T11:55:00Z,M1.3,GOES-15,1967,1967,3670,,,sci_xrsf-l2-flrpt_geo_y2014_v1-0-1.csv
NCEI_GOES_FLRPT_2014_V1_0_1,201402021401,2014-02-02T14:01:00Z,2014-02-02T14:06:00Z,2014-02-02T14:09:00Z,M1.9,GOES-15,1967,1967,3710,,,sci_xrsf-l2-flrpt_geo_y2014_v1-0-1.csv
NCEI_GOES_FLRPT_2014_V1_0_1,201402021417,2014-02-02T14:17:00Z,2014-02-02T14:21:00Z,2014-02-02T14:28:00Z,M1.1,GOES-15,1968,1968,3720,,,sci_xrsf-l2-flrpt_geo_y2014_v1-0-1.csv
NCEI_GOES_FLRPT_2014_V1_0_1,201402021432,2014-02-02T14:32:00Z,2014-02-02T14:36:00Z,2014-02-02T14:40:00Z,M1.0,GOES-15,,,,,,sci_xrsf-l2-flrpt_geo_y2014_v1-0-1.csv
NCEI_GOES_FLRPT_2014_V1_0_1,201402021624,2014-02-02T16:24:00Z,2014-02-02T16:29:00Z,2014-02-02T16:35:00Z,M1.5,GOES-15,1968,1968,3760,,,sci_xrsf-l2-flrpt_geo_y2014_v1-0-1.csv
NCEI_GOES_FLRPT_2014_V1_0_1,201402021805,2014-02-02T18:05:00Z,2014-02-02T18:11:00Z,2014-02-02T18:18:00Z,M4.5,GOES-15,1967,1967,3830,,,sci_xrsf-l2-flrpt_geo_y2014_v1-0-1.csv
NCEI_GOES_FLRPT_2014_V1_0_1,201402022123,2014-02-02T21:23:00Z,2014-02-02T21:32:00Z,,M1.2,GOES-15,,,,,,sci_xrsf-l2-flrpt_geo_y2014_v1-0-1.csv
NCEI_GOES_FLRPT_2014_V1_0_1,201402022137,2014-02-02T21:37:00Z,2014-02-02T21:43:00Z,,M1.5,GOES-15,,,,,,sci_xrsf-l2-flrpt_geo_y2014_v1-0-1.csv
NCEI_GOES_FLRPT_2014_V1_0_1,201402022152,2014-02-02T21:52:00Z,2014-02-02T21:56:00Z,2014-02-02T21:58:00Z,M1.4,GOES-15,,,,,,sci_xrsf-l2-flrpt_geo_y2014_v1-0-1.csv
NCEI_GOES_FLRPT_2014_V1_0_1,201402022200,2014-02-02T22:00:00Z,2014-02-02T22:04:00Z,2014-02-02T22:09:00Z,M1.9,GOES-15,1967,1967,3950,,,sci_xrsf-l2-flrpt_geo_y2014_v1-0-1.csv
NCEI_GOES_FLRPT_2014_V1_0_1,201402022227,2014-02-02T22:27:00Z,2014-02-02T22:31:00Z,2014-02-02T22:34:00Z,M1.1,GOES-15,1968,1968,3970,-71.0,9.0,sci_xrsf-l2-flrpt_geo_y2014_v1-0-1.csv
NCEI_GOES_FLRPT_2014_V1_0_1,201402030815,2014-02-03T08:15:00Z,2014-02-03T08:30:00Z,2014-02-03T08:56:00Z,M1.2,GOES-15,1967,1967,4210,,,sci_xrsf-l2-flrpt_geo_y2014_v1-0-1.csv
NCEI_GOES_FLRPT_2014_V1_0_1,201402031236,2014-02-03T12:36:00Z,2014-02-03T12:54:00Z,2014-02-03T13:07:00Z,M1.1,GOES-15,1967,1967,4230,,,sci_xrsf-l2-flrpt_geo_y2014_v1-0-1.csv
NCEI_GOES_FLRPT_2014_V1_0_1,201402032226,2014-02-03T22:26:00Z,2014-02-03T22:33:00Z,2014-02-03T22:36:00Z,M1.1,GOES-15,,,4470,,,sci_xrsf-l2-flrpt_geo_y2014_v1-0-1.csv
NCEI_GOES_FLRPT_2014_V1_0_1,201402040025,2014-02-04T00:25:00Z,2014-02-04T01:03:00Z,,M1.9,GOES-13,,,,,,sci_xrsf-l2-flrpt_geo_y2014_v1-0-1.csv
NCEI_GOES_FLRPT_2014_V1_0_1,201402040111,2014-02-04T01:11:00Z,2014-02-04T01:23:00Z,2014-02-04T01:32:00Z,M5.5,GOES-15,1968,1968,4570,13.0,9.0,sci_xrsf-l2-flrpt_geo_y2014_v1-0-1.csv
NCEI_GOES_FLRPT_2014_V1_0_1,201402040239,2014-02-04T02:39:00Z,2014-02-04T02:49:00Z,,M1.2,GOES-15,,,,,,sci_xrsf-l2-flrpt_geo_y2014_v1-0-1.csv
NCEI_GOES_FLRPT_2014_V1_0_1,201402040253,2014-02-04T02:53:00Z,2014-02-04T02:58:00Z,2014-02-04T03:26:00Z,M1.7,GOES-15,,,,,,sci_xrsf-l2-flrpt_geo_y2014_v1-0-1.csv
NCEI_GOES_FLRPT_2014_V1_0_1,201402040358,2014-02-04T03:58:00Z,2014-02-04T04:00:00Z,2014-02-04T04:06:00Z,M7.4,GOES-15,1967,1967,4590,6.0,-14.0,sci_xrsf-l2-flrpt_geo_y2014_v1-0-1.csv
NCEI_GOES_FLRPT_2014_V1_0_1,201402040911,2014-02-04T09:11:00Z,2014-02-04T09:24:00Z,,M1.0,GOES-15,1967,1967,4670,,,sci_xrsf-l2-flrpt_geo_y2014_v1-0-1.csv
NCEI_GOES_FLRPT_2014_V1_0_1,201402040937,2014-02-04T09:37:00Z,2014-02-04T09:49:00Z,2014-02-04T09:59:00Z,M2.0,GOES-15,1967,1967,4680,,,sci_xrsf-l2-flrpt_geo_y2014_v1-0-1.csv
NCEI_GOES_FLRPT_2014_V1_0_1,201402041334,2014-02-04T13:34:00Z,2014-02-04T13:53:00Z,2014-02-04T14:11:00Z,M1.1,GOES-15,1967,1967,4740,,,sci_xrsf-l2-flrpt_geo_y2014_v1-0-1.csv
NCEI_GOES_FLRPT_2014_V1_0_1,201402041519,2014-02-04T15:19:00Z,2014-02-04T15:35:00Z,,M1.8,GOES-15,,,,,,sci_xrsf-l2-flrpt_geo_y2014_v1-0-1.csv
NCEI_GOES_FLRPT_2014_V1_0_1,201402041548,2014-02-04T15:48:00Z,2014-02-04T15:53:00Z,2014-02-04T15:55:00Z,M1.7,GOES-15,,,,,,sci_xrsf-l2-flrpt_geo_y2014_v1-0-1.csv
NCEI_GOES_FLRPT_2014_V1_0_1,201402042237,2014-02-04T22:37:00Z,2014-02-04T22:47:00Z,2014-02-04T22:54:00Z,M1.0,GOES-15,1968,1968,4890,21.0,10.0,sci_xrsf-l2-flrpt_geo_y2014_v1-0-1.csv
NCEI_GOES_FLRPT_2014_V1_0_1,201402051609,2014-02-05T16:09:00Z,2014-02-05T16:20:00Z,2014-02-05T16:42:00Z,M1.8,GOES-15,1967,1967,5140,,,sci_xrsf-l2-flrpt_geo_y2014_v1-0-1.csv
NCEI_GOES_FLRPT_2014_V1_0_1,201402051832,2014-02-05T18:32:00Z,2014-02-05T18:44:00Z,2014-02-05T18:54:00Z,M1.2,GOES-15,1967,1967,5150,,,sci_xrsf-l2-flrpt_geo_y2014_v1-0-1.csv
NCEI_GOES_FLRPT_2014_V1_0_1,201402060419,2014-02-06T04:19:00Z,2014-02-06T04:31:00Z,2014-02-06T04:41:00Z,M1.0,GOES-15,1968,1968,5360,35.0,10.0,sci_xrsf-l2-flrpt_geo_y2014_v1-0-1.csv
NCEI_GOES_FLRPT_2014_V1_0_1,201402062249,2014-02-06T22:49:00Z,2014-02-06T23:05:00Z,2014-02-06T23:10:00Z,M2.1,GOES-15,1967,1967,5550,,,sci_xrsf-l2-flrpt_geo_y2014_v1-0-1.csv
NCEI_GOES_FLRPT_2014_V1_0_1,201402070445,2014-02-07T04:45:00Z,2014-02-07T04:56:00Z,2014-02-07T05:04:00Z,M2.9,GOES-15,1967,1967,5630,50.0,-15.0,sci_xrsf-l2-flrpt_geo_y2014_v1-0-1.csv
NCEI_GOES_FLRPT_2014_V1_0_1,201402071025,2014-02-07T10:25:00Z,2014-02-07T10:29:00Z,2014-02-07T10:31:00Z,M2.7,GOES-15,1968,1968,5760,53.0,9.0,sci_xrsf-l2-flrpt_geo_y2014_v1-0-1.csv
NCEI_GOES_FLRPT_2014_V1_0_1,201402081822,2014-02-08T18:22:00Z,2014-02-08T18:33:00Z,2014-02-08T18:36:00Z,M1.4,GOES-13,1967,1967,6060,,,sci_xrsf-l2-flrpt_geo_y2014_v1-0-1.csv
NCEI_GOES_FLRPT_2014_V1_0_1,201402091533,2014-02-09T15:33:00Z,2014-02-09T16:17:00Z,2014-02-09T16:55:00Z,M1.5,GOES-15,,,6260,,,sci_xrsf-l2-flrpt_geo_y2014_v1-0-1.csv
NCEI_GOES_FLRPT_2014_V1_0_1,201402110305,2014-02-11T03:05:00Z,2014-02-11T03:31:00Z,2014-02-11T03:39:00Z,M2.5,GOES-15,1974,1974,6660,-17.0,-12.0,sci_xrsf-l2-flrpt_geo_y2014_v1-0-1.csv
NCEI_GOES_FLRPT_2014_V1_0_1,201402111331,2014-02-11T13:31:00Z,2014-02-11T13:57:00Z,2014-02-11T14:14:00Z,M1.2,GOES-15,1974,1974,6750,-11.0,-11.0,sci_xrsf-l2-flrpt_geo_y2014_v1-0-1.csv
NCEI_GOES_FLRPT_2014_V1_0_1,201402111632,2014-02-11T16:32:00Z,2014-02-11T16:51:00Z,2014-02-11T17:10:00Z,M2.6,GOES-15,1974,1974,6800,,,sci_xrsf-l2-flrpt_geo_y2014_v1-0-1.csv
NCEI_GOES_FLRPT_2014_V1_0_1,201402120414,2014-02-12T04:14:00Z,2014-02-12T04:25:00Z,2014-02-12T04:36:00Z,M5.4,GOES-15,1974,1974,6950,2.0,-12.0,sci_xrsf-l2-flrpt_geo_y2014_v1-0-1.csv
NCEI_GOES_FLRPT_2014_V1_0_1,201402120639,2014-02-12T06:39:00Z,2014-02-12T06:47:00Z,,M2.0,GOES-15,,,,,,sci_xrsf-l2-flrpt_geo_y2014_v1-0-1.csv
NCEI_GOES_FLRPT_2014_V1_0_1,201402120653,2014-02-12T06:53:00Z,2014-02-12T06:58:00Z,2014-02-12T07:04:00Z,M3.3,GOES-15,1974,1974,7020,,,sci_xrsf-l2-flrpt_geo_y2014_v1-0-1.csv
NCEI_GOES_FLRPT_2014_V1_0_1,201402121154,2014-02-12T11:54:00Z,2014-02-12T12:33:00Z,2014-02-12T12:47:00Z,M1.1,GOES-15,1973,1973,7100,,,sci_xrsf-l2-flrpt_geo_y2014_v1-0-1.csv
NCEI_GOES_FLRPT_2014_V1_0_1,201402121539,2014-02-12T15:39:00Z,2014-02-12T15:51:00Z,2014-02-12T16:15:00Z,M3.0,GOES-15,1974,1974,7150,,,sci_xrsf-l2-flrpt_geo_y2014_v1-0-1.csv
NCEI_GOES_FLRPT_2014_V1_0_1,201402130123,2014-02-13T01:23:00Z,2014-02-13T01:40:00Z,2014-02-13T01:50:00Z,M2.6,GOES-15,1974,1974,7310,9.0,-12.0,sci_xrsf-l2-flrpt_geo_y2014_v1-0-1.csv
NCEI_GOES_FLRPT_2014_V1_0_1,201402130225,2014-02-13T02:25:00Z,2014-02-13T02:29:00Z,2014-02-13T02:32:00Z,M1.0,GOES-15,1974,1974,7330,,,sci_xrsf-l2-flrpt_geo_y2014_v1-0-1.csv
NCEI_GOES_FLRPT_2014_V1_0_1,201402130240,2014-02-13T02:40:00Z,2014-02-13T02:51:00Z,2014-02-13T03:04:00Z,M1.4,GOES-15,1974,1974,7340,,,sci_xrsf-l2-flrpt_geo_y2014_v1-0-1.csv
NCEI_GOES_FLRPT_2014_V1_0_1,201402130559,2014-02-13T05:59:00Z,2014-02-13T06:07:00Z,2014-02-13T06:12:00Z,M2.4,GOES-15,1974,1974,7390,,,sci_xrsf-l2-flrpt_geo_y2014_v1-0-1.csv
NCEI_GOES_FLRPT_2014_V1_0_1,201402130804,2014-02-13T08:04:00Z,2014-02-13T08:12:00Z,2014-02-13T08:19:00Z,M1.4,GOES-15,1974,1974,7440,13.0,-12.0,sci_xrsf-l2-flrpt_geo_y2014_v1-0-1.csv
NCEI_GOES_FLRPT_2014_V1_0_1,201402131028,2014-02-13T10:28:00Z,2014-02-13T10:37:00Z,,M1.2,GOES-15,,,,,,sci_xrsf-l2-flrpt_geo_y2014_v1-0-1.csv
NCEI_GOES_FLRPT_2014_V1_0_1,201402131044,2014-02-13T10:44:00Z,2014-02-13T10:48:00Z,2014-02-13T10:51:00Z,M1.2,GOES-15,1974,1974,7500,16.0,-14.0,sci_xrsf-l2-flrpt_geo_y2014_v1-0-1.csv
NCEI_GOES_FLRPT_2014_V1_0_1,201402131541,2014-02-13T15:41:00Z,2014-02-13T15:52:00Z,2014-02-13T16:07:00Z,M1.8,GOES-15,,,,,,sci_xrsf-l2-flrpt_geo_y2014_v1-0-1.csv
NCEI_GOES_FLRPT_2014_V1_0_1,201402140232,2014-02-14T02:32:00Z,2014-02-14T02:57:00Z,2014-02-14T03:11:00Z,M3.3,GOES-15,1974,1974,7750,25.0,-12.0,sci_xrsf-l2-flrpt_geo_y2014_v1-0-1.csv
NCEI_GOES_FLRPT_2014_V1_0_1,201402141031,2014-02-14T10:31:00Z,2014-02-14T10:41:00Z,2014-02-14T10:51:00Z,M1.0,GOES-15,1974,1974,7950,30.0,-13.0,sci_xrsf-l2-flrpt_geo_y2014_v1-0-1.csv
NCEI_GOES_FLRPT_2014_V1_0_1,201402141225,2014-02-14T12:25:00Z,2014-02-14T12:40:00Z,2014-02-14T12:45:00Z,M2.2,GOES-15,1974,1974,7970,36.0,-15.0,sci_xrsf-l2-flrpt_geo_y2014_v1-0-1.csv
NCEI_GOES_FLRPT_2014_V1_0_1,201402141318,2014-02-14T13:18:00Z,2014-02-14T13:28:00Z,2014-02-14T13:39:00Z,M1.6,GOES-15,1974,1974,7990,,,sci_xrsf-l2-flrpt_geo_y2014_v1-0-1.csv
NCEI_GOES_FLRPT_2014_V1_0_1,201402141628,2014-02-14T16:28:00Z,2014-02-14T16:39:00Z,2014-02-14T16:41:00Z,M1.4,GOES-15,1974,1974,8110,32.0,-13.0,sci_xrsf-l2-flrpt_geo_y2014_v1-0-1.csv
NCEI_GOES_FLRPT_2014_V1_0_1,201402160918,2014-02-16T09:18:00Z,2014-02-16T09:26:00Z,2014-02-16T09:29:00Z,M1.7,GOES-15,1977,1977,8720,-1.0,-11.0,sci_xrsf-l2-flrpt_geo_y2014_v1-0-1.csv
NCEI_GOES_FLRPT_2014_V1_0_1,201402200737,2014-02-20T07:37:00Z,2014-02-20T07:56:00Z,2014-02-20T08:24:00Z,M4.4,GOES-15,1976,1976,9820,73.0,-15.0,sci_xrsf-l2-flrpt_geo_y2014_v1-0-1.csv
NCEI_GOES_FLRPT_2014_V1_0_1,201402221517,2014-02-22T15:17:00Z,2014-02-22T15:50:00Z,2014-02-22T16:13:00Z,M1.0,GOES-15,,,280,,,sci_xrsf-l2-flrpt_geo_y2014_v1-0-1.csv
NCEI_GOES_FLRPT_2014_V1_0_1,201402230546,2014-02-23T05:46:00Z,2014-02-23T06:10:00Z,2014-02-23T06:37:00Z,M1.6,GOES-15,,,300,,,sci_xrsf-l2-flrpt_geo_y2014_v1-0-1.csv
NCEI_GOES_FLRPT_2014_V1_0_1,201402241100,2014-02-24T11:00:00Z,2014-02-24T11:17:00Z,2014-02-24T11:43:00Z,M1.7,GOES-15,1990,1990,580,0.0,0.0,sci_xrsf-l2-flrpt_geo_y2014_v1-0-1.csv
NCEI_GOES_FLRPT_2014_V1_0_1,201402241200,2014-02-24T12:00:00Z,2014-02-24T12:05:00Z,2014-02-24T12:10:00Z,M1.8,GOES-15,1990,1990,590,,,sci_xrsf-l2-flrpt_geo_y2014_v1-0-1.csv
NCEI_GOES_FLRPT_2014_V1_0_1,201402250038,2014-02-25T00:38:00Z,2014-02-25T00:49:00Z,2014-02-25T01:03:00Z,X7.1,GOES-15,1990,1990,700,-82.0,-12.0,sci_xrsf-l2-flrpt_geo_y2014_v1-0-1.csv
NCEI_GOES_FLRPT_2014_V1_0_1,201402261443,2014-02-26T14:43:00Z,2014-02-26T15:01:00Z,2014-02-26T15:11:00Z,M1.5,GOES-15,1982,1982,1100,44.0,-13.0,sci_xrsf-l2-flrpt_geo_y2014_v1-0-1.csv
NCEI_GOES_FLRPT_2014_V1_0_1,201402280039,2014-02-28T00:39:00Z,2014-02-28T00:48:00Z,2014-02-28T00:50:00Z,M1.5,GOES-15,1991,1991,1550,-53.0,-24.0,sci_xrsf-l2-flrpt_geo_y2014_v1-0-1.csv
NCEI_GOES_FLRPT_2014_V1_0_1,201403011318,2014-03-01T13:18:00Z,2014-03-01T13:33:00Z,2014-03-01T13:40:00Z,M1.6,GOES-15,1982,1982,1870,,,sci_xrsf-l2-flrpt_geo_y2014_v1-0-1.csv
NCEI_GOES_FLRPT_2014_V1_0_1,201403012359,2014-03-01T23:59:00Z,2014-03-02T00:12:00Z,2014-03-02T00:19:00Z,M1.2,GOES-15,1982,1982,1970,-17.0,15.0,sci_xrsf-l2-flrpt_geo_y2014_v1-0-1.csv
NCEI_GOES_FLRPT_2014_V1_0_1,201403022307,2014-03-02T23:07:00Z,2014-03-02T23:19:00Z,2014-03-02T23:26:00Z,M1.6,GOES-15,1986,1986,2170,74.0,15.0,sci_xrsf-l2-flrpt_geo_y2014_v1-0-1.csv
NCEI_GOES_FLRPT_2014_V1_0_1,201403031553,2014-03-03T15:53:00Z,2014-03-03T15:58:00Z,2014-03-03T16:01:00Z,M1.8,GOES-15,1989,1989,2470,36.0,5.0,sci_xrsf-l2-flrpt_geo_y2014_v1-0-1.csv
NCEI_GOES_FLRPT_2014_V1_0_1,201403040447,2014-03-04T04:47:00Z,2014-03-04T04:55:00Z,2014-03-04T05:00:00Z,M1.1,GOES-15,1991,1991,2580,1.0,-26.0,sci_xrsf-l2-flrpt_geo_y2014_v1-0-1.csv
NCEI_GOES_FLRPT_2014_V1_0_1,201403041112,2014-03-04T11:12:00Z,2014-03-04T11:24:00Z,2014-03-04T11:42:00Z,M1.0,GOES-15,,,2660,,,sci_xrsf-l2-flrpt_geo_y2014_v1-0-1.csv
NCEI_GOES_FLRPT_2014_V1_0_1,201403082326,2014-03-08T23:26:00Z,2014-03-08T23:41:00Z,2014-03-08T23:50:00Z,M2.0,GOES-15,2002,2002,3500,,,sci_xrsf-l2-flrpt_geo_y2014_v1-0-1.csv
NCEI_GOES_FLRPT_2014_V1_0_1,201403091321,2014-03-09T13:21:00Z,2014-03-09T13:32:00Z,2014-03-09T13:38:00Z,M1.0,GOES-15,2002,2002,3670,,,sci_xrsf-l2-flrpt_geo_y2014_v1-0-1.csv
NCEI_GOES_FLRPT_2014_V1_0_1,201403091352,2014-03-09T13:52:00Z,2014-03-09T13:58:00Z,2014-03-09T14:05:00Z,M1.4,GOES-15,2002,2002,3680,-58.0,-17.0,sci_xrsf-l2-flrpt_geo_y2014_v1-0-1.csv
NCEI_GOES_FLRPT_2014_V1_0_1,201403091431,2014-03-09T14:31:00Z,2014-03-09T14:42:00Z,2014-03-09T14:47:00Z,M1.0,GOES-15,2002,2002,3700,-67.0,-20.0,sci_xrsf-l2-flrpt_geo_y2014_v1-0-1.csv
NCEI_GOES_FLRPT_2014_V1_0_1,201403092008,2014-03-09T20:08:00Z,2014-03-09T20:28:00Z,2014-03-09T20:36:00Z,M1.5,GOES-15,2002,2002,3780,-54.0,-19.0,sci_xrsf-l2-flrpt_geo_y2014_v1-0-1.csv
NCEI_GOES_FLRPT_2014_V1_0_1,201403100018,2014-03-10T00:18:00Z,2014-03-10T00:26:00Z,2014-03-10T00:33:00Z,M1.7,GOES-15,2002,2002,3870,-52.0,-19.0,sci_xrsf-l2-flrpt_geo_y2014_v1-0-1.csv
NCEI_GOES_FLRPT_2014_V1_0_1,201403100359,2014-03-10T03:59:00Z,2014-03-10T04:08:00Z,2014-03-10T04:13:00Z,M1.5,GOES-15,2002,2002,3940,,,sci_xrsf-l2-flrpt_geo_y2014_v1-0-1.csv
NCEI_GOES_FLRPT_2014_V1_0_1,201403101519,2014-03-10T15:19:00Z,2014-03-10T15:28:00Z,2014-03-10T15:32:00Z,M2.5,GOES-15,2002,2002,4130,,,sci_xrsf-l2-flrpt_geo_y2014_v1-0-1.csv
NCEI_GOES_FLRPT_2014_V1_0_1,201403102241,2014-03-10T22:41:00Z,2014-03-10T23:00:00Z,2014-03-10T23:12:00Z,M2.0,GOES-15,1996,1996,4210,51.0,14.0,sci_xrsf-l2-flrpt_geo_y2014_v1-0-1.csv
NCEI_GOES_FLRPT_2014_V1_0_1,201403110334,2014-03-11T03:34:00Z,2014-03-11T03:50:00Z,2014-03-11T03:56:00Z,M5.1,GOES-15,1996,1996,4280,55.0,13.0,sci_xrsf-l2-flrpt_geo_y2014_v1-0-1.csv
NCEI_GOES_FLRPT_2014_V1_0_1,201403111153,2014-03-11T11:53:00Z,2014-03-11T12:07:00Z,2014-03-11T12:14:00Z,M2.4,GOES-15,1991,1991,4340,,,sci_xrsf-l2-flrpt_geo_y2014_v1-0-1.csv
NCEI_GOES_FLRPT_2014_V1_0_1,201403111619,2014-03-11T16:19:00Z,2014-03-11T16:26:00Z,2014-03-11T16:41:00Z,M1.3,GOES-15,2002,2002,4370,-31.0,-18.0,sci_xrsf-l2-flrpt_geo_y2014_v1-0-1.csv
NCEI_GOES_FLRPT_2014_V1_0_1,201403111912,2014-03-11T19:12:00Z,2014-03-11T19:46:00Z,2014-03-11T20:01:00Z,M1.1,GOES-15,,,,,,sci_xrsf-l2-flrpt_geo_y2014_v1-0-1.csv
NCEI_GOES_FLRPT_2014_V1_0_1,201403120742,2014-03-12T07:42:00Z,2014-03-12T07:57:00Z,2014-03-12T08:09:00Z,M1.0,GOES-15,1996,1996,4540,69.0,12.0,sci_xrsf-l2-flrpt_geo_y2014_v1-0-1.csv
NCEI_GOES_FLRPT_2014_V1_0_1,201403121050,2014-03-12T10:50:00Z,2014-03-12T11:05:00Z,2014-03-12T11:11:00Z,M3.6,GOES-15,1996,1996,4610,69.0,13.0,sci_xrsf-l2-flrpt_geo_y2014_v1-0-1.csv
NCEI_GOES_FLRPT_2014_V1_0_1,201403122228,2014-03-12T22:28:00Z,2014-03-12T22:34:00Z,2014-03-12T22:39:00Z,X1.3,GOES-15,1996,1996,4700,78.0,15.0,sci_xrsf-l2-flrpt_geo_y2014_v1-0-1.csv
NCEI_GOES_FLRPT_2014_V1_0_1,201403131900,2014-03-13T19:00:00Z,2014-03-13T19:19:00Z,2014-03-13T19:30:00Z,M1.8,GOES-15,1996,1996,5060,,,sci_xrsf-l2-flrpt_geo_y2014_v1-0-1.csv
NCEI_GOES_FLRPT_2014_V1_0_1,201403150926,2014-03-15T09:26:00Z,2014-03-15T09:36:00Z,2014-03-15T09:45:00Z,M1.0,GOES-13,,,,,,sci_xrsf-l2-flrpt_geo_y2014_v1-0-1.csv
NCEI_GOES_FLRPT_2014_V1_0_1,201403160635,2014-03-16T06:35:00Z,2014-03-16T06:45:00Z,2014-03-16T06:52:00Z,M1.0,GOES-15,2003,2003,5620,80.0,4.0,sci_xrsf-l2-flrpt_geo_y2014_v1-0-1.csv
NCEI_GOES_FLRPT_2014_V1_0_1,201403190725,2014-03-19T07:25:00Z,2014-03-19T07:34:00Z,2014-03-19T07:39:00Z,M1.4,GOES-15,2010,2010,6240,-52.0,-15.0,sci_xrsf-l2-flrpt_geo_y2014_v1-0-1.csv
NCEI_GOES_FLRPT_2014_V1_0_1,201403200148,2014-03-20T01:48:00Z,2014-03-20T01:57:00Z,2014-03-20T02:02:00Z,M1.2,GOES-15,2014,2014,6590,-75.0,-11.0,sci_xrsf-l2-flrpt_geo_y2014_v1-0-1.csv
NCEI_GOES_FLRPT_2014_V1_0_1,201403200332,2014-03-20T03:32:00Z,2014-03-20T03:56:00Z,2014-03-20T04:10:00Z,M2.4,GOES-15,2010,2010,6640,-35.0,-14.0,sci_xrsf-l2-flrpt_geo_y2014_v1-0-1.csv
NCEI_GOES_FLRPT_2014_V1_0_1,201403200835,2014-03-20T08:35:00Z,2014-03-20T08:38:00Z,2014-03-20T08:40:00Z,M1.3,GOES-13,,,,,,sci_xrsf-l2-flrpt_geo_y2014_v1-0-1.csv
NCEI_GOES_FLRPT_2014_V1_0_1,201403220657,2014-03-22T06:57:00Z,2014-03-22T07:02:00Z,2014-03-22T07:04:00Z,M1.6,GOES-15,2011,2011,7440,71.0,-10.0,sci_xrsf-l2-flrpt_geo_y2014_v1-0-1.csv
NCEI_GOES_FLRPT_2014_V1_0_1,201403281904,2014-03-28T19:04:00Z,2014-03-28T19:18:00Z,2014-03-28T19:27:00Z,M2.9,GOES-15,2017,2017,8350,21.0,11.0,sci_xrsf-l2-flrpt_geo_y2014_v1-0-1.csv
NCEI_GOES_FLRPT_2014_V1_0_1,201403282344,2014-03-28T23:44:00Z,2014-03-28T23:51:00Z,2014-03-28T23:58:00Z,M3.7,GOES-15,2017,2017,8400,,,sci_xrsf-l2-flrpt_geo_y2014_v1-0-1.csv
NCEI_GOES_FLRPT_2014_V1_0_1,201403291730,2014-03-29T17:30:00Z,2014-03-29T17:48:00Z,2014-03-29T17:54:00Z,X1.4,GOES-15,2017,2017,8690,32.0,11.0,sci_xrsf-l2-flrpt_geo_y2014_v1-0-1.csv
NCEI_GOES_FLRPT_2014_V1_0_1,201403301140,2014-03-30T11:40:00Z,2014-03-30T11:53:00Z,2014-03-30T12:01:00Z,M3.1,GOES-13,2017,2017,8850,43.0,8.0,sci_xrsf-l2-flrpt_geo_y2014_v1-0-1.csv
NCEI_GOES_FLRPT_2014_V1_0_1,201403302102,2014-03-30T21:02:00Z,2014-03-30T21:15:00Z,2014-03-30T21:17:00Z,M1.0,GOES-15,2017,2017,8940,,,sci_xrsf-l2-flrpt_geo_y2014_v1-0-1.csv
NCEI_GOES_FLRPT_2014_V1_0_1,201403310755,2014-03-31T07:55:00Z,2014-03-31T08:07:00Z,2014-03-31T08:16:00Z,M2.0,GOES-15,2014,2014,9030,77.0,-15.0,sci_xrsf-l2-flrpt_geo_y2014_v1-0-1.csv
NCEI_GOES_FLRPT_2014_V1_0_1,201404021312,2014-04-02T13:12:00Z,2014-04-02T14:05:00Z,2014-04-02T14:28:00Z,M9.3,GOES-15,2027,2027,9720,-53.0,14.0,sci_xrsf-l2-flrpt_geo_y2014_v1-0-1.csv
NCEI_GOES_FLRPT_2014_V1_0_1,201404041329,2014-04-04T13:29:00Z,2014-04-04T13:48:00Z,2014-04-04T13:56:00Z,M1.1,GOES-15,2027,2027,330,-26.0,13.0,sci_xrsf-l2-flrpt_geo_y2014_v1-0-1.csv
NCEI_GOES_FLRPT_2014_V1_0_1,201404111113,2014-04-11T11:13:00Z,2014-04-11T11:24:00Z,2014-04-11T11:32:00Z,M1.3,GOES-15,2035,2035,1540,,,sci_xrsf-l2-flrpt_geo_y2014_v1-0-1.csv
NCEI_GOES_FLRPT_2014_V1_0_1,201404140415,2014-04-14T04:15:00Z,2014-04-14T04:38:00Z,2014-04-14T04:48:00Z,M1.0,GOES-15,2036,2036,2040,-24.0,-18.0,sci_xrsf-l2-flrpt_geo_y2014_v1-0-1.csv
NCEI_GOES_FLRPT_2014_V1_0_1,201404150915,2014-04-15T09:15:00Z,2014-04-15T09:23:00Z,2014-04-15T09:25:00Z,M1.2,GOES-15,2035,2035,2410,-25.0,-14.0,sci_xrsf-l2-flrpt_geo_y2014_v1-0-1.csv
NCEI_GOES_FLRPT_2014_V1_0_1,201404151749,2014-04-15T17:49:00Z,2014-04-15T17:59:00Z,2014-04-15T18:03:00Z,M1.0,GOES-15,2035,2035,2550,-21.0,-15.0,sci_xrsf-l2-flrpt_geo_y2014_v1-0-1.csv
NCEI_GOES_FLRPT_2014_V1_0_1,201404161236,2014-04-16T12:36:00Z,2014-04-16T12:51:00Z,2014-04-16T12:56:00Z,M1.0,GOES-15,2035,2035,2990,-21.0,-15.0,sci_xrsf-l2-flrpt_geo_y2014_v1-0-1.csv
NCEI_GOES_FLRPT_2014_V1_0_1,201404161954,2014-04-16T19:54:00Z,2014-04-16T19:59:00Z,2014-04-16T20:03:00Z,M1.4,GOES-15,2035,2035,3070,-9.0,-14.0,sci_xrsf-l2-flrpt_geo_y2014_v1-0-1.csv
NCEI_GOES_FLRPT_2014_V1_0_1,201404181237,2014-04-18T12:37:00Z,2014-04-18T13:03:00Z,2014-04-18T13:20:00Z,X1.0,GOES-15,2036,2036,3520,,,sci_xrsf-l2-flrpt_geo_y2014_v1-0-1.csv
NCEI_GOES_FLRPT_2014_V1_0_1,201404221129,2014-04-22T11:29:00Z,2014-04-22T11:37:00Z,2014-04-22T11:41:00Z,M1.2,GOES-15,2035,2035,4510,66.0,-9.0,sci_xrsf-l2-flrpt_geo_y2014_v1-0-1.csv
NCEI_GOES_FLRPT_2014_V1_0_1,201404250012,2014-04-25T00:12:00Z,2014-04-25T00:27:00Z,2014-04-25T00:38:00Z,X1.9,GOES-15,2035,2035,4870,,,sci_xrsf-l2-flrpt_geo_y2014_v1-0-1.csv
NCEI_GOES_FLRPT_2014_V1_0_1,201405041217,2014-05-04T12:17:00Z,2014-05-04T12:31:00Z,2014-05-04T12:39:00Z,M1.3,GOES-15,2051,2051,6330,,,sci_xrsf-l2-flrpt_geo_y2014_v1-0-1.csv
NCEI_GOES_FLRPT_2014_V1_0_1,201405051808,2014-05-05T18:08:00Z,2014-05-05T18:28:00Z,2014-05-05T18:35:00Z,M1.1,GOES-15,2056,2056,6590,,,sci_xrsf-l2-flrpt_geo_y2014_v1-0-1.csv
NCEI_GOES_FLRPT_2014_V1_0_1,201405060414,2014-05-06T04:14:00Z,2014-05-06T04:32:00Z,2014-05-06T04:51:00Z,M1.0,GOES-15,2051,2051,6670,86.0,-13.0,sci_xrsf-l2-flrpt_geo_y2014_v1-0-1.csv
NCEI_GOES_FLRPT_2014_V1_0_1,201405060819,2014-05-06T08:19:00Z,2014-05-06T09:03:00Z,2014-05-06T09:25:00Z,M2.6,GOES-15,2051,2051,6690,84.0,-15.0,sci_xrsf-l2-flrpt_geo_y2014_v1-0-1.csv
NCEI_GOES_FLRPT_2014_V1_0_1,201405062159,2014-05-06T21:59:00Z,2014-05-06T22:09:00Z,2014-05-06T22:20:00Z,M1.5,GOES-15,2051,2051,6770,57.0,-10.0,sci_xrsf-l2-flrpt_geo_y2014_v1-0-1.csv
NCEI_GOES_FLRPT_2014_V1_0_1,201405071559,2014-05-07T15:59:00Z,2014-05-07T16:28:00Z,2014-05-07T17:05:00Z,M1.7,GOES-15,2051,2051,6850,-50.0,15.0,sci_xrsf-l2-flrpt_geo_y2014_v1-0-1.csv
NCEI_GOES_FLRPT_2014_V1_0_1,201405080954,2014-05-08T09:54:00Z,2014-05-08T10:07:00Z,2014-05-08T10:18:00Z,M7.5,GOES-15,2056,2056,6960,-54.0,8.0,sci_xrsf-l2-flrpt_geo_y2014_v1-0-1.csv
NCEI_GOES_FLRPT_2014_V1_0_1,201405091450,2014-05-09T14:50:00Z,2014-05-09T15:01:00Z,2014-05-09T15:22:00Z,M1.1,GOES-15,2058,2058,7180,-66.0,-15.0,sci_xrsf-l2-flrpt_geo_y2014_v1-0-1.csv
NCEI_GOES_FLRPT_2014_V1_0_1,201405100647,2014-05-10T06:47:00Z,2014-05-10T07:02:00Z,2014-05-10T07:31:00Z,M1.2,GOES-15,2056,2056,7370,-31.0,3.0,sci_xrsf-l2-flrpt_geo_y2014_v1-0-1.csv
NCEI_GOES_FLRPT_2014_V1_0_1,201405141355,2014-05-14T13:55:00Z,2014-05-14T14:25:00Z,,M1.0,GOES-15,,,,,,sci_xrsf-l2-flrpt_geo_y2014_v1-0-1.csv
NCEI_GOES_FLRPT_2014_V1_0_1,201405141431,2014-05-14T14:31:00Z,2014-05-14T14:48:00Z,2014-05-14T14:53:00Z,M1.1,GOES-15,,,,,,sci_xrsf-l2-flrpt_geo_y2014_v1-0-1.csv
NCEI_GOES_FLRPT_2014_V1_0_1,201405241824,2014-05-24T18:24:00Z,2014-05-24T18:35:00Z,2014-05-24T18:44:00Z,M1.9,GOES-15,2065,2065,9620,,,sci_xrsf-l2-flrpt_geo_y2014_v1-0-1.csv
NCEI_GOES_FLRPT_2014_V1_0_1,201406030358,2014-06-03T03:58:00Z,2014-06-03T04:09:00Z,2014-06-03T04:17:00Z,M2.0,GOES-15,2077,2077,650,-30.0,-5.0,sci_xrsf-l2-flrpt_geo_y2014_v1-0-1.csv
NCEI_GOES_FLRPT_2014_V1_0_1,201406061922,2014-06-06T19:22:00Z,2014-06-06T19:31:00Z,2014-06-06T19:33:00Z,M2.0,GOES-15,2080,2080,1560,-25.0,-12.0,sci_xrsf-l2-flrpt_geo_y2014_v1-0-1.csv
NCEI_GOES_FLRPT_2014_V1_0_1,201406091219,2014-06-09T12:19:00Z,2014-06-09T12:29:00Z,2014-06-09T12:33:00Z,M1.2,GOES-15,2085,2085,2140,12.0,-19.0,sci_xrsf-l2-flrpt_geo_y2014_v1-0-1.csv
NCEI_GOES_FLRPT_2014_V1_0_1,201406091703,2014-06-09T17:03:00Z,2014-06-09T17:08:00Z,2014-06-09T17:13:00Z,M1.2,GOES-15,2087,2087,2200,,,sci_xrsf-l2-flrpt_geo_y2014_v1-0-1.csv
NCEI_GOES_FLRPT_2014_V1_0_1,201406101133,2014-06-10T11:33:00Z,2014-06-10T11:42:00Z,2014-06-10T11:44:00Z,X3.1,GOES-15,2087,2087,2340,-80.0,-15.0,sci_xrsf-l2-flrpt_geo_y2014_v1-0-1.csv
NCEI_GOES_FLRPT_2014_V1_0_1,201406101232,2014-06-10T12:32:00Z,2014-06-10T12:52:00Z,2014-06-10T13:03:00Z,X2.2,GOES-15,2087,2087,2400,-82.0,-17.0,sci_xrsf-l2-flrpt_geo_y2014_v1-0-1.csv
NCEI_GOES_FLRPT_2014_V1_0_1,201406110527,2014-06-11T05:27:00Z,2014-06-11T05:34:00Z,2014-06-11T05:36:00Z,M2.6,GOES-15,2080,2080,2630,35.0,-12.0,sci_xrsf-l2-flrpt_geo_y2014_v1-0-1.csv
NCEI_GOES_FLRPT_2014_V1_0_1,201406110756,2014-06-11T07:56:00Z,2014-06-11T08:09:00Z,2014-06-11T08:15:00Z,M4.3,GOES-15,2087,2087,2710,-68.0,-14.0,sci_xrsf-l2-flrpt_geo_y2014_v1-0-1.csv
NCEI_GOES_FLRPT_2014_V1_0_1,201406110858,2014-06-11T08:58:00Z,2014-06-11T09:06:00Z,2014-06-11T09:10:00Z,X1.4,GOES-15,2087,2087,2730,-65.0,-18.0,sci_xrsf-l2-flrpt_geo_y2014_v1-0-1.csv
NCEI_GOES_FLRPT_2014_V1_0_1,201406112053,2014-06-11T20:53:00Z,2014-06-11T21:03:00Z,2014-06-11T21:10:00Z,M5.6,GOES-15,2087,2087,2970,-58.0,-21.0,sci_xrsf-l2-flrpt_geo_y2014_v1-0-1.csv
NCEI_GOES_FLRPT_2014_V1_0_1,201406120409,2014-06-12T04:09:00Z,2014-06-12T04:21:00Z,2014-06-12T04:26:00Z,M2.9,GOES-15,2087,2087,3110,-55.0,-16.0,sci_xrsf-l2-flrpt_geo_y2014_v1-0-1.csv
NCEI_GOES_FLRPT_2014_V1_0_1,201406120932,2014-06-12T09:32:00Z,2014-06-12T09:37:00Z,2014-06-12T09:41:00Z,M2.5,GOES-15,2085,2085,3240,53.0,-25.0,sci_xrsf-l2-flrpt_geo_y2014_v1-0-1.csv
NCEI_GOES_FLRPT_2014_V1_0_1,201406121013,2014-06-12T10:13:00Z,2014-06-12T10:21:00Z,2014-06-12T10:27:00Z,M3.9,GOES-15,2087,2087,3260,-52.0,-20.0,sci_xrsf-l2-flrpt_geo_y2014_v1-0-1.csv
NCEI_GOES_FLRPT_2014_V1_0_1,201406121553,2014-06-12T15:53:00Z,2014-06-12T16:03:00Z,2014-06-12T16:09:00Z,M1.1,GOES-15,2085,2085,3340,51.0,-20.0,sci_xrsf-l2-flrpt_geo_y2014_v1-0-1.csv
NCEI_GOES_FLRPT_2014_V1_0_1,201406121803,2014-06-12T18:03:00Z,2014-06-12T18:13:00Z,2014-06-12T18:23:00Z,M1.9,GOES-15,2087,2087,3480,-48.0,-19.0,sci_xrsf-l2-flrpt_geo_y2014_v1-0-1.csv
NCEI_GOES_FLRPT_2014_V1_0_1,201406122057,2014-06-12T20:57:00Z,2014-06-12T21:13:00Z,2014-06-12T21:20:00Z,M1.4,GOES-15,2087,2087,3520,-49.0,-22.0,sci_xrsf-l2-flrpt_geo_y2014_v1-0-1.csv
NCEI_GOES_FLRPT_2014_V1_0_1,201406122136,2014-06-12T21:36:00Z,2014-06-12T22:16:00Z,2014-06-12T22:52:00Z,M4.5,GOES-15,2085,2085,3600,55.0,-20.0,sci_xrsf-l2-flrpt_geo_y2014_v1-0-1.csv
NCEI_GOES_FLRPT_2014_V1_0_1,201406130028,2014-06-13T00:28:00Z,2014-06-13T00:34:00Z,2014-06-13T00:41:00Z,M1.2,GOES-15,2087,2087,3660,-45.0,-19.0,sci_xrsf-l2-flrpt_geo_y2014_v1-0-1.csv
NCEI_GOES_FLRPT_2014_V1_0_1,201406130328,2014-06-13T03:28:00Z,2014-06-13T03:39:00Z,2014-06-13T03:43:00Z,M1.4,GOES-15,,,3710,,,sci_xrsf-l2-flrpt_geo_y2014_v1-0-1.csv
NCEI_GOES_FLRPT_2014_V1_0_1,201406130731,2014-06-13T07:31:00Z,2014-06-13T07:56:00Z,2014-06-13T08:00:00Z,M3.7,GOES-15,2087,2087,3810,-40.0,-18.0,sci_xrsf-l2-flrpt_geo_y2014_v1-0-1.csv
NCEI_GOES_FLRPT_2014_V1_0_1,201406132013,2014-06-13T20:13:00Z,2014-06-13T20:17:00Z,2014-06-13T20:20:00Z,M1.2,GOES-15,2087,2087,4110,-34.0,-20.0,sci_xrsf-l2-flrpt_geo_y2014_v1-0-1.csv
NCEI_GOES_FLRPT_2014_V1_0_1,201406141919,2014-06-14T19:19:00Z,2014-06-14T19:29:00Z,2014-06-14T19:34:00Z,M2.0,GOES-15,,,4330,,,sci_xrsf-l2-flrpt_geo_y2014_v1-0-1.csv
NCEI_GOES_FLRPT_2014_V1_0_1,201406150600,2014-06-15T06:00:00Z,2014-06-15T06:05:00Z,2014-06-15T06:09:00Z,M1.0,GOES-15,2082,2082,4400,,,sci_xrsf-l2-flrpt_geo_y2014_v1-0-1.csv
NCEI_GOES_FLRPT_2014_V1_0_1,201406150748,2014-06-15T07:48:00Z,2014-06-15T08:09:00Z,2014-06-15T08:56:00Z,M1.0,GOES-15,2085,2085,4450,-86.0,18.0,sci_xrsf-l2-flrpt_geo_y2014_v1-0-1.csv
NCEI_GOES_FLRPT_2014_V1_0_1,201406151124,2014-06-15T11:24:00Z,2014-06-15T11:39:00Z,2014-06-15T11:47:00Z,M1.5,GOES-15,2085,2085,4480,,,sci_xrsf-l2-flrpt_geo_y2014_v1-0-1.csv
NCEI_GOES_FLRPT_2014_V1_0_1,201406152350,2014-06-15T23:50:00Z,2014-06-16T00:01:00Z,2014-06-16T00:17:00Z,M1.4,GOES-15,2087,2087,4550,,,sci_xrsf-l2-flrpt_geo_y2014_v1-0-1.csv
NCEI_GOES_FLRPT_2014_V1_0_1,201406160132,2014-06-16T01:32:00Z,2014-06-16T02:15:00Z,2014-06-16T03:02:00Z,M1.1,GOES-15,2085,2085,4570,,,sci_xrsf-l2-flrpt_geo_y2014_v1-0-1.csv
NCEI_GOES_FLRPT_2014_V1_0_1,201407011100,2014-07-01T11:00:00Z,2014-07-01T11:23:00Z,2014-07-01T12:00:00Z,M2.0,GOES-15,2106,2106,7750,,,sci_xrsf-l2-flrpt_geo_y2014_v1-0-1.csv
NCEI_GOES_FLRPT_2014_V1_0_1,201407081601,2014-07-08T16:01:00Z,2014-07-08T16:20:00Z,2014-07-08T16:30:00Z,M9.3,GOES-15,2113,2113,450,-56.0,12.0,sci_xrsf-l2-flrpt_geo_y2014_v1-0-1.csv
NCEI_GOES_FLRPT_2014_V1_0_1,201407090018,2014-07-09T00:18:00Z,2014-07-09T00:26:00Z,2014-07-09T00:33:00Z,M1.7,GOES-15,2113,2113,620,,,sci_xrsf-l2-flrpt_geo_y2014_v1-0-1.csv
NCEI_GOES_FLRPT_2014_V1_0_1,201407102055,2014-07-10T20:55:00Z,2014-07-10T21:13:00Z,2014-07-10T21:37:00Z,M1.0,GOES-15,2113,2113,1440,,,sci_xrsf-l2-flrpt_geo_y2014_v1-0-1.csv
NCEI_GOES_FLRPT_2014_V1_0_1,201407102228,2014-07-10T22:28:00Z,2014-07-10T22:34:00Z,2014-07-10T22:37:00Z,M2.2,GOES-15,2106,2106,1480,,,sci_xrsf-l2-flrpt_geo_y2014_v1-0-1.csv
NCEI_GOES_FLRPT_2014_V1_0_1,201407301555,2014-07-30T15:55:00Z,2014-07-30T16:17:00Z,2014-07-30T16:35:00Z,M1.2,GOES-15,2127,2127,3750,,,sci_xrsf-l2-flrpt_geo_y2014_v1-0-1.csv
NCEI_GOES_FLRPT_2014_V1_0_1,201407311058,2014-07-31T10:58:00Z,2014-07-31T11:14:00Z,2014-07-31T11:21:00Z,M3.6,GOES-15,2130,2130,3870,,,sci_xrsf-l2-flrpt_geo_y2014_v1-0-1.csv
NCEI_GOES_FLRPT_2014_V1_0_1,201408010007,2014-08-01T00:07:00Z,2014-08-01T00:18:00Z,2014-08-01T00:32:00Z,M1.2,GOES-15,2132,2132,3970,-60.0,-17.0,sci_xrsf-l2-flrpt_geo_y2014_v1-0-1.csv
NCEI_GOES_FLRPT_2014_V1_0_1,201408011442,2014-08-01T14:42:00Z,2014-08-01T14:48:00Z,2014-08-01T14:57:00Z,M2.9,GOES-15,2130,2130,4210,,,sci_xrsf-l2-flrpt_geo_y2014_v1-0-1.csv
NCEI_GOES_FLRPT_2014_V1_0_1,201408011751,2014-08-01T17:51:00Z,2014-08-01T18:13:00Z,2014-08-01T18:49:00Z,M2.1,GOES-15,2127,2127,4250,,,sci_xrsf-l2-flrpt_geo_y2014_v1-0-1.csv
NCEI_GOES_FLRPT_2014_V1_0_1,201408211314,2014-08-21T13:14:00Z,2014-08-21T13:31:00Z,2014-08-21T13:42:00Z,M4.9,GOES-15,2149,2149,9490,-38.0,6.0,sci_xrsf-l2-flrpt_geo_y2014_v1-0-1.csv
NCEI_GOES_FLRPT_2014_V1_0_1,201408211852,2014-08-21T18:52:00Z,2014-08-21T19:04:00Z,2014-08-21T19:20:00Z,M1.0,GOES-15,2149,2149,9590,-80.0,11.0,sci_xrsf-l2-flrpt_geo_y2014_v1-0-1.csv
NCEI_GOES_FLRPT_2014_V1_0_1,201408220613,2014-08-22T06:13:00Z,2014-08-22T06:28:00Z,2014-08-22T06:34:00Z,M1.7,GOES-15,2149,2149,9790,-73.0,12.0,sci_xrsf-l2-flrpt_geo_y2014_v1-0-1.csv
NCEI_GOES_FLRPT_2014_V1_0_1,201408241155,2014-08-24T11:55:00Z,2014-08-24T12:17:00Z,2014-08-24T12:25:00Z,M8.5,GOES-15,2151,2151,470,-75.0,-7.0,sci_xrsf-l2-flrpt_geo_y2014_v1-0-1.csv
NCEI_GOES_FLRPT_2014_V1_0_1,201408251443,2014-08-25T14:43:00Z,2014-08-25T15:10:00Z,2014-08-25T15:31:00Z,M2.8,GOES-15,2146,2146,840,36.0,5.0,sci_xrsf-l2-flrpt_geo_y2014_v1-0-1.csv
NCEI_GOES_FLRPT_2014_V1_0_1,201408252002,2014-08-25T20:02:00Z,2014-08-25T20:20:00Z,2014-08-25T20:29:00Z,M5.6,GOES-15,2146,2146,860,,,sci_xrsf-l2-flrpt_geo_y2014_v1-0-1.csv
NCEI_GOES_FLRPT_2014_V1_0_1,201408311202,2014-08-31T12:02:00Z,2014-08-31T12:11:00Z,2014-08-31T12:14:00Z,M1.0,GOES-15,2149,2149,2560,,,sci_xrsf-l2-flrpt_geo_y2014_v1-0-1.csv
NCEI_GOES_FLRPT_2014_V1_0_1,201409031313,2014-09-03T13:13:00Z,2014-09-03T13:54:00Z,2014-09-03T14:23:00Z,M3.6,GOES-15,2155,2155,3300,18.0,-14.0,sci_xrsf-l2-flrpt_geo_y2014_v1-0-1.csv
NCEI_GOES_FLRPT_2014_V1_0_1,201409060752,2014-09-06T07:52:00Z,2014-09-06T08:14:00Z,,M1.1,GOES-15,2157,2157,3840,-54.0,-10.0,sci_xrsf-l2-flrpt_geo_y2014_v1-0-1.csv
NCEI_GOES_FLRPT_2014_V1_0_1,201409061644,2014-09-06T16:44:00Z,2014-09-06T16:57:00Z,,M1.2,GOES-15,,,,,,sci_xrsf-l2-flrpt_geo_y2014_v1-0-1.csv
NCEI_GOES_FLRPT_2014_V1_0_1,201409061701,2014-09-06T17:01:00Z,2014-09-06T17:09:00Z,2014-09-06T17:16:00Z,M1.6,GOES-15,2157,2157,3950,-53.0,-14.0,sci_xrsf-l2-flrpt_geo_y2014_v1-0-1.csv
NCEI_GOES_FLRPT_2014_V1_0_1,201409070149,2014-09-07T01:49:00Z,2014-09-07T02:04:00Z,2014-09-07T02:24:00Z,M1.0,GOES-15,2159,2159,4000,,,sci_xrsf-l2-flrpt_geo_y2014_v1-0-1.csv
NCEI_GOES_FLRPT_2014_V1_0_1,201409071929,2014-09-07T19:29:00Z,2014-09-07T19:43:00Z,2014-09-07T19:52:00Z,M1.1,GOES-15,2157,2157,4150,,,sci_xrsf-l2-flrpt_geo_y2014_v1-0-1.csv
NCEI_GOES_FLRPT_2014_V1_0_1,201409082332,2014-09-08T23:32:00Z,2014-09-09T00:29:00Z,2014-09-09T01:29:00Z,M6.5,GOES-15,2158,2158,4510,-29.0,12.0,sci_xrsf-l2-flrpt_geo_y2014_v1-0-1.csv
NCEI_GOES_FLRPT_2014_V1_0_1,201409101655,2014-09-10T16:55:00Z,2014-09-10T17:45:00Z,2014-09-10T18:21:00Z,X2.3,GOES-15,2158,2158,5030,-2.0,14.0,sci_xrsf-l2-flrpt_geo_y2014_v1-0-1.csv
NCEI_GOES_FLRPT_2014_V1_0_1,201409111518,2014-09-11T15:18:00Z,2014-09-11T15:25:00Z,2014-09-11T15:31:00Z,M3.0,GOES-15,2166,2166,5220,,,sci_xrsf-l2-flrpt_geo_y2014_v1-0-1.csv
NCEI_GOES_FLRPT_2014_V1_0_1,201409112123,2014-09-11T21:23:00Z,2014-09-11T21:26:00Z,2014-09-11T21:29:00Z,M2.0,GOES-15,2166,2166,5250,,,sci_xrsf-l2-flrpt_geo_y2014_v1-0-1.csv
NCEI_GOES_FLRPT_2014_V1_0_1,201409120204,2014-09-12T02:04:00Z,2014-09-12T02:24:00Z,2014-09-12T02:32:00Z,M1.3,GOES-15,2157,2157,5330,20.0,-16.0,sci_xrsf-l2-flrpt_geo_y2014_v1-0-1.csv
NCEI_GOES_FLRPT_2014_V1_0_1,201409140201,2014-09-14T02:01:00Z,2014-09-14T02:16:00Z,2014-09-14T02:36:00Z,M2.2,GOES-15,2157,2157,5850,49.0,-13.0,sci_xrsf-l2-flrpt_geo_y2014_v1-0-1.csv
NCEI_GOES_FLRPT_2014_V1_0_1,201409171922,2014-09-17T19:22:00Z,2014-09-17T19:48:00Z,2014-09-17T20:13:00Z,M1.0,GOES-15,2158,2158,6510,,,sci_xrsf-l2-flrpt_geo_y2014_v1-0-1.csv
NCEI_GOES_FLRPT_2014_V1_0_1,201409180835,2014-09-18T08:35:00Z,2014-09-18T08:42:00Z,2014-09-18T08:44:00Z,M3.0,GOES-13,,,,,,sci_xrsf-l2-flrpt_geo_y2014_v1-0-1.csv
NCEI_GOES_FLRPT_2014_V1_0_1,201409232259,2014-09-23T22:59:00Z,2014-09-23T23:16:00Z,2014-09-23T23:28:00Z,M3.3,GOES-15,2172,2172,7250,-33.0,-13.0,sci_xrsf-l2-flrpt_geo_y2014_v1-0-1.csv
NCEI_GOES_FLRPT_2014_V1_0_1,201409260435,2014-09-26T04:35:00Z,2014-09-26T05:44:00Z,,M1.2,GOES-15,2175,2175,7920,12.0,18.0,sci_xrsf-l2-flrpt_geo_y2014_v1-0-1.csv
NCEI_GOES_FLRPT_2014_V1_0_1,201409260604,2014-09-26T06:04:00Z,2014-09-26T06:25:00Z,2014-09-26T06:32:00Z,M1.0,GOES-15,,,,,,sci_xrsf-l2-flrpt_geo_y2014_v1-0-1.csv
NCEI_GOES_FLRPT_2014_V1_0_1,201409261613,2014-09-26T16:13:00Z,2014-09-26T16:18:00Z,2014-09-26T16:25:00Z,M1.1,GOES-15,2177,2177,8120,-75.0,13.0,sci_xrsf-l2-flrpt_geo_y2014_v1-0-1.csv
NCEI_GOES_FLRPT_2014_V1_0_1,201409270827,2014-09-27T08:27:00Z,2014-09-27T08:36:00Z,2014-09-27T08:39:00Z,M1.8,GOES-13,,,,,,sci_xrsf-l2-flrpt_geo_y2014_v1-0-1.csv
NCEI_GOES_FLRPT_2014_V1_0_1,201409280234,2014-09-28T02:34:00Z,2014-09-28T02:58:00Z,2014-09-28T03:19:00Z,M7.3,GOES-15,2173,2173,8460,23.0,-13.0,sci_xrsf-l2-flrpt_geo_y2014_v1-0-1.csv
NCEI_GOES_FLRPT_2014_V1_0_1,201409281703,2014-09-28T17:03:00Z,2014-09-28T17:33:00Z,2014-09-28T17:57:00Z,M1.4,GOES-15,2173,2173,8680,30.0,-15.0,sci_xrsf-l2-flrpt_geo_y2014_v1-0-1.csv
NCEI_GOES_FLRPT_2014_V1_0_1,201410021704,2014-10-02T17:04:00Z,2014-10-02T17:44:00Z,2014-10-02T18:15:00Z,M2.2,GOES-15,2172,2172,9560,76.0,-18.0,sci_xrsf-l2-flrpt_geo_y2014_v1-0-1.csv
NCEI_GOES_FLRPT_2014_V1_0_1,201410021844,2014-10-02T18:44:00Z,2014-10-02T19:01:00Z,2014-10-02T19:14:00Z,X1.0,GOES-15,2173,2173,9570,82.0,-17.0,sci_xrsf-l2-flrpt_geo_y2014_v1-0-1.csv
NCEI_GOES_FLRPT_2014_V1_0_1,201410030633,2014-10-03T06:33:00Z,2014-10-03T06:48:00Z,2014-10-03T07:14:00Z,M1.2,GOES-15,2173,2173,9730,,,sci_xrsf-l2-flrpt_geo_y2014_v1-0-1.csv
NCEI_GOES_FLRPT_2014_V1_0_1,201410090125,2014-10-09T01:25:00Z,2014-10-09T01:43:00Z,2014-10-09T01:47:00Z,M1.8,GOES-15,2182,2182,880,45.0,-15.0,sci_xrsf-l2-flrpt_geo_y2014_v1-0-1.csv
NCEI_GOES_FLRPT_2014_V1_0_1,201410090154,2014-10-09T01:54:00Z,2014-10-09T01:58:00Z,2014-10-09T02:02:00Z,M2.1,GOES-15,2182,2182,890,,,sci_xrsf-l2-flrpt_geo_y2014_v1-0-1.csv
NCEI_GOES_FLRPT_2014_V1_0_1,201410090654,2014-10-09T06:54:00Z,2014-10-09T06:59:00Z,2014-10-09T07:04:00Z,M1.7,GOES-15,2182,2182,940,46.0,-16.0,sci_xrsf-l2-flrpt_geo_y2014_v1-0-1.csv
NCEI_GOES_FLRPT_2014_V1_0_1,201410090918,2014-10-09T09:18:00Z,2014-10-09T09:27:00Z,2014-10-09T09:36:00Z,M1.3,GOES-13,2182,2182,970,47.0,-19.0,sci_xrsf-l2-flrpt_geo_y2014_v1-0-1.csv
NCEI_GOES_FLRPT_2014_V1_0_1,201410141808,2014-10-14T18:08:00Z,2014-10-14T18:37:00Z,2014-10-14T18:46:00Z,M1.5,GOES-15,,,1760,,,sci_xrsf-l2-flrpt_geo_y2014_v1-0-1.csv
NCEI_GOES_FLRPT_2014_V1_0_1,201410160729,2014-10-16T07:29:00Z,2014-10-16T07:37:00Z,2014-10-16T07:47:00Z,M1.1,GOES-15,,,2150,,,sci_xrsf-l2-flrpt_geo_y2014_v1-0-1.csv
NCEI_GOES_FLRPT_2014_V1_0_1,201410161258,2014-10-16T12:58:00Z,2014-10-16T13:03:00Z,2014-10-16T13:05:00Z,M6.2,GOES-15,2192,2192,2220,,,sci_xrsf-l2-flrpt_geo_y2014_v1-0-1.csv
NCEI_GOES_FLRPT_2014_V1_0_1,201410180705,2014-10-18T07:05:00Z,2014-10-18T07:59:00Z,,M2.3,GOES-15,2192,2192,3070,-71.0,-13.0,sci_xrsf-l2-flrpt_geo_y2014_v1-0-1.csv
NCEI_GOES_FLRPT_2014_V1_0_1,201410180806,2014-10-18T08:06:00Z,2014-10-18T08:10:00Z,2014-10-18T08:13:00Z,M2.3,GOES-15,,,,,,sci_xrsf-l2-flrpt_geo_y2014_v1-0-1.csv
NCEI_GOES_FLRPT_2014_V1_0_1,201410190402,2014-10-19T04:02:00Z,2014-10-19T05:03:00Z,2014-10-19T05:49:00Z,X1.5,GOES-15,2192,2192,3420,,,sci_xrsf-l2-flrpt_geo_y2014_v1-0-1.csv
NCEI_GOES_FLRPT_2014_V1_0_1,201410200555,2014-10-20T05:55:00Z,2014-10-20T06:02:00Z,2014-10-20T06:08:00Z,M1.2,GOES-15,2192,2192,3820,-50.0,-17.0,sci_xrsf-l2-flrpt_geo_y2014_v1-0-1.csv
NCEI_GOES_FLRPT_2014_V1_0_1,201410200856,2014-10-20T08:56:00Z,2014-10-20T09:11:00Z,2014-10-20T09:20:00Z,M5.6,GOES-15,2192,2192,3860,-42.0,-14.0,sci_xrsf-l2-flrpt_geo_y2014_v1-0-1.csv
NCEI_GOES_FLRPT_2014_V1_0_1,201410201456,2014-10-20T14:56:00Z,2014-10-20T15:24:00Z,2014-10-20T15:41:00Z,M1.2,GOES-15,2192,2192,3960,-43.0,-10.0,sci_xrsf-l2-flrpt_geo_y2014_v1-0-1.csv
NCEI_GOES_FLRPT_2014_V1_0_1,201410201559,2014-10-20T15:59:00Z,2014-10-20T16:15:00Z,,M4.3,GOES-15,,,,,,sci_xrsf-l2-flrpt_geo_y2014_v1-0-1.csv
NCEI_GOES_FLRPT_2014_V1_0_1,201410201622,2014-10-20T16:22:00Z,2014-10-20T16:33:00Z,2014-10-20T16:47:00Z,M6.4,GOES-15,2192,2192,3970,-37.0,-14.0,sci_xrsf-l2-flrpt_geo_y2014_v1-0-1.csv
NCEI_GOES_FLRPT_2014_V1_0_1,201410201855,2014-10-20T18:55:00Z,2014-10-20T19:02:00Z,2014-10-20T19:04:00Z,M2.1,GOES-15,2192,2192,3990,,,sci_xrsf-l2-flrpt_geo_y2014_v1-0-1.csv
NCEI_GOES_FLRPT_2014_V1_0_1,201410201951,2014-10-20T19:51:00Z,2014-10-20T20:04:00Z,2014-10-20T20:13:00Z,M2.5,GOES-15,2192,2192,4010,,,sci_xrsf-l2-flrpt_geo_y2014_v1-0-1.csv
NCEI_GOES_FLRPT_2014_V1_0_1,201410202016,2014-10-20T20:16:00Z,2014-10-20T20:26:00Z,2014-10-20T20:36:00Z,M1.9,GOES-15,,,,,,sci_xrsf-l2-flrpt_geo_y2014_v1-0-1.csv
NCEI_GOES_FLRPT_2014_V1_0_1,201410202240,2014-10-20T22:40:00Z,2014-10-20T22:55:00Z,2014-10-20T23:13:00Z,M1.7,GOES-15,2192,2192,4030,-36.0,-14.0,sci_xrsf-l2-flrpt_geo_y2014_v1-0-1.csv
NCEI_GOES_FLRPT_2014_V1_0_1,201410211335,2014-10-21T13:35:00Z,2014-10-21T13:38:00Z,2014-10-21T13:40:00Z,M1.8,GOES-15,,,4390,,,sci_xrsf-l2-flrpt_geo_y2014_v1-0-1.csv
NCEI_GOES_FLRPT_2014_V1_0_1,201410211446,2014-10-21T14:46:00Z,2014-10-21T14:53:00Z,2014-10-21T15:05:00Z,M1.0,GOES-15,,,,,,sci_xrsf-l2-flrpt_geo_y2014_v1-0-1.csv
NCEI_GOES_FLRPT_2014_V1_0_1,201410220128,2014-10-22T01:28:00Z,2014-10-22T01:59:00Z,2014-10-22T02:27:00Z,X1.2,GOES-15,2192,2192,4600,,,sci_xrsf-l2-flrpt_geo_y2014_v1-0-1.csv
NCEI_GOES_FLRPT_2014_V1_0_1,201410220457,2014-10-22T04:57:00Z,2014-10-22T05:17:00Z,2014-10-22T05:21:00Z,M3.9,GOES-15,2192,2192,4650,,,sci_xrsf-l2-flrpt_geo_y2014_v1-0-1.csv
NCEI_GOES_FLRPT_2014_V1_0_1,201410221357,2014-10-22T13:57:00Z,2014-10-22T14:28:00Z,2014-10-22T14:50:00Z,X2.3,GOES-15,2192,2192,4800,-13.0,-14.0,sci_xrsf-l2-flrpt_geo_y2014_v1-0-1.csv
NCEI_GOES_FLRPT_2014_V1_0_1,201410221550,2014-10-22T15:50:00Z,2014-10-22T15:57:00Z,2014-10-22T16:04:00Z,M2.0,GOES-15,,,4820,,,sci_xrsf-l2-flrpt_geo_y2014_v1-0-1.csv
NCEI_GOES_FLRPT_2014_V1_0_1,201410221758,2014-10-22T17:58:00Z,2014-10-22T18:15:00Z,2014-10-22T18:32:00Z,M1.3,GOES-15,,,,,,sci_xrsf-l2-flrpt_geo_y2014_v1-0-1.csv
NCEI_GOES_FLRPT_2014_V1_0_1,201410230939,2014-10-23T09:39:00Z,2014-10-23T09:50:00Z,2014-10-23T09:56:00Z,M1.6,GOES-15,2192,2192,5030,-3.0,-16.0,sci_xrsf-l2-flrpt_geo_y2014_v1-0-1.csv
NCEI_GOES_FLRPT_2014_V1_0_1,201410240735,2014-10-24T07:35:00Z,2014-10-24T07:48:00Z,2014-10-24T07:53:00Z,M5.8,GOES-15,2192,2192,5260,,,sci_xrsf-l2-flrpt_geo_y2014_v1-0-1.csv
NCEI_GOES_FLRPT_2014_V1_0_1,201410242048,2014-10-24T20:48:00Z,2014-10-24T21:20:00Z,,X3.1,GOES-15,,,,,,sci_xrsf-l2-flrpt_geo_y2014_v1-0-1.csv
NCEI_GOES_FLRPT_2014_V1_0_1,201410242123,2014-10-24T21:23:00Z,2014-10-24T21:41:00Z,2014-10-24T21:52:00Z,X4.5,GOES-15,2192,2192,5400,21.0,-16.0,sci_xrsf-l2-flrpt_geo_y2014_v1-0-1.csv
NCEI_GOES_FLRPT_2014_V1_0_1,201410250737,2014-10-25T07:37:00Z,2014-10-25T07:51:00Z,,M1.3,GOES-13,,,,,,sci_xrsf-l2-flrpt_geo_y2014_v1-0-1.csv
NCEI_GOES_FLRPT_2014_V1_0_1,201410250738,2014-10-25T07:38:00Z,2014-10-25T08:08:00Z,,M1.3,GOES-15,2192,2192,5480,23.0,-14.0,sci_xrsf-l2-flrpt_geo_y2014_v1-0-1.csv
NCEI_GOES_FLRPT_2014_V1_0_1,201410250820,2014-10-25T08:20:00Z,2014-10-25T08:23:00Z,2014-10-25T08:25:00Z,M1.3,GOES-15,,,,,,sci_xrsf-l2-flrpt_geo_y2014_v1-0-1.csv
NCEI_GOES_FLRPT_2014_V1_0_1,201410251539,2014-10-25T15:39:00Z,2014-10-25T15:51:00Z,,M1.3,GOES-15,2192,2192,5560,,,sci_xrsf-l2-flrpt_geo_y2014_v1-0-1.csv
NCEI_GOES_FLRPT_2014_V1_0_1,201410251624,2014-10-25T16:24:00Z,2014-10-25T17:08:00Z,,X1.4,GOES-15,2192,2192,5580,31.0,-16.0,sci_xrsf-l2-flrpt_geo_y2014_v1-0-1.csv
NCEI_GOES_FLRPT_2014_V1_0_1,201410252315,2014-10-25T23:15:00Z,2014-10-25T23:26:00Z,2014-10-25T23:36:00Z,M1.2,GOES-15,2192,2192,5640,,,sci_xrsf-l2-flrpt_geo_y2014_v1-0-1.csv
NCEI_GOES_FLRPT_2014_V1_0_1,201410260609,2014-10-26T06:09:00Z,2014-10-26T06:21:00Z,2014-10-26T06:26:00Z,M1.3,GOES-15,2192,2192,5690,36.0,-15.0,sci_xrsf-l2-flrpt_geo_y2014_v1-0-1.csv
NCEI_GOES_FLRPT_2014_V1_0_1,201410261013,2014-10-26T10:13:00Z,2014-10-26T10:18:00Z,2014-10-26T10:28:00Z,M1.0,GOES-15,,,,,,sci_xrsf-l2-flrpt_geo_y2014_v1-0-1.csv
NCEI_GOES_FLRPT_2014_V1_0_1,201410261033,2014-10-26T10:33:00Z,2014-10-26T10:56:00Z,2014-10-26T11:18:00Z,X2.8,GOES-15,2192,2192,5750,40.0,-18.0,sci_xrsf-l2-flrpt_geo_y2014_v1-0-1.csv
NCEI_GOES_FLRPT_2014_V1_0_1,201410261259,2014-10-26T12:59:00Z,2014-10-26T13:09:00Z,2014-10-26T13:17:00Z,M1.3,GOES-15,2192,2192,5780,40.0,-18.0,sci_xrsf-l2-flrpt_geo_y2014_v1-0-1.csv
NCEI_GOES_FLRPT_2014_V1_0_1,201410261704,2014-10-26T17:04:00Z,2014-10-26T17:17:00Z,2014-10-26T17:30:00Z,M1.4,GOES-15,2192,2192,5820,,,sci_xrsf-l2-flrpt_geo_y2014_v1-0-1.csv
NCEI_GOES_FLRPT_2014_V1_0_1,201410261753,2014-10-26T17:53:00Z,2014-10-26T17:59:00Z,2014-10-26T18:05:00Z,M1.1,GOES-15,2192,2192,5830,,,sci_xrsf-l2-flrpt_geo_y2014_v1-0-1.csv
NCEI_GOES_FLRPT_2014_V1_0_1,201410261807,2014-10-26T18:07:00Z,2014-10-26T18:15:00Z,2014-10-26T18:20:00Z,M6.0,GOES-15,2192,2192,5840,,,sci_xrsf-l2-flrpt_geo_y2014_v1-0-1.csv
NCEI_GOES_FLRPT_2014_V1_0_1,201410261840,2014-10-26T18:40:00Z,2014-10-26T18:49:00Z,2014-10-26T18:57:00Z,M2.7,GOES-15,2192,2192,5850,,,sci_xrsf-l2-flrpt_geo_y2014_v1-0-1.csv
NCEI_GOES_FLRPT_2014_V1_0_1,201410261952,2014-10-26T19:52:00Z,2014-10-26T20:21:00Z,2014-10-26T20:46:00Z,M3.5,GOES-15,2192,2192,5870,,,sci_xrsf-l2-flrpt_geo_y2014_v1-0-1.csv
NCEI_GOES_FLRPT_2014_V1_0_1,201410262144,2014-10-26T21:44:00Z,2014-10-26T21:59:00Z,2014-10-26T22:15:00Z,M1.1,GOES-15,2192,2192,5880,,,sci_xrsf-l2-flrpt_geo_y2014_v1-0-1.csv
NCEI_GOES_FLRPT_2014_V1_0_1,201410262327,2014-10-26T23:27:00Z,2014-10-26T23:36:00Z,2014-10-26T23:40:00Z,M1.1,GOES-13,,,,,,sci_xrsf-l2-flrpt_geo_y2014_v1-0-1.csv
NCEI_GOES_FLRPT_2014_V1_0_1,201410270001,2014-10-27T00:01:00Z,2014-10-27T00:26:00Z,,M9.9,GOES-15,,,,,,sci_xrsf-l2-flrpt_geo_y2014_v1-0-1.csv
NCEI_GOES_FLRPT_2014_V1_0_1,201410270028,2014-10-27T00:28:00Z,2014-10-27T00:34:00Z,2014-10-27T00:36:00Z,X1.0,GOES-15,2192,2192,5910,44.0,-14.0,sci_xrsf-l2-flrpt_geo_y2014_v1-0-1.csv
NCEI_GOES_FLRPT_2014_V1_0_1,201410270144,2014-10-27T01:44:00Z,2014-10-27T02:02:00Z,2014-10-27T02:11:00Z,M1.5,GOES-15,2192,2192,5950,,,sci_xrsf-l2-flrpt_geo_y2014_v1-0-1.csv
NCEI_GOES_FLRPT_2014_V1_0_1,201410270228,2014-10-27T02:28:00Z,2014-10-27T02:34:00Z,2014-10-27T02:38:00Z,M1.0,GOES-15,,,,,,sci_xrsf-l2-flrpt_geo_y2014_v1-0-1.csv
NCEI_GOES_FLRPT_2014_V1_0_1,201410270321,2014-10-27T03:21:00Z,2014-10-27T03:41:00Z,2014-10-27T03:51:00Z,M1.8,GOES-15,2192,2192,5990,,,sci_xrsf-l2-flrpt_geo_y2014_v1-0-1.csv
NCEI_GOES_FLRPT_2014_V1_0_1,201410270643,2014-10-27T06:43:00Z,2014-10-27T06:48:00Z,2014-10-27T06:54:00Z,M1.0,GOES-15,,,,,,sci_xrsf-l2-flrpt_geo_y2014_v1-0-1.csv
NCEI_GOES_FLRPT_2014_V1_0_1,201410270656,2014-10-27T06:56:00Z,2014-10-27T07:01:00Z,2014-10-27T07:07:00Z,M1.3,GOES-15,2192,2192,6020,,,sci_xrsf-l2-flrpt_geo_y2014_v1-0-1.csv
NCEI_GOES_FLRPT_2014_V1_0_1,201410270711,2014-10-27T07:11:00Z,2014-10-27T07:15:00Z,2014-10-27T07:20:00Z,M1.3,GOES-15,2192,2192,6030,,,sci_xrsf-l2-flrpt_geo_y2014_v1-0-1.csv
NCEI_GOES_FLRPT_2014_V1_0_1,201410270853,2014-10-27T08:53:00Z,2014-10-27T09:07:00Z,,M1.5,GOES-15,,,,,,sci_xrsf-l2-flrpt_geo_y2014_v1-0-1.csv
NCEI_GOES_FLRPT_2014_V1_0_1,201410270915,2014-10-27T09:15:00Z,2014-10-27T09:41:00Z,,M3.1,GOES-15,,,,,,sci_xrsf-l2-flrpt_geo_y2014_v1-0-1.csv
NCEI_GOES_FLRPT_2014_V1_0_1,201410270944,2014-10-27T09:44:00Z,2014-10-27T10:09:00Z,2014-10-27T10:30:00Z,M9.7,GOES-15,2192,2192,6050,48.0,-18.0,sci_xrsf-l2-flrpt_geo_y2014_v1-0-1.csv
NCEI_GOES_FLRPT_2014_V1_0_1,201410271404,2014-10-27T14:04:00Z,2014-10-27T14:47:00Z,2014-10-27T15:09:00Z,X2.9,GOES-15,2192,2192,6060,52.0,-17.0,sci_xrsf-l2-flrpt_geo_y2014_v1-0-1.csv
NCEI_GOES_FLRPT_2014_V1_0_1,201410271656,2014-10-27T16:56:00Z,2014-10-27T17:02:00Z,2014-10-27T17:08:00Z,M1.0,GOES-15,,,,,,sci_xrsf-l2-flrpt_geo_y2014_v1-0-1.csv
NCEI_GOES_FLRPT_2014_V1_0_1,201410271728,2014-10-27T17:28:00Z,2014-10-27T17:40:00Z,2014-10-27T17:52:00Z,M2.0,GOES-15,2192,2192,6070,,,sci_xrsf-l2-flrpt_geo_y2014_v1-0-1.csv
NCEI_GOES_FLRPT_2014_V1_0_1,201410280203,2014-10-28T02:03:00Z,2014-10-28T02:42:00Z,2014-10-28T03:11:00Z,M5.0,GOES-15,2192,2192,6130,61.0,-14.0,sci_xrsf-l2-flrpt_geo_y2014_v1-0-1.csv
NCEI_GOES_FLRPT_2014_V1_0_1,201410280326,2014-10-28T03:26:00Z,2014-10-28T03:32:00Z,2014-10-28T03:41:00Z,M9.4,GOES-15,2192,2192,6140,,,sci_xrsf-l2-flrpt_geo_y2014_v1-0-1.csv
NCEI_GOES_FLRPT_2014_V1_0_1,201410281352,2014-10-28T13:52:00Z,2014-10-28T14:06:00Z,2014-10-28T14:24:00Z,M2.2,GOES-15,2192,2192,6330,72.0,-18.0,sci_xrsf-l2-flrpt_geo_y2014_v1-0-1.csv
NCEI_GOES_FLRPT_2014_V1_0_1,201410290337,2014-10-29T03:37:00Z,2014-10-29T03:44:00Z,,M1.1,GOES-15,,,,,,sci_xrsf-l2-flrpt_geo_y2014_v1-0-1.csv
NCEI_GOES_FLRPT_2014_V1_0_1,201410290351,2014-10-29T03:51:00Z,2014-10-29T03:58:00Z,2014-10-29T04:06:00Z,M1.2,GOES-15,2192,2192,6480,72.0,-13.0,sci_xrsf-l2-flrpt_geo_y2014_v1-0-1.csv
NCEI_GOES_FLRPT_2014_V1_0_1,201410290601,2014-10-29T06:01:00Z,2014-10-29T06:18:00Z,,M1.0,GOES-15,,,,,,sci_xrsf-l2-flrpt_geo_y2014_v1-0-1.csv
NCEI_GOES_FLRPT_2014_V1_0_1,201410290650,2014-10-29T06:50:00Z,2014-10-29T07:04:00Z,,M1.2,GOES-15,,,,,,sci_xrsf-l2-flrpt_geo_y2014_v1-0-1.csv
NCEI_GOES_FLRPT_2014_V1_0_1,201410290725,2014-10-29T07:25:00Z,2014-10-29T07:30:00Z,2014-10-29T07:36:00Z,M1.2,GOES-15,,,,,,sci_xrsf-l2-flrpt_geo_y2014_v1-0-1.csv
NCEI_GOES_FLRPT_2014_V1_0_1,201410290811,2014-10-29T08:11:00Z,2014-10-29T08:20:00Z,2014-10-29T08:32:00Z,M1.4,GOES-15,2192,2192,6500,,,sci_xrsf-l2-flrpt_geo_y2014_v1-0-1.csv
NCEI_GOES_FLRPT_2014_V1_0_1,201410290953,2014-10-29T09:53:00Z,2014-10-29T10:01:00Z,2014-10-29T10:06:00Z,M1.7,GOES-15,2192,2192,6550,,,sci_xrsf-l2-flrpt_geo_y2014_v1-0-1.csv
NCEI_GOES_FLRPT_2014_V1_0_1,201410291407,2014-10-29T14:07:00Z,2014-10-29T14:21:00Z,,M1.1,GOES-15,,,,,,sci_xrsf-l2-flrpt_geo_y2014_v1-0-1.csv
NCEI_GOES_FLRPT_2014_V1_0_1,201410291424,2014-10-29T14:24:00Z,2014-10-29T14:33:00Z,2014-10-29T14:51:00Z,M2.1,GOES-15,2192,2192,6570,81.0,-16.0,sci_xrsf-l2-flrpt_geo_y2014_v1-0-1.csv
NCEI_GOES_FLRPT_2014_V1_0_1,201410291606,2014-10-29T16:06:00Z,2014-10-29T16:13:00Z,,M1.2,GOES-15,,,,,,sci_xrsf-l2-flrpt_geo_y2014_v1-0-1.csv
NCEI_GOES_FLRPT_2014_V1_0_1,201410291615,2014-10-29T16:15:00Z,2014-10-29T16:20:00Z,2014-10-29T16:23:00Z,M1.4,GOES-15,2192,2192,6600,,,sci_xrsf-l2-flrpt_geo_y2014_v1-0-1.csv
NCEI_GOES_FLRPT_2014_V1_0_1,201410291847,2014-10-29T18:47:00Z,2014-10-29T18:50:00Z,2014-10-29T18:52:00Z,M1.8,GOES-15,2192,2192,6620,,,sci_xrsf-l2-flrpt_geo_y2014_v1-0-1.csv
NCEI_GOES_FLRPT_2014_V1_0_1,201410292113,2014-10-29T21:13:00Z,2014-10-29T21:22:00Z,2014-10-29T21:25:00Z,M3.3,GOES-15,2192,2192,6670,,,sci_xrsf-l2-flrpt_geo_y2014_v1-0-1.csv
NCEI_GOES_FLRPT_2014_V1_0_1,201410292350,2014-10-29T23:50:00Z,2014-10-30T00:06:00Z,2014-10-30T00:25:00Z,M1.0,GOES-15,,,,,,sci_xrsf-l2-flrpt_geo_y2014_v1-0-1.csv
NCEI_GOES_FLRPT_2014_V1_0_1,201410300034,2014-10-30T00:34:00Z,2014-10-30T00:37:00Z,2014-10-30T00:40:00Z,M1.9,GOES-15,2192,2192,6720,,,sci_xrsf-l2-flrpt_geo_y2014_v1-0-1.csv
NCEI_GOES_FLRPT_2014_V1_0_1,201410300115,2014-10-30T01:15:00Z,2014-10-30T01:35:00Z,2014-10-30T01:56:00Z,M5.1,GOES-15,2192,2192,6730,,,sci_xrsf-l2-flrpt_geo_y2014_v1-0-1.csv
NCEI_GOES_FLRPT_2014_V1_0_1,201410300415,2014-10-30T04:15:00Z,2014-10-30T04:28:00Z,2014-10-30T04:36:00Z,M1.7,GOES-15,2192,2192,6750,-62.0,-16.0,sci_xrsf-l2-flrpt_geo_y2014_v1-0-1.csv
NCEI_GOES_FLRPT_2014_V1_0_1,201410301517,2014-10-30T15:17:00Z,2014-10-30T15:31:00Z,,M1.3,GOES-15,,,,,,sci_xrsf-l2-flrpt_geo_y2014_v1-0-1.csv
NCEI_GOES_FLRPT_2014_V1_0_1,201410301535,2014-10-30T15:35:00Z,2014-10-30T15:42:00Z,2014-10-30T15:45:00Z,M1.4,GOES-15,2192,2192,6920,,,sci_xrsf-l2-flrpt_geo_y2014_v1-0-1.csv
NCEI_GOES_FLRPT_2014_V1_0_1,201410310028,2014-10-31T00:28:00Z,2014-10-31T01:01:00Z,2014-10-31T01:41:00Z,M1.1,GOES-15,,,6970,,,sci_xrsf-l2-flrpt_geo_y2014_v1-0-1.csv
NCEI_GOES_FLRPT_2014_V1_0_1,201411011636,2014-11-01T16:36:00Z,2014-11-01T16:46:00Z,2014-11-01T16:56:00Z,M1.0,GOES-15,2201,2201,7280,,,sci_xrsf-l2-flrpt_geo_y2014_v1-0-1.csv
NCEI_GOES_FLRPT_2014_V1_0_1,201411022037,2014-11-02T20:37:00Z,2014-11-02T21:05:00Z,2014-11-02T21:25:00Z,M1.3,GOES-15,,,7670,,,sci_xrsf-l2-flrpt_geo_y2014_v1-0-1.csv
NCEI_GOES_FLRPT_2014_V1_0_1,201411031117,2014-11-03T11:17:00Z,2014-11-03T11:53:00Z,2014-11-03T12:17:00Z,M3.1,GOES-15,2205,2205,7970,,,sci_xrsf-l2-flrpt_geo_y2014_v1-0-1.csv
NCEI_GOES_FLRPT_2014_V1_0_1,201411032211,2014-11-03T22:11:00Z,2014-11-03T22:40:00Z,2014-11-03T22:52:00Z,M9.4,GOES-15,2205,2205,8100,,,sci_xrsf-l2-flrpt_geo_y2014_v1-0-1.csv
NCEI_GOES_FLRPT_2014_V1_0_1,201411040806,2014-11-04T08:06:00Z,2014-11-04T08:38:00Z,,M3.8,GOES-15,2205,2205,8290,-82.0,15.0,sci_xrsf-l2-flrpt_geo_y2014_v1-0-1.csv
NCEI_GOES_FLRPT_2014_V1_0_1,201411040850,2014-11-04T08:50:00Z,2014-11-04T09:05:00Z,2014-11-04T09:13:00Z,M3.3,GOES-15,2205,2205,8300,-82.0,15.0,sci_xrsf-l2-flrpt_geo_y2014_v1-0-1.csv
NCEI_GOES_FLRPT_2014_V1_0_1,201411050922,2014-11-05T09:22:00Z,2014-11-05T09:47:00Z,2014-11-05T09:55:00Z,X1.1,GOES-15,2205,2205,8440,-68.0,20.0,sci_xrsf-l2-flrpt_geo_y2014_v1-0-1.csv
NCEI_GOES_FLRPT_2014_V1_0_1,201411051850,2014-11-05T18:50:00Z,2014-11-05T19:44:00Z,2014-11-05T20:14:00Z,M4.2,GOES-15,2205,2205,8520,-65.0,17.0,sci_xrsf-l2-flrpt_geo_y2014_v1-0-1.csv
NCEI_GOES_FLRPT_2014_V1_0_1,201411060122,2014-11-06T01:22:00Z,2014-11-06T01:39:00Z,2014-11-06T01:55:00Z,M4.6,GOES-15,2205,2205,8610,-58.0,15.0,sci_xrsf-l2-flrpt_geo_y2014_v1-0-1.csv
NCEI_GOES_FLRPT_2014_V1_0_1,201411060325,2014-11-06T03:25:00Z,2014-11-06T03:46:00Z,2014-11-06T04:03:00Z,M7.8,GOES-15,2205,2205,8620,-58.0,17.0,sci_xrsf-l2-flrpt_geo_y2014_v1-0-1.csv
NCEI_GOES_FLRPT_2014_V1_0_1,201411062200,2014-11-06T22:00:00Z,2014-11-06T22:16:00Z,2014-11-06T22:33:00Z,M3.6,GOES-15,2205,2205,8740,-45.0,14.0,sci_xrsf-l2-flrpt_geo_y2014_v1-0-1.csv
NCEI_GOES_FLRPT_2014_V1_0_1,201411070223,2014-11-07T02:23:00Z,2014-11-07T02:49:00Z,,M3.8,GOES-15,2205,2205,8800,-50.0,17.0,sci_xrsf-l2-flrpt_geo_y2014_v1-0-1.csv
NCEI_GOES_FLRPT_2014_V1_0_1,201411070308,2014-11-07T03:08:00Z,2014-11-07T03:17:00Z,2014-11-07T03:24:00Z,M2.9,GOES-15,,,,,,sci_xrsf-l2-flrpt_geo_y2014_v1-0-1.csv
NCEI_GOES_FLRPT_2014_V1_0_1,201411070405,2014-11-07T04:05:00Z,2014-11-07T04:25:00Z,2014-11-07T04:43:00Z,M2.9,GOES-15,2205,2205,8820,,,sci_xrsf-l2-flrpt_geo_y2014_v1-0-1.csv
NCEI_GOES_FLRPT_2014_V1_0_1,201411071008,2014-11-07T10:08:00Z,2014-11-07T10:22:00Z,2014-11-07T10:30:00Z,M1.4,GOES-15,2205,2205,8890,-43.0,15.0,sci_xrsf-l2-flrpt_geo_y2014_v1-0-1.csv
NCEI_GOES_FLRPT_2014_V1_0_1,201411071630,2014-11-07T16:30:00Z,2014-11-07T16:39:00Z,2014-11-07T16:43:00Z,M1.0,GOES-15,2205,2205,8970,,,sci_xrsf-l2-flrpt_geo_y2014_v1-0-1.csv
NCEI_GOES_FLRPT_2014_V1_0_1,201411071653,2014-11-07T16:53:00Z,2014-11-07T17:25:00Z,2014-11-07T17:34:00Z,X2.3,GOES-15,2205,2205,8980,,,sci_xrsf-l2-flrpt_geo_y2014_v1-0-1.csv
NCEI_GOES_FLRPT_2014_V1_0_1,201411091520,2014-11-09T15:20:00Z,2014-11-09T15:32:00Z,2014-11-09T15:38:00Z,M3.3,GOES-15,2205,2205,9670,-14.0,18.0,sci_xrsf-l2-flrpt_geo_y2014_v1-0-1.csv
NCEI_GOES_FLRPT_2014_V1_0_1,201411100218,2014-11-10T02:18:00Z,2014-11-10T02:22:00Z,2014-11-10T02:25:00Z,M1.1,GOES-15,2205,2205,9890,-4.0,15.0,sci_xrsf-l2-flrpt_geo_y2014_v1-0-1.csv
NCEI_GOES_FLRPT_2014_V1_0_1,201411151138,2014-11-15T11:38:00Z,2014-11-15T12:03:00Z,2014-11-15T12:10:00Z,M4.7,GOES-15,2209,2209,1050,-63.0,-9.0,sci_xrsf-l2-flrpt_geo_y2014_v1-0-1.csv
NCEI_GOES_FLRPT_2014_V1_0_1,201411152034,2014-11-15T20:34:00Z,2014-11-15T20:46:00Z,2014-11-15T20:50:00Z,M5.4,GOES-15,2209,2209,1100,-63.0,-13.0,sci_xrsf-l2-flrpt_geo_y2014_v1-0-1.csv
NCEI_GOES_FLRPT_2014_V1_0_1,201411161732,2014-11-16T17:32:00Z,2014-11-16T17:48:00Z,2014-11-16T17:57:00Z,M8.2,GOES-15,2209,2209,1390,,,sci_xrsf-l2-flrpt_geo_y2014_v1-0-1.csv
NCEI_GOES_FLRPT_2014_V1_0_1,201411200625,2014-11-20T06:25:00Z,2014-11-20T06:41:00Z,2014-11-20T06:56:00Z,M1.0,GOES-15,2216,2216,2280,,,sci_xrsf-l2-flrpt_geo_y2014_v1-0-1.csv
NCEI_GOES_FLRPT_2014_V1_0_1,201411220053,2014-11-22T00:53:00Z,2014-11-22T01:01:00Z,2014-11-22T01:06:00Z,M1.1,GOES-15,2209,2209,2590,26.0,-12.0,sci_xrsf-l2-flrpt_geo_y2014_v1-0-1.csv
NCEI_GOES_FLRPT_2014_V1_0_1,201411270034,2014-11-27T00:34:00Z,2014-11-27T00:47:00Z,2014-11-27T00:51:00Z,M1.1,GOES-15,2222,2222,3610,-73.0,-21.0,sci_xrsf-l2-flrpt_geo_y2014_v1-0-1.csv
NCEI_GOES_FLRPT_2014_V1_0_1,201411280024,2014-11-28T00:24:00Z,2014-11-28T00:40:00Z,2014-11-28T00:50:00Z,M1.0,GOES-15,2222,2222,4010,-47.0,-25.0,sci_xrsf-l2-flrpt_geo_y2014_v1-0-1.csv
NCEI_GOES_FLRPT_2014_V1_0_1,201412010623,2014-12-01T06:23:00Z,2014-12-01T06:41:00Z,2014-12-01T06:59:00Z,M2.6,GOES-15,2222,2222,5180,-17.0,-21.0,sci_xrsf-l2-flrpt_geo_y2014_v1-0-1.csv
NCEI_GOES_FLRPT_2014_V1_0_1,201412040756,2014-12-04T07:56:00Z,2014-12-04T08:10:00Z,2014-12-04T08:21:00Z,M1.8,GOES-15,2222,2222,6380,27.0,-24.0,sci_xrsf-l2-flrpt_geo_y2014_v1-0-1.csv
NCEI_GOES_FLRPT_2014_V1_0_1,201412041756,2014-12-04T17:56:00Z,2014-12-04T18:25:00Z,2014-12-04T18:56:00Z,M8.8,GOES-15,2222,2222,6490,,,sci_xrsf-l2-flrpt_geo_y2014_v1-0-1.csv
NCEI_GOES_FLRPT_2014_V1_0_1,201412041938,2014-12-04T19:38:00Z,2014-12-04T19:41:00Z,2014-12-04T19:44:00Z,M1.9,GOES-15,2222,2222,6510,,,sci_xrsf-l2-flrpt_geo_y2014_v1-0-1.csv
NCEI_GOES_FLRPT_2014_V1_0_1,201412051143,2014-12-05T11:43:00Z,2014-12-05T12:25:00Z,2014-12-05T12:46:00Z,M2.2,GOES-15,2222,2222,6880,,,sci_xrsf-l2-flrpt_geo_y2014_v1-0-1.csv
NCEI_GOES_FLRPT_2014_V1_0_1,201412090817,2014-12-09T08:17:00Z,2014-12-09T08:29:00Z,2014-12-09T08:41:00Z,M1.1,GOES-15,2230,2230,7950,-31.0,-14.0,sci_xrsf-l2-flrpt_geo_y2014_v1-0-1.csv
NCEI_GOES_FLRPT_2014_V1_0_1,201412091015,2014-12-09T10:15:00Z,2014-12-09T10:24:00Z,2014-12-09T10:29:00Z,M1.2,GOES-15,2230,2230,7990,-31.0,-15.0,sci_xrsf-l2-flrpt_geo_y2014_v1-0-1.csv
NCEI_GOES_FLRPT_2014_V1_0_1,201412130508,2014-12-13T05:08:00Z,2014-12-13T05:19:00Z,2014-12-13T05:25:00Z,M2.6,GOES-13,,,,,,sci_xrsf-l2-flrpt_geo_y2014_v1-0-1.csv
NCEI_GOES_FLRPT_2014_V1_0_1,201412140415,2014-12-14T04:15:00Z,2014-12-14T04:33:00Z,2014-12-14T04:41:00Z,M1.2,GOES-15,2241,2241,8920,-74.0,-11.0,sci_xrsf-l2-flrpt_geo_y2014_v1-0-1.csv
NCEI_GOES_FLRPT_2014_V1_0_1,201412140825,2014-12-14T08:25:00Z,2014-12-14T08:33:00Z,2014-12-14T08:37:00Z,M1.2,GOES-15,2242,2242,9040,-49.0,-18.0,sci_xrsf-l2-flrpt_geo_y2014_v1-0-1.csv
NCEI_GOES_FLRPT_2014_V1_0_1,201412141923,2014-12-14T19:23:00Z,2014-12-14T19:33:00Z,2014-12-14T19:39:00Z,M2.2,GOES-15,2242,2242,9170,-44.0,-19.0,sci_xrsf-l2-flrpt_geo_y2014_v1-0-1.csv
NCEI_GOES_FLRPT_2014_V1_0_1,201412150129,2014-12-15T01:29:00Z,2014-12-15T01:40:00Z,2014-12-15T01:44:00Z,M1.0,GOES-15,2242,2242,9340,-34.0,-21.0,sci_xrsf-l2-flrpt_geo_y2014_v1-0-1.csv
NCEI_GOES_FLRPT_2014_V1_0_1,201412170037,2014-12-17T00:37:00Z,2014-12-17T01:10:00Z,2014-12-17T01:21:00Z,M2.1,GOES-15,2242,2242,9810,-10.0,-25.0,sci_xrsf-l2-flrpt_geo_y2014_v1-0-1.csv
NCEI_GOES_FLRPT_2014_V1_0_1,201412170135,2014-12-17T01:35:00Z,2014-12-17T01:50:00Z,2014-12-17T01:58:00Z,M1.6,GOES-15,2241,2241,9820,-33.0,-11.0,sci_xrsf-l2-flrpt_geo_y2014_v1-0-1.csv
NCEI_GOES_FLRPT_2014_V1_0_1,201412170417,2014-12-17T04:17:00Z,2014-12-17T04:51:00Z,2014-12-17T05:20:00Z,X1.2,GOES-15,2242,2242,9900,-9.0,-20.0,sci_xrsf-l2-flrpt_geo_y2014_v1-0-1.csv
NCEI_GOES_FLRPT_2014_V1_0_1,201412171453,2014-12-17T14:53:00Z,2014-12-17T15:01:00Z,2014-12-17T15:06:00Z,M1.4,GOES-15,2242,2242,20,,,sci_xrsf-l2-flrpt_geo_y2014_v1-0-1.csv
NCEI_GOES_FLRPT_2014_V1_0_1,201412171853,2014-12-17T18:53:00Z,2014-12-17T19:01:00Z,2014-12-17T19:20:00Z,M2.1,GOES-15,2241,2241,80,-24.0,-10.0,sci_xrsf-l2-flrpt_geo_y2014_v1-0-1.csv
NCEI_GOES_FLRPT_2014_V1_0_1,201412171926,2014-12-17T19:26:00Z,2014-12-17T19:30:00Z,2014-12-17T19:34:00Z,M1.2,GOES-15,2241,2241,100,,,sci_xrsf-l2-flrpt_geo_y2014_v1-0-1.csv
NCEI_GOES_FLRPT_2014_V1_0_1,201412172112,2014-12-17T21:12:00Z,2014-12-17T21:26:00Z,2014-12-17T21:33:00Z,M1.0,GOES-15,2242,2242,140,2.0,-19.0,sci_xrsf-l2-flrpt_geo_y2014_v1-0-1.csv
NCEI_GOES_FLRPT_2014_V1_0_1,201412181239,2014-12-18T12:39:00Z,2014-12-18T12:52:00Z,2014-12-18T13:00:00Z,M1.0,GOES-15,2242,2242,440,10.0,-16.0,sci_xrsf-l2-flrpt_geo_y2014_v1-0-1.csv
NCEI_GOES_FLRPT_2014_V1_0_1,201412181640,2014-12-18T16:40:00Z,2014-12-18T16:51:00Z,2014-12-18T17:01:00Z,M1.0,GOES-15,2242,2242,500,,,sci_xrsf-l2-flrpt_geo_y2014_v1-0-1.csv
NCEI_GOES_FLRPT_2014_V1_0_1,201412181930,2014-12-18T19:30:00Z,2014-12-18T19:43:00Z,2014-12-18T19:52:00Z,M1.1,GOES-15,2241,2241,520,,,sci_xrsf-l2-flrpt_geo_y2014_v1-0-1.csv
NCEI_GOES_FLRPT_2014_V1_0_1,201412182137,2014-12-18T21:37:00Z,2014-12-18T21:57:00Z,2014-12-18T22:25:00Z,M9.9,GOES-15,2241,2241,550,-15.0,-11.0,sci_xrsf-l2-flrpt_geo_y2014_v1-0-1.csv
NCEI_GOES_FLRPT_2014_V1_0_1,201412190927,2014-12-19T09:27:00Z,2014-12-19T09:44:00Z,2014-12-19T09:54:00Z,M1.9,GOES-15,2242,2242,740,27.0,-19.0,sci_xrsf-l2-flrpt_geo_y2014_v1-0-1.csv
NCEI_GOES_FLRPT_2014_V1_0_1,201412200010,2014-12-20T00:10:00Z,2014-12-20T00:27:00Z,2014-12-20T00:55:00Z,X2.6,GOES-15,2242,2242,1020,24.0,-21.0,sci_xrsf-l2-flrpt_geo_y2014_v1-0-1.csv
NCEI_GOES_FLRPT_2014_V1_0_1,201412210716,2014-12-21T07:16:00Z,2014-12-21T07:32:00Z,2014-12-21T07:51:00Z,M1.7,GOES-15,2242,2242,1420,48.0,-21.0,sci_xrsf-l2-flrpt_geo_y2014_v1-0-1.csv
NCEI_GOES_FLRPT_2014_V1_0_1,201412211123,2014-12-21T11:23:00Z,2014-12-21T11:48:00Z,,M1.3,GOES-15,,,,,,sci_xrsf-l2-flrpt_geo_y2014_v1-0-1.csv
NCEI_GOES_FLRPT_2014_V1_0_1,201412211155,2014-12-21T11:55:00Z,2014-12-21T12:17:00Z,2014-12-21T12:30:00Z,M1.5,GOES-15,2241,2241,1500,,,sci_xrsf-l2-flrpt_geo_y2014_v1-0-1.csv
NCEI_GOES_FLRPT_2014_V1_0_1,201412220127,2014-12-22T01:27:00Z,2014-12-22T01:49:00Z,2014-12-22T02:00:00Z,M1.4,GOES-15,2242,2242,1710,54.0,-19.0,sci_xrsf-l2-flrpt_geo_y2014_v1-0-1.csv
NCEI_GOES_FLRPT_2014_V1_0_1,201412220422,2014-12-22T04:22:00Z,2014-12-22T04:54:00Z,,M1.2,GOES-15,2242,2242,1730,56.0,-20.0,sci_xrsf-l2-flrpt_geo_y2014_v1-0-1.csv
NCEI_GOES_FLRPT_2014_V1_0_1,201412221053,2014-12-22T10:53:00Z,2014-12-22T11:07:00Z,2014-12-22T11:27:00Z,M1.0,GOES-15,2242,2242,1810,67.0,-21.0,sci_xrsf-l2-flrpt_geo_y2014_v1-0-1.csv
NCEI_GOES_FLRPT_2014_V1_0_1,201412270159,2014-12-27T01:59:00Z,2014-12-27T02:16:00Z,2014-12-27T02:24:00Z,M3.2,GOES-15,2249,2249,2560,48.0,-11.0,sci_xrsf-l2-flrpt_geo_y2014_v1-0-1.csv
NCEI_GOES_FLRPT_2015_V1_0_1,201501030940,2015-01-03T09:40:00Z,2015-01-03T09:47:00Z,2015-01-03T09:50:00Z,M1.6,GOES-15,2253,2253,4200,-17.0,-4.0,sci_xrsf-l2-flrpt_geo_y2015_v1-0-1.csv
NCEI_GOES_FLRPT_2015_V1_0_1,201501041513,2015-01-04T15:13:00Z,2015-01-04T15:36:00Z,2015-01-04T15:54:00Z,M1.8,GOES-15,2253,2253,4640,-2.0,-7.0,sci_xrsf-l2-flrpt_geo_y2015_v1-0-1.csv
NCEI_GOES_FLRPT_2015_V1_0_1,201501051730,2015-01-05T17:30:00Z,2015-01-05T17:47:00Z,2015-01-05T18:05:00Z,M1.0,GOES-15,2253,2253,4920,12.0,-7.0,sci_xrsf-l2-flrpt_geo_y2015_v1-0-1.csv
NCEI_GOES_FLRPT_2015_V1_0_1,201501061136,2015-01-06T11:36:00Z,2015-01-06T11:47:00Z,2015-01-06T11:53:00Z,M1.3,GOES-15,,,5090,,,sci_xrsf-l2-flrpt_geo_y2015_v1-0-1.csv
NCEI_GOES_FLRPT_2015_V1_0_1,201501090800,2015-01-09T08:00:00Z,2015-01-09T08:17:00Z,2015-01-09T08:34:00Z,M1.3,GOES-15,2257,2257,5780,18.0,6.0,sci_xrsf-l2-flrpt_geo_y2015_v1-0-1.csv
NCEI_GOES_FLRPT_2015_V1_0_1,201501121416,2015-01-12T14:16:00Z,2015-01-12T14:44:00Z,2015-01-12T15:10:00Z,M1.0,GOES-15,2255,2255,6530,55.0,-19.0,sci_xrsf-l2-flrpt_geo_y2015_v1-0-1.csv
NCEI_GOES_FLRPT_2015_V1_0_1,201501130408,2015-01-13T04:08:00Z,2015-01-13T04:24:00Z,2015-01-13T04:38:00Z,M8.1,GOES-15,2257,2257,6680,70.0,6.0,sci_xrsf-l2-flrpt_geo_y2015_v1-0-1.csv
NCEI_GOES_FLRPT_2015_V1_0_1,201501130445,2015-01-13T04:45:00Z,2015-01-13T04:58:00Z,2015-01-13T05:11:00Z,M7.0,GOES-15,2257,2257,6690,,,sci_xrsf-l2-flrpt_geo_y2015_v1-0-1.csv
NCEI_GOES_FLRPT_2015_V1_0_1,201501140334,2015-01-14T03:34:00Z,2015-01-14T03:47:00Z,2015-01-14T03:54:00Z,M1.3,GOES-15,2257,2257,6940,,,sci_xrsf-l2-flrpt_geo_y2015_v1-0-1.csv
NCEI_GOES_FLRPT_2015_V1_0_1,201501140438,2015-01-14T04:38:00Z,2015-01-14T04:56:00Z,2015-01-14T05:06:00Z,M1.1,GOES-15,2257,2257,6950,,,sci_xrsf-l2-flrpt_geo_y2015_v1-0-1.csv
NCEI_GOES_FLRPT_2015_V1_0_1,201501141246,2015-01-14T12:46:00Z,2015-01-14T12:58:00Z,2015-01-14T13:08:00Z,M3.1,GOES-15,2257,2257,7080,,,sci_xrsf-l2-flrpt_geo_y2015_v1-0-1.csv
NCEI_GOES_FLRPT_2015_V1_0_1,201501211130,2015-01-21T11:30:00Z,2015-01-21T11:42:00Z,2015-01-21T11:48:00Z,M1.4,GOES-15,2268,2268,7930,,,sci_xrsf-l2-flrpt_geo_y2015_v1-0-1.csv
NCEI_GOES_FLRPT_2015_V1_0_1,201501220439,2015-01-22T04:39:00Z,2015-01-22T04:52:00Z,2015-01-22T05:02:00Z,M2.0,GOES-15,2268,2268,8030,,,sci_xrsf-l2-flrpt_geo_y2015_v1-0-1.csv
NCEI_GOES_FLRPT_2015_V1_0_1,201501261643,2015-01-26T16:43:00Z,2015-01-26T16:53:00Z,2015-01-26T16:58:00Z,M1.6,GOES-15,2268,2268,8800,,,sci_xrsf-l2-flrpt_geo_y2015_v1-0-1.csv
NCEI_GOES_FLRPT_2015_V1_0_1,201501280410,2015-01-28T04:10:00Z,2015-01-28T04:41:00Z,2015-01-28T04:57:00Z,M2.0,GOES-15,2268,2268,9260,-9.0,-9.0,sci_xrsf-l2-flrpt_geo_y2015_v1-0-1.csv
NCEI_GOES_FLRPT_2015_V1_0_1,201501280519,2015-01-28T05:19:00Z,2015-01-28T05:30:00Z,2015-01-28T05:39:00Z,M1.4,GOES-15,2268,2268,9280,,,sci_xrsf-l2-flrpt_geo_y2015_v1-0-1.csv
NCEI_GOES_FLRPT_2015_V1_0_1,201501282131,2015-01-28T21:31:00Z,2015-01-28T21:37:00Z,2015-01-28T21:40:00Z,M1.5,GOES-15,2277,2277,9420,-73.0,8.0,sci_xrsf-l2-flrpt_geo_y2015_v1-0-1.csv
NCEI_GOES_FLRPT_2015_V1_0_1,201501290512,2015-01-29T05:12:00Z,2015-01-29T05:23:00Z,2015-01-29T05:51:00Z,M1.1,GOES-15,2268,2268,9550,6.0,-13.0,sci_xrsf-l2-flrpt_geo_y2015_v1-0-1.csv
NCEI_GOES_FLRPT_2015_V1_0_1,201501291131,2015-01-29T11:31:00Z,2015-01-29T11:42:00Z,2015-01-29T11:52:00Z,M3.0,GOES-15,2268,2268,9680,6.0,-12.0,sci_xrsf-l2-flrpt_geo_y2015_v1-0-1.csv
NCEI_GOES_FLRPT_2015_V1_0_1,201501291221,2015-01-29T12:21:00Z,2015-01-29T12:26:00Z,2015-01-29T12:30:00Z,M1.0,GOES-15,2277,2277,9720,,,sci_xrsf-l2-flrpt_geo_y2015_v1-0-1.csv
NCEI_GOES_FLRPT_2015_V1_0_1,201501292337,2015-01-29T23:37:00Z,2015-01-29T23:47:00Z,2015-01-29T23:54:00Z,M1.2,GOES-15,2277,2277,9870,-61.0,7.0,sci_xrsf-l2-flrpt_geo_y2015_v1-0-1.csv
NCEI_GOES_FLRPT_2015_V1_0_1,201501300027,2015-01-30T00:27:00Z,2015-01-30T00:44:00Z,2015-01-30T01:02:00Z,M2.9,GOES-15,2268,2268,9900,,,sci_xrsf-l2-flrpt_geo_y2015_v1-0-1.csv
NCEI_GOES_FLRPT_2015_V1_0_1,201501300526,2015-01-30T05:26:00Z,2015-01-30T05:36:00Z,,M2.4,GOES-15,2268,2268,9960,,,sci_xrsf-l2-flrpt_geo_y2015_v1-0-1.csv
NCEI_GOES_FLRPT_2015_V1_0_1,201501300552,2015-01-30T05:52:00Z,2015-01-30T06:03:00Z,2015-01-30T06:14:00Z,M2.3,GOES-15,,,,,,sci_xrsf-l2-flrpt_geo_y2015_v1-0-1.csv
NCEI_GOES_FLRPT_2015_V1_0_1,201501301205,2015-01-30T12:05:00Z,2015-01-30T12:16:00Z,2015-01-30T12:21:00Z,M3.4,GOES-15,2277,2277,20,,,sci_xrsf-l2-flrpt_geo_y2015_v1-0-1.csv
NCEI_GOES_FLRPT_2015_V1_0_1,201502040204,2015-02-04T02:04:00Z,2015-02-04T02:15:00Z,2015-02-04T02:21:00Z,M1.8,GOES-15,2277,2277,1190,14.0,10.0,sci_xrsf-l2-flrpt_geo_y2015_v1-0-1.csv
NCEI_GOES_FLRPT_2015_V1_0_1,201502092256,2015-02-09T22:56:00Z,2015-02-09T23:35:00Z,2015-02-10T00:14:00Z,M3.4,GOES-15,2282,2282,2550,,,sci_xrsf-l2-flrpt_geo_y2015_v1-0-1.csv
NCEI_GOES_FLRPT_2015_V1_0_1,201502100158,2015-02-10T01:58:00Z,2015-02-10T02:02:00Z,2015-02-10T02:07:00Z,M1.1,GOES-15,2280,2280,2650,42.0,-8.0,sci_xrsf-l2-flrpt_geo_y2015_v1-0-1.csv
NCEI_GOES_FLRPT_2015_V1_0_1,201503020630,2015-03-02T06:30:00Z,2015-03-02T06:39:00Z,2015-03-02T06:44:00Z,M1.5,GOES-15,2290,2290,4270,84.0,19.0,sci_xrsf-l2-flrpt_geo_y2015_v1-0-1.csv
NCEI_GOES_FLRPT_2015_V1_0_1,201503020942,2015-03-02T09:42:00Z,2015-03-02T09:48:00Z,2015-03-02T09:54:00Z,M1.6,GOES-15,2290,2290,4330,,,sci_xrsf-l2-flrpt_geo_y2015_v1-0-1.csv
NCEI_GOES_FLRPT_2015_V1_0_1,201503021504,2015-03-02T15:04:00Z,2015-03-02T15:28:00Z,2015-03-02T15:37:00Z,M5.4,GOES-15,2290,2290,4380,,,sci_xrsf-l2-flrpt_geo_y2015_v1-0-1.csv
NCEI_GOES_FLRPT_2015_V1_0_1,201503021919,2015-03-02T19:19:00Z,2015-03-02T19:31:00Z,2015-03-02T19:36:00Z,M5.8,GOES-15,2290,2290,4410,,,sci_xrsf-l2-flrpt_geo_y2015_v1-0-1.csv
NCEI_GOES_FLRPT_2015_V1_0_1,201503030120,2015-03-03T01:20:00Z,2015-03-03T01:35:00Z,2015-03-03T01:42:00Z,X1.1,GOES-15,2290,2290,4450,87.0,21.0,sci_xrsf-l2-flrpt_geo_y2015_v1-0-1.csv
NCEI_GOES_FLRPT_2015_V1_0_1,201503030217,2015-03-03T02:17:00Z,2015-03-03T02:27:00Z,2015-03-03T02:32:00Z,M1.1,GOES-13,,,,,,sci_xrsf-l2-flrpt_geo_y2015_v1-0-1.csv
NCEI_GOES_FLRPT_2015_V1_0_1,201503051739,2015-03-05T17:39:00Z,2015-03-05T18:11:00Z,2015-03-05T18:23:00Z,M1.7,GOES-15,,,4650,,,sci_xrsf-l2-flrpt_geo_y2015_v1-0-1.csv
NCEI_GOES_FLRPT_2015_V1_0_1,201503060411,2015-03-06T04:11:00Z,2015-03-06T04:50:00Z,2015-03-06T05:27:00Z,M4.4,GOES-15,,,,,,sci_xrsf-l2-flrpt_geo_y2015_v1-0-1.csv
NCEI_GOES_FLRPT_2015_V1_0_1,201503072158,2015-03-07T21:58:00Z,2015-03-07T22:22:00Z,2015-03-07T22:49:00Z,X1.3,GOES-15,2297,2297,4980,,,sci_xrsf-l2-flrpt_geo_y2015_v1-0-1.csv
NCEI_GOES_FLRPT_2015_V1_0_1,201503091421,2015-03-09T14:21:00Z,2015-03-09T14:33:00Z,2015-03-09T14:37:00Z,M6.5,GOES-15,2297,2297,5540,-49.0,-15.0,sci_xrsf-l2-flrpt_geo_y2015_v1-0-1.csv
NCEI_GOES_FLRPT_2015_V1_0_1,201503091731,2015-03-09T17:31:00Z,2015-03-09T17:42:00Z,2015-03-09T17:52:00Z,M1.3,GOES-15,2297,2297,5550,-46.0,-13.0,sci_xrsf-l2-flrpt_geo_y2015_v1-0-1.csv
NCEI_GOES_FLRPT_2015_V1_0_1,201503092324,2015-03-09T23:24:00Z,2015-03-09T23:53:00Z,2015-03-10T00:12:00Z,M8.3,GOES-15,2297,2297,5630,-45.0,-18.0,sci_xrsf-l2-flrpt_geo_y2015_v1-0-1.csv
NCEI_GOES_FLRPT_2015_V1_0_1,201503100321,2015-03-10T03:21:00Z,2015-03-10T03:24:00Z,2015-03-10T03:28:00Z,M7.4,GOES-15,2297,2297,5670,-40.0,-15.0,sci_xrsf-l2-flrpt_geo_y2015_v1-0-1.csv
NCEI_GOES_FLRPT_2015_V1_0_1,201503102356,2015-03-10T23:56:00Z,2015-03-11T00:02:00Z,2015-03-11T00:06:00Z,M4.1,GOES-15,2297,2297,6150,-28.0,-16.0,sci_xrsf-l2-flrpt_geo_y2015_v1-0-1.csv
NCEI_GOES_FLRPT_2015_V1_0_1,201503110710,2015-03-11T07:10:00Z,2015-03-11T07:18:00Z,,M2.7,GOES-15,2297,2297,6260,-26.0,-16.0,sci_xrsf-l2-flrpt_geo_y2015_v1-0-1.csv
NCEI_GOES_FLRPT_2015_V1_0_1,201503110725,2015-03-11T07:25:00Z,2015-03-11T07:31:00Z,2015-03-11T07:39:00Z,M2.0,GOES-15,,,,,,sci_xrsf-l2-flrpt_geo_y2015_v1-0-1.csv
NCEI_GOES_FLRPT_2015_V1_0_1,201503110745,2015-03-11T07:45:00Z,2015-03-11T07:57:00Z,2015-03-11T08:05:00Z,M3.7,GOES-15,2297,2297,6270,,,sci_xrsf-l2-flrpt_geo_y2015_v1-0-1.csv
NCEI_GOES_FLRPT_2015_V1_0_1,201503111609,2015-03-11T16:09:00Z,2015-03-11T16:21:00Z,2015-03-11T16:29:00Z,X3.1,GOES-15,2297,2297,6380,-21.0,-17.0,sci_xrsf-l2-flrpt_geo_y2015_v1-0-1.csv
NCEI_GOES_FLRPT_2015_V1_0_1,201503111837,2015-03-11T18:37:00Z,2015-03-11T18:51:00Z,2015-03-11T18:57:00Z,M1.5,GOES-15,2297,2297,6410,-18.0,-16.0,sci_xrsf-l2-flrpt_geo_y2015_v1-0-1.csv
NCEI_GOES_FLRPT_2015_V1_0_1,201503112206,2015-03-11T22:06:00Z,2015-03-11T22:19:00Z,2015-03-11T22:37:00Z,M1.1,GOES-15,2297,2297,6440,,,sci_xrsf-l2-flrpt_geo_y2015_v1-0-1.csv
NCEI_GOES_FLRPT_2015_V1_0_1,201503120209,2015-03-12T02:09:00Z,2015-03-12T02:18:00Z,2015-03-12T02:25:00Z,M1.0,GOES-15,2299,2299,6490,,,sci_xrsf-l2-flrpt_geo_y2015_v1-0-1.csv
NCEI_GOES_FLRPT_2015_V1_0_1,201503120437,2015-03-12T04:37:00Z,2015-03-12T04:46:00Z,2015-03-12T04:50:00Z,M4.6,GOES-15,2297,2297,6540,,,sci_xrsf-l2-flrpt_geo_y2015_v1-0-1.csv
NCEI_GOES_FLRPT_2015_V1_0_1,201503120856,2015-03-12T08:56:00Z,2015-03-12T09:14:00Z,,M1.3,GOES-13,2297,2297,6600,,,sci_xrsf-l2-flrpt_geo_y2015_v1-0-1.csv
NCEI_GOES_FLRPT_2015_V1_0_1,201503121137,2015-03-12T11:37:00Z,2015-03-12T11:50:00Z,2015-03-12T12:02:00Z,M2.3,GOES-15,2297,2297,6640,,,sci_xrsf-l2-flrpt_geo_y2015_v1-0-1.csv
NCEI_GOES_FLRPT_2015_V1_0_1,201503121206,2015-03-12T12:06:00Z,2015-03-12T12:14:00Z,2015-03-12T12:18:00Z,M2.0,GOES-15,2297,2297,6650,,,sci_xrsf-l2-flrpt_geo_y2015_v1-0-1.csv
NCEI_GOES_FLRPT_2015_V1_0_1,201503121341,2015-03-12T13:41:00Z,2015-03-12T14:08:00Z,2015-03-12T14:13:00Z,M6.0,GOES-15,2297,2297,6700,-6.0,-15.0,sci_xrsf-l2-flrpt_geo_y2015_v1-0-1.csv
NCEI_GOES_FLRPT_2015_V1_0_1,201503122139,2015-03-12T21:39:00Z,2015-03-12T21:51:00Z,2015-03-12T21:56:00Z,M3.9,GOES-15,2297,2297,6820,,,sci_xrsf-l2-flrpt_geo_y2015_v1-0-1.csv
NCEI_GOES_FLRPT_2015_V1_0_1,201503130344,2015-03-13T03:44:00Z,2015-03-13T04:01:00Z,2015-03-13T04:16:00Z,M1.7,GOES-15,2297,2297,6920,,,sci_xrsf-l2-flrpt_geo_y2015_v1-0-1.csv
NCEI_GOES_FLRPT_2015_V1_0_1,201503130544,2015-03-13T05:44:00Z,2015-03-13T05:53:00Z,,M1.0,GOES-15,,,,,,sci_xrsf-l2-flrpt_geo_y2015_v1-0-1.csv
NCEI_GOES_FLRPT_2015_V1_0_1,201503130600,2015-03-13T06:00:00Z,2015-03-13T06:07:00Z,2015-03-13T06:11:00Z,M2.6,GOES-15,2297,2297,6940,,,sci_xrsf-l2-flrpt_geo_y2015_v1-0-1.csv
NCEI_GOES_FLRPT_2015_V1_0_1,201503140423,2015-03-14T04:23:00Z,2015-03-14T04:40:00Z,2015-03-14T04:54:00Z,M1.9,GOES-15,2297,2297,7060,12.0,-14.0,sci_xrsf-l2-flrpt_geo_y2015_v1-0-1.csv
NCEI_GOES_FLRPT_2015_V1_0_1,201503150119,2015-03-15T01:19:00Z,2015-03-15T02:01:00Z,,M1.2,GOES-15,,,,,,sci_xrsf-l2-flrpt_geo_y2015_v1-0-1.csv
NCEI_GOES_FLRPT_2015_V1_0_1,201503150203,2015-03-15T02:03:00Z,2015-03-15T02:13:00Z,2015-03-15T02:15:00Z,M1.3,GOES-15,2297,2297,7310,25.0,-22.0,sci_xrsf-l2-flrpt_geo_y2015_v1-0-1.csv
NCEI_GOES_FLRPT_2015_V1_0_1,201503150936,2015-03-15T09:36:00Z,2015-03-15T09:40:00Z,2015-03-15T09:46:00Z,M1.7,GOES-13,,,,,,sci_xrsf-l2-flrpt_geo_y2015_v1-0-1.csv
NCEI_GOES_FLRPT_2015_V1_0_1,201503152249,2015-03-15T22:49:00Z,2015-03-15T22:56:00Z,,M1.1,GOES-15,,,,,,sci_xrsf-l2-flrpt_geo_y2015_v1-0-1.csv
NCEI_GOES_FLRPT_2015_V1_0_1,201503152304,2015-03-15T23:04:00Z,2015-03-15T23:22:00Z,2015-03-15T23:29:00Z,M1.8,GOES-15,,,7550,,,sci_xrsf-l2-flrpt_geo_y2015_v1-0-1.csv
NCEI_GOES_FLRPT_2015_V1_0_1,201503161034,2015-03-16T10:34:00Z,2015-03-16T10:58:00Z,2015-03-16T11:17:00Z,M2.4,GOES-15,2297,2297,7640,39.0,-17.0,sci_xrsf-l2-flrpt_geo_y2015_v1-0-1.csv
NCEI_GOES_FLRPT_2015_V1_0_1,201503162037,2015-03-16T20:37:00Z,2015-03-16T20:49:00Z,2015-03-16T21:00:00Z,M1.1,GOES-15,2297,2297,7710,48.0,-22.0,sci_xrsf-l2-flrpt_geo_y2015_v1-0-1.csv
NCEI_GOES_FLRPT_2015_V1_0_1,201503172314,2015-03-17T23:14:00Z,2015-03-17T23:34:00Z,2015-03-17T23:46:00Z,M1.5,GOES-15,2297,2297,7860,56.0,-21.0,sci_xrsf-l2-flrpt_geo_y2015_v1-0-1.csv
NCEI_GOES_FLRPT_2015_V1_0_1,201503180739,2015-03-18T07:39:00Z,2015-03-18T07:51:00Z,2015-03-18T07:59:00Z,M1.3,GOES-15,2302,2302,7940,59.0,10.0,sci_xrsf-l2-flrpt_geo_y2015_v1-0-1.csv
NCEI_GOES_FLRPT_2015_V1_0_1,201503181616,2015-03-18T16:16:00Z,2015-03-18T16:31:00Z,2015-03-18T16:42:00Z,M1.0,GOES-15,2297,2297,8060,,,sci_xrsf-l2-flrpt_geo_y2015_v1-0-1.csv
NCEI_GOES_FLRPT_2015_V1_0_1,201503200047,2015-03-20T00:47:00Z,2015-03-20T01:33:00Z,2015-03-20T02:12:00Z,M1.1,GOES-15,2297,2297,8340,,,sci_xrsf-l2-flrpt_geo_y2015_v1-0-1.csv
NCEI_GOES_FLRPT_2015_V1_0_1,201503250433,2015-03-25T04:33:00Z,2015-03-25T04:46:00Z,2015-03-25T05:11:00Z,M1.2,GOES-15,2305,2305,8890,-31.0,-10.0,sci_xrsf-l2-flrpt_geo_y2015_v1-0-1.csv
NCEI_GOES_FLRPT_2015_V1_0_1,201504081434,2015-04-08T14:34:00Z,2015-04-08T14:43:00Z,2015-04-08T14:47:00Z,M2.0,GOES-15,2320,2320,1030,4.0,-14.0,sci_xrsf-l2-flrpt_geo_y2015_v1-0-1.csv
NCEI_GOES_FLRPT_2015_V1_0_1,201504100753,2015-04-10T07:53:00Z,2015-04-10T08:03:00Z,2015-04-10T08:06:00Z,M1.1,GOES-15,2320,2320,1360,30.0,-14.0,sci_xrsf-l2-flrpt_geo_y2015_v1-0-1.csv
NCEI_GOES_FLRPT_2015_V1_0_1,201504120918,2015-04-12T09:18:00Z,2015-04-12T09:50:00Z,2015-04-12T10:36:00Z,M1.6,GOES-15,2321,2321,1750,-62.0,13.0,sci_xrsf-l2-flrpt_geo_y2015_v1-0-1.csv
NCEI_GOES_FLRPT_2015_V1_0_1,201504121751,2015-04-12T17:51:00Z,2015-04-12T18:07:00Z,2015-04-12T18:11:00Z,M1.2,GOES-15,2321,2321,1820,,,sci_xrsf-l2-flrpt_geo_y2015_v1-0-1.csv
NCEI_GOES_FLRPT_2015_V1_0_1,201504152008,2015-04-15T20:08:00Z,2015-04-15T20:23:00Z,,M1.1,GOES-15,2321,2321,2360,-15.0,10.0,sci_xrsf-l2-flrpt_geo_y2015_v1-0-1.csv
NCEI_GOES_FLRPT_2015_V1_0_1,201504210704,2015-04-21T07:04:00Z,2015-04-21T07:20:00Z,2015-04-21T07:27:00Z,M1.4,GOES-15,2322,2322,3290,80.0,9.0,sci_xrsf-l2-flrpt_geo_y2015_v1-0-1.csv
NCEI_GOES_FLRPT_2015_V1_0_1,201504211015,2015-04-21T10:15:00Z,2015-04-21T10:40:00Z,2015-04-21T10:59:00Z,M3.1,GOES-15,,,3360,,,sci_xrsf-l2-flrpt_geo_y2015_v1-0-1.csv
NCEI_GOES_FLRPT_2015_V1_0_1,201504211148,2015-04-21T11:48:00Z,2015-04-21T11:57:00Z,2015-04-21T12:02:00Z,M3.2,GOES-15,2322,2322,3380,84.0,10.0,sci_xrsf-l2-flrpt_geo_y2015_v1-0-1.csv
NCEI_GOES_FLRPT_2015_V1_0_1,201504211532,2015-04-21T15:32:00Z,2015-04-21T15:45:00Z,2015-04-21T15:51:00Z,M5.7,GOES-15,2322,2322,3480,84.0,10.0,sci_xrsf-l2-flrpt_geo_y2015_v1-0-1.csv
NCEI_GOES_FLRPT_2015_V1_0_1,201504211650,2015-04-21T16:50:00Z,2015-04-21T17:00:00Z,2015-04-21T17:09:00Z,M2.9,GOES-15,2322,2322,3490,84.0,13.0,sci_xrsf-l2-flrpt_geo_y2015_v1-0-1.csv
NCEI_GOES_FLRPT_2015_V1_0_1,201504212139,2015-04-21T21:39:00Z,2015-04-21T21:45:00Z,2015-04-21T21:55:00Z,M2.5,GOES-15,2322,2322,3550,,,sci_xrsf-l2-flrpt_geo_y2015_v1-0-1.csv
NCEI_GOES_FLRPT_2015_V1_0_1,201504212158,2015-04-21T21:58:00Z,2015-04-21T22:01:00Z,2015-04-21T22:04:00Z,M2.0,GOES-13,,,,,,sci_xrsf-l2-flrpt_geo_y2015_v1-0-1.csv
NCEI_GOES_FLRPT_2015_V1_0_1,201504220826,2015-04-22T08:26:00Z,2015-04-22T08:44:00Z,2015-04-22T08:59:00Z,M1.5,GOES-15,2322,2322,3750,-5.0,-9.0,sci_xrsf-l2-flrpt_geo_y2015_v1-0-1.csv
NCEI_GOES_FLRPT_2015_V1_0_1,201504230912,2015-04-23T09:12:00Z,2015-04-23T10:07:00Z,2015-04-23T11:12:00Z,M1.6,GOES-15,2322,2322,4190,,,sci_xrsf-l2-flrpt_geo_y2015_v1-0-1.csv
NCEI_GOES_FLRPT_2015_V1_0_1,201504231157,2015-04-23T11:57:00Z,2015-04-23T12:03:00Z,2015-04-23T12:08:00Z,M1.0,GOES-15,2326,2326,4210,,,sci_xrsf-l2-flrpt_geo_y2015_v1-0-1.csv
NCEI_GOES_FLRPT_2015_V1_0_1,201505040039,2015-05-04T00:39:00Z,2015-05-04T00:52:00Z,2015-05-04T01:07:00Z,M1.1,GOES-15,2335,2335,5580,-42.0,-18.0,sci_xrsf-l2-flrpt_geo_y2015_v1-0-1.csv
NCEI_GOES_FLRPT_2015_V1_0_1,201505050942,2015-05-05T09:42:00Z,2015-05-05T09:47:00Z,2015-05-05T09:51:00Z,M2.7,GOES-15,2339,2339,5980,,,sci_xrsf-l2-flrpt_geo_y2015_v1-0-1.csv
NCEI_GOES_FLRPT_2015_V1_0_1,201505051344,2015-05-05T13:44:00Z,2015-05-05T13:53:00Z,2015-05-05T13:56:00Z,M1.8,GOES-15,2339,2339,6090,-75.0,15.0,sci_xrsf-l2-flrpt_geo_y2015_v1-0-1.csv
NCEI_GOES_FLRPT_2015_V1_0_1,201505051419,2015-05-05T14:19:00Z,2015-05-05T14:25:00Z,2015-05-05T14:32:00Z,M1.9,GOES-15,2335,2335,6120,,,sci_xrsf-l2-flrpt_geo_y2015_v1-0-1.csv
NCEI_GOES_FLRPT_2015_V1_0_1,201505051713,2015-05-05T17:13:00Z,2015-05-05T17:24:00Z,2015-05-05T17:30:00Z,M3.8,GOES-15,2335,2335,6190,,,sci_xrsf-l2-flrpt_geo_y2015_v1-0-1.csv
NCEI_GOES_FLRPT_2015_V1_0_1,201505052207,2015-05-05T22:07:00Z,2015-05-05T22:11:00Z,2015-05-05T22:15:00Z,X3.9,GOES-15,2339,2339,6270,,,sci_xrsf-l2-flrpt_geo_y2015_v1-0-1.csv
NCEI_GOES_FLRPT_2015_V1_0_1,201505061145,2015-05-06T11:45:00Z,2015-05-06T11:49:00Z,2015-05-06T11:51:00Z,M2.8,GOES-15,2339,2339,6520,-67.0,17.0,sci_xrsf-l2-flrpt_geo_y2015_v1-0-1.csv
NCEI_GOES_FLRPT_2015_V1_0_1,201505090106,2015-05-09T01:06:00Z,2015-05-09T01:34:00Z,2015-05-09T02:22:00Z,M1.0,GOES-15,,,7440,-77.0,14.0,sci_xrsf-l2-flrpt_geo_y2015_v1-0-1.csv
NCEI_GOES_FLRPT_2015_V1_0_1,201505131759,2015-05-13T17:59:00Z,2015-05-13T18:18:00Z,2015-05-13T18:39:00Z,M1.3,GOES-15,2345,2345,9110,16.0,13.0,sci_xrsf-l2-flrpt_geo_y2015_v1-0-1.csv
NCEI_GOES_FLRPT_2015_V1_0_1,201506040934,2015-06-04T09:34:00Z,2015-06-04T09:47:00Z,2015-06-04T09:56:00Z,M1.1,GOES-14,2361,2361,1440,-73.0,18.0,sci_xrsf-l2-flrpt_geo_y2015_v1-0-1.csv
NCEI_GOES_FLRPT_2015_V1_0_1,201506110849,2015-06-11T08:49:00Z,2015-06-11T08:55:00Z,2015-06-11T08:59:00Z,M1.5,GOES-15,2367,2367,2260,,,sci_xrsf-l2-flrpt_geo_y2015_v1-0-1.csv
NCEI_GOES_FLRPT_2015_V1_0_1,201506111428,2015-06-11T14:28:00Z,2015-06-11T14:37:00Z,2015-06-11T14:41:00Z,M1.2,GOES-15,2367,2367,2380,-81.0,-17.0,sci_xrsf-l2-flrpt_geo_y2015_v1-0-1.csv
NCEI_GOES_FLRPT_2015_V1_0_1,201506111510,2015-06-11T15:10:00Z,2015-06-11T15:19:00Z,2015-06-11T15:23:00Z,M1.0,GOES-15,2367,2367,2390,-81.0,-17.0,sci_xrsf-l2-flrpt_geo_y2015_v1-0-1.csv
NCEI_GOES_FLRPT_2015_V1_0_1,201506122327,2015-06-12T23:27:00Z,2015-06-12T23:48:00Z,2015-06-13T00:01:00Z,M1.2,GOES-15,2360,2360,2880,73.0,14.0,sci_xrsf-l2-flrpt_geo_y2015_v1-0-1.csv
NCEI_GOES_FLRPT_2015_V1_0_1,201506130716,2015-06-13T07:16:00Z,2015-06-13T07:29:00Z,2015-06-13T07:47:00Z,M1.9,GOES-15,2360,2360,3010,78.0,11.0,sci_xrsf-l2-flrpt_geo_y2015_v1-0-1.csv
NCEI_GOES_FLRPT_2015_V1_0_1,201506140051,2015-06-14T00:51:00Z,2015-06-14T00:59:00Z,2015-06-14T01:09:00Z,M2.9,GOES-15,2360,2360,3140,73.0,14.0,sci_xrsf-l2-flrpt_geo_y2015_v1-0-1.csv
NCEI_GOES_FLRPT_2015_V1_0_1,201506180017,2015-06-18T00:17:00Z,2015-06-18T00:23:00Z,2015-06-18T00:28:00Z,M1.0,GOES-15,2367,2367,4260,,,sci_xrsf-l2-flrpt_geo_y2015_v1-0-1.csv
NCEI_GOES_FLRPT_2015_V1_0_1,201506180057,2015-06-18T00:57:00Z,2015-06-18T01:27:00Z,2015-06-18T01:51:00Z,M1.8,GOES-15,2365,2365,4380,,,sci_xrsf-l2-flrpt_geo_y2015_v1-0-1.csv
NCEI_GOES_FLRPT_2015_V1_0_1,201506190916,2015-06-19T09:16:00Z,2015-06-19T09:27:00Z,2015-06-19T09:38:00Z,M1.1,GOES-15,2371,2371,4920,-39.0,15.0,sci_xrsf-l2-flrpt_geo_y2015_v1-0-1.csv
NCEI_GOES_FLRPT_2015_V1_0_1,201506200621,2015-06-20T06:21:00Z,2015-06-20T06:48:00Z,2015-06-20T07:10:00Z,M1.4,GOES-15,2371,2371,5230,-25.0,13.0,sci_xrsf-l2-flrpt_geo_y2015_v1-0-1.csv
NCEI_GOES_FLRPT_2015_V1_0_1,201506210108,2015-06-21T01:08:00Z,2015-06-21T01:42:00Z,2015-06-21T02:00:00Z,M2.9,GOES-15,2371,2371,5420,-13.0,12.0,sci_xrsf-l2-flrpt_geo_y2015_v1-0-1.csv
NCEI_GOES_FLRPT_2015_V1_0_1,201506210207,2015-06-21T02:07:00Z,2015-06-21T02:36:00Z,2015-06-21T03:01:00Z,M3.8,GOES-15,2371,2371,5450,,,sci_xrsf-l2-flrpt_geo_y2015_v1-0-1.csv
NCEI_GOES_FLRPT_2015_V1_0_1,201506210933,2015-06-21T09:33:00Z,2015-06-21T09:44:00Z,2015-06-21T09:50:00Z,M5.5,GOES-15,2367,2367,5540,57.0,-21.0,sci_xrsf-l2-flrpt_geo_y2015_v1-0-1.csv
NCEI_GOES_FLRPT_2015_V1_0_1,201506211805,2015-06-21T18:05:00Z,2015-06-21T18:20:00Z,2015-06-21T18:28:00Z,M1.6,GOES-15,2367,2367,5690,64.0,-18.0,sci_xrsf-l2-flrpt_geo_y2015_v1-0-1.csv
NCEI_GOES_FLRPT_2015_V1_0_1,201506220509,2015-06-22T05:09:00Z,2015-06-22T05:19:00Z,2015-06-22T05:39:00Z,M1.0,GOES-15,2367,2367,5910,69.0,-19.0,sci_xrsf-l2-flrpt_geo_y2015_v1-0-1.csv
NCEI_GOES_FLRPT_2015_V1_0_1,201506221736,2015-06-22T17:36:00Z,2015-06-22T18:03:00Z,,M8.0,GOES-15,,,,,,sci_xrsf-l2-flrpt_geo_y2015_v1-0-1.csv
NCEI_GOES_FLRPT_2015_V1_0_1,201506221808,2015-06-22T18:08:00Z,2015-06-22T18:23:00Z,2015-06-22T18:32:00Z,M9.4,GOES-15,2371,2371,6100,8.0,12.0,sci_xrsf-l2-flrpt_geo_y2015_v1-0-1.csv
NCEI_GOES_FLRPT_2015_V1_0_1,201506250757,2015-06-25T07:57:00Z,2015-06-25T08:16:00Z,2015-06-25T09:05:00Z,X1.1,GOES-15,2371,2371,7100,42.0,9.0,sci_xrsf-l2-flrpt_geo_y2015_v1-0-1.csv
NCEI_GOES_FLRPT_2015_V1_0_1,201507031242,2015-07-03T12:42:00Z,2015-07-03T12:51:00Z,2015-07-03T12:53:00Z,M2.2,GOES-15,2378,2378,8240,-68.0,-15.0,sci_xrsf-l2-flrpt_geo_y2015_v1-0-1.csv
NCEI_GOES_FLRPT_2015_V1_0_1,201507060837,2015-07-06T08:37:00Z,2015-07-06T08:44:00Z,2015-07-06T08:52:00Z,M1.4,GOES-15,2381,2381,8700,-42.0,17.0,sci_xrsf-l2-flrpt_geo_y2015_v1-0-1.csv
NCEI_GOES_FLRPT_2015_V1_0_1,201507062027,2015-07-06T20:27:00Z,2015-07-06T20:40:00Z,2015-07-06T20:50:00Z,M2.5,GOES-15,2381,2381,8910,-36.0,18.0,sci_xrsf-l2-flrpt_geo_y2015_v1-0-1.csv
NCEI_GOES_FLRPT_2015_V1_0_1,201508210145,2015-08-21T01:45:00Z,2015-08-21T02:18:00Z,2015-08-21T02:38:00Z,M1.7,GOES-15,2403,2403,5940,-39.0,-16.0,sci_xrsf-l2-flrpt_geo_y2015_v1-0-1.csv
NCEI_GOES_FLRPT_2015_V1_0_1,201508210932,2015-08-21T09:32:00Z,2015-08-21T09:48:00Z,2015-08-21T10:07:00Z,M2.0,GOES-15,2403,2403,6000,-26.0,-17.0,sci_xrsf-l2-flrpt_geo_y2015_v1-0-1.csv
NCEI_GOES_FLRPT_2015_V1_0_1,201508212012,2015-08-21T20:12:00Z,2015-08-21T20:18:00Z,,M1.0,GOES-15,,,,,,sci_xrsf-l2-flrpt_geo_y2015_v1-0-1.csv
NCEI_GOES_FLRPT_2015_V1_0_1,201508212021,2015-08-21T20:21:00Z,2015-08-21T20:34:00Z,2015-08-21T20:42:00Z,M1.6,GOES-15,2403,2403,6130,-26.0,-12.0,sci_xrsf-l2-flrpt_geo_y2015_v1-0-1.csv
NCEI_GOES_FLRPT_2015_V1_0_1,201508220639,2015-08-22T06:39:00Z,2015-08-22T06:49:00Z,2015-08-22T06:59:00Z,M1.7,GOES-15,2403,2403,6220,-20.0,-15.0,sci_xrsf-l2-flrpt_geo_y2015_v1-0-1.csv
NCEI_GOES_FLRPT_2015_V1_0_1,201508221316,2015-08-22T13:16:00Z,2015-08-22T13:23:00Z,2015-08-22T13:29:00Z,M3.2,GOES-15,,,,,,sci_xrsf-l2-flrpt_geo_y2015_v1-0-1.csv
NCEI_GOES_FLRPT_2015_V1_0_1,201508222119,2015-08-22T21:19:00Z,2015-08-22T21:24:00Z,2015-08-22T21:28:00Z,M5.0,GOES-15,2403,2403,6400,-15.0,-15.0,sci_xrsf-l2-flrpt_geo_y2015_v1-0-1.csv
NCEI_GOES_FLRPT_2015_V1_0_1,201508240725,2015-08-24T07:25:00Z,2015-08-24T07:33:00Z,2015-08-24T07:35:00Z,M8.0,GOES-15,2403,2403,7030,4.0,-15.0,sci_xrsf-l2-flrpt_geo_y2015_v1-0-1.csv
NCEI_GOES_FLRPT_2015_V1_0_1,201508241737,2015-08-24T17:37:00Z,2015-08-24T17:46:00Z,2015-08-24T17:49:00Z,M1.5,GOES-15,2403,2403,7300,,,sci_xrsf-l2-flrpt_geo_y2015_v1-0-1.csv
NCEI_GOES_FLRPT_2015_V1_0_1,201508261336,2015-08-26T13:36:00Z,2015-08-26T13:53:00Z,2015-08-26T14:21:00Z,M1.3,GOES-15,2403,2403,8330,41.0,-11.0,sci_xrsf-l2-flrpt_geo_y2015_v1-0-1.csv
NCEI_GOES_FLRPT_2015_V1_0_1,201508270514,2015-08-27T05:14:00Z,2015-08-27T05:44:00Z,2015-08-27T06:02:00Z,M4.1,GOES-15,2403,2403,8730,45.0,-14.0,sci_xrsf-l2-flrpt_geo_y2015_v1-0-1.csv
NCEI_GOES_FLRPT_2015_V1_0_1,201508280237,2015-08-28T02:37:00Z,2015-08-28T02:51:00Z,2015-08-28T03:06:00Z,M1.1,GOES-15,2403,2403,9010,59.0,-13.0,sci_xrsf-l2-flrpt_geo_y2015_v1-0-1.csv
NCEI_GOES_FLRPT_2015_V1_0_1,201508281303,2015-08-28T13:03:00Z,2015-08-28T13:16:00Z,2015-08-28T13:23:00Z,M3.1,GOES-15,2403,2403,9200,65.0,-14.0,sci_xrsf-l2-flrpt_geo_y2015_v1-0-1.csv
NCEI_GOES_FLRPT_2015_V1_0_1,201508281856,2015-08-28T18:56:00Z,2015-08-28T19:03:00Z,2015-08-28T19:06:00Z,M3.0,GOES-15,2403,2403,9320,70.0,-13.0,sci_xrsf-l2-flrpt_geo_y2015_v1-0-1.csv
NCEI_GOES_FLRPT_2015_V1_0_1,201508300224,2015-08-30T02:24:00Z,2015-08-30T03:15:00Z,,M1.8,GOES-15,,,,,,sci_xrsf-l2-flrpt_geo_y2015_v1-0-1.csv
NCEI_GOES_FLRPT_2015_V1_0_1,201508300318,2015-08-30T03:18:00Z,2015-08-30T03:30:00Z,2015-08-30T03:43:00Z,M2.0,GOES-15,2403,2403,9710,,,sci_xrsf-l2-flrpt_geo_y2015_v1-0-1.csv
NCEI_GOES_FLRPT_2015_V1_0_1,201509161915,2015-09-16T19:15:00Z,2015-09-16T19:20:00Z,2015-09-16T19:24:00Z,M1.1,GOES-15,2415,2415,1370,-1.0,-20.0,sci_xrsf-l2-flrpt_geo_y2015_v1-0-1.csv
NCEI_GOES_FLRPT_2015_V1_0_1,201509170247,2015-09-17T02:47:00Z,2015-09-17T03:03:00Z,2015-09-17T03:08:00Z,M1.3,GOES-15,2415,2415,1460,1.0,-21.0,sci_xrsf-l2-flrpt_geo_y2015_v1-0-1.csv
NCEI_GOES_FLRPT_2015_V1_0_1,201509170926,2015-09-17T09:26:00Z,2015-09-17T09:40:00Z,2015-09-17T09:45:00Z,M1.8,GOES-13,,,,,,sci_xrsf-l2-flrpt_geo_y2015_v1-0-1.csv
NCEI_GOES_FLRPT_2015_V1_0_1,201509200449,2015-09-20T04:49:00Z,2015-09-20T05:03:00Z,2015-09-20T05:17:00Z,M2.1,GOES-15,2420,2420,2270,,,sci_xrsf-l2-flrpt_geo_y2015_v1-0-1.csv
NCEI_GOES_FLRPT_2015_V1_0_1,201509201727,2015-09-20T17:27:00Z,2015-09-20T18:03:00Z,2015-09-20T18:30:00Z,M3.1,GOES-15,2415,2415,2390,24.0,-20.0,sci_xrsf-l2-flrpt_geo_y2015_v1-0-1.csv
NCEI_GOES_FLRPT_2015_V1_0_1,201509210506,2015-09-21T05:06:00Z,2015-09-21T05:18:00Z,2015-09-21T05:22:00Z,M1.2,GOES-15,2420,2420,2490,-79.0,8.0,sci_xrsf-l2-flrpt_geo_y2015_v1-0-1.csv
NCEI_GOES_FLRPT_2015_V1_0_1,201509271027,2015-09-27T10:27:00Z,2015-09-27T10:40:00Z,2015-09-27T10:46:00Z,M2.7,GOES-15,2422,2422,4040,8.0,-22.0,sci_xrsf-l2-flrpt_geo_y2015_v1-0-1.csv
NCEI_GOES_FLRPT_2015_V1_0_1,201509271940,2015-09-27T19:40:00Z,2015-09-27T19:58:00Z,2015-09-27T20:05:00Z,M1.3,GOES-15,2422,2422,4420,18.0,-20.0,sci_xrsf-l2-flrpt_geo_y2015_v1-0-1.csv
NCEI_GOES_FLRPT_2015_V1_0_1,201509272052,2015-09-27T20:52:00Z,2015-09-27T21:00:00Z,2015-09-27T21:15:00Z,M1.4,GOES-15,2422,2422,4430,16.0,-21.0,sci_xrsf-l2-flrpt_geo_y2015_v1-0-1.csv
NCEI_GOES_FLRPT_2015_V1_0_1,201509272310,2015-09-27T23:10:00Z,2015-09-27T23:21:00Z,2015-09-27T23:26:00Z,M1.1,GOES-15,2422,2422,4490,14.0,-21.0,sci_xrsf-l2-flrpt_geo_y2015_v1-0-1.csv
NCEI_GOES_FLRPT_2015_V1_0_1,201509280335,2015-09-28T03:35:00Z,2015-09-28T03:55:00Z,2015-09-28T03:59:00Z,M5.1,GOES-15,2423,2423,4650,67.0,-9.0,sci_xrsf-l2-flrpt_geo_y2015_v1-0-1.csv
NCEI_GOES_FLRPT_2015_V1_0_1,201509280726,2015-09-28T07:26:00Z,2015-09-28T07:34:00Z,2015-09-28T07:46:00Z,M1.5,GOES-15,2422,2422,4750,20.0,-22.0,sci_xrsf-l2-flrpt_geo_y2015_v1-0-1.csv
NCEI_GOES_FLRPT_2015_V1_0_1,201509281120,2015-09-28T11:20:00Z,2015-09-28T11:32:00Z,2015-09-28T11:50:00Z,M1.2,GOES-15,2422,2422,4850,24.0,-22.0,sci_xrsf-l2-flrpt_geo_y2015_v1-0-1.csv
NCEI_GOES_FLRPT_2015_V1_0_1,201509281151,2015-09-28T11:51:00Z,2015-09-28T11:56:00Z,2015-09-28T12:00:00Z,M1.1,GOES-15,,,4860,,,sci_xrsf-l2-flrpt_geo_y2015_v1-0-1.csv
NCEI_GOES_FLRPT_2015_V1_0_1,201509281257,2015-09-28T12:57:00Z,2015-09-28T13:09:00Z,,M1.1,GOES-15,,,,,,sci_xrsf-l2-flrpt_geo_y2015_v1-0-1.csv
NCEI_GOES_FLRPT_2015_V1_0_1,201509281314,2015-09-28T13:14:00Z,2015-09-28T13:18:00Z,2015-09-28T13:24:00Z,M1.7,GOES-15,2422,2422,4900,24.0,-22.0,sci_xrsf-l2-flrpt_geo_y2015_v1-0-1.csv
NCEI_GOES_FLRPT_2015_V1_0_1,201509281331,2015-09-28T13:31:00Z,2015-09-28T13:40:00Z,2015-09-28T13:44:00Z,M1.7,GOES-15,,,,,,sci_xrsf-l2-flrpt_geo_y2015_v1-0-1.csv
NCEI_GOES_FLRPT_2015_V1_0_1,201509281425,2015-09-28T14:25:00Z,2015-09-28T14:34:00Z,2015-09-28T14:41:00Z,M1.4,GOES-15,2422,2422,4930,21.0,-22.0,sci_xrsf-l2-flrpt_geo_y2015_v1-0-1.csv
NCEI_GOES_FLRPT_2015_V1_0_1,201509281455,2015-09-28T14:55:00Z,2015-09-28T14:58:00Z,2015-09-28T15:03:00Z,X1.0,GOES-15,2422,2422,4940,,,sci_xrsf-l2-flrpt_geo_y2015_v1-0-1.csv
NCEI_GOES_FLRPT_2015_V1_0_1,201509282012,2015-09-28T20:12:00Z,2015-09-28T20:21:00Z,2015-09-28T20:40:00Z,M1.0,GOES-15,2423,2423,5070,66.0,-7.0,sci_xrsf-l2-flrpt_geo_y2015_v1-0-1.csv
NCEI_GOES_FLRPT_2015_V1_0_1,201509290311,2015-09-29T03:11:00Z,2015-09-29T03:16:00Z,2015-09-29T03:30:00Z,M1.7,GOES-15,2423,2423,5170,78.0,-8.0,sci_xrsf-l2-flrpt_geo_y2015_v1-0-1.csv
NCEI_GOES_FLRPT_2015_V1_0_1,201509290334,2015-09-29T03:34:00Z,2015-09-29T03:43:00Z,2015-09-29T03:47:00Z,M1.6,GOES-15,2422,2422,5200,36.0,-20.0,sci_xrsf-l2-flrpt_geo_y2015_v1-0-1.csv
NCEI_GOES_FLRPT_2015_V1_0_1,201509290500,2015-09-29T05:00:00Z,2015-09-29T05:16:00Z,2015-09-29T05:23:00Z,M4.2,GOES-15,2422,2422,5240,37.0,-21.0,sci_xrsf-l2-flrpt_geo_y2015_v1-0-1.csv
NCEI_GOES_FLRPT_2015_V1_0_1,201509290614,2015-09-29T06:14:00Z,2015-09-29T06:18:00Z,2015-09-29T06:23:00Z,M1.2,GOES-15,2422,2422,5270,37.0,-21.0,sci_xrsf-l2-flrpt_geo_y2015_v1-0-1.csv
NCEI_GOES_FLRPT_2015_V1_0_1,201509290633,2015-09-29T06:33:00Z,2015-09-29T06:43:00Z,2015-09-29T06:47:00Z,M2.0,GOES-15,2422,2422,5300,34.0,-20.0,sci_xrsf-l2-flrpt_geo_y2015_v1-0-1.csv
NCEI_GOES_FLRPT_2015_V1_0_1,201509290753,2015-09-29T07:53:00Z,2015-09-29T08:01:00Z,2015-09-29T08:08:00Z,M1.5,GOES-15,,,,,,sci_xrsf-l2-flrpt_geo_y2015_v1-0-1.csv
NCEI_GOES_FLRPT_2015_V1_0_1,201509290846,2015-09-29T08:46:00Z,2015-09-29T08:51:00Z,2015-09-29T08:55:00Z,M2.1,GOES-13,2423,2423,5350,77.0,-10.0,sci_xrsf-l2-flrpt_geo_y2015_v1-0-1.csv
NCEI_GOES_FLRPT_2015_V1_0_1,201509291109,2015-09-29T11:09:00Z,2015-09-29T11:15:00Z,2015-09-29T11:20:00Z,M2.2,GOES-15,2422,2422,5460,37.0,-21.0,sci_xrsf-l2-flrpt_geo_y2015_v1-0-1.csv
NCEI_GOES_FLRPT_2015_V1_0_1,201509291920,2015-09-29T19:20:00Z,2015-09-29T19:24:00Z,2015-09-29T19:27:00Z,M1.6,GOES-15,2422,2422,5660,36.0,-20.0,sci_xrsf-l2-flrpt_geo_y2015_v1-0-1.csv
NCEI_GOES_FLRPT_2015_V1_0_1,201509301049,2015-09-30T10:49:00Z,2015-09-30T10:59:00Z,2015-09-30T11:13:00Z,M1.8,GOES-15,2422,2422,6010,46.0,-22.0,sci_xrsf-l2-flrpt_geo_y2015_v1-0-1.csv
NCEI_GOES_FLRPT_2015_V1_0_1,201509301313,2015-09-30T13:13:00Z,2015-09-30T13:20:00Z,2015-09-30T13:22:00Z,M1.5,GOES-15,2422,2422,6060,59.0,-23.0,sci_xrsf-l2-flrpt_geo_y2015_v1-0-1.csv
NCEI_GOES_FLRPT_2015_V1_0_1,201510010914,2015-10-01T09:14:00Z,2015-10-01T09:34:00Z,2015-10-01T09:53:00Z,M1.2,GOES-13,2422,2422,6460,62.0,-24.0,sci_xrsf-l2-flrpt_geo_y2015_v1-0-1.csv
NCEI_GOES_FLRPT_2015_V1_0_1,201510011259,2015-10-01T12:59:00Z,2015-10-01T13:10:00Z,2015-10-01T13:14:00Z,M6.5,GOES-15,2422,2422,6470,64.0,-23.0,sci_xrsf-l2-flrpt_geo_y2015_v1-0-1.csv
NCEI_GOES_FLRPT_2015_V1_0_1,201510020001,2015-10-02T00:01:00Z,2015-10-02T00:12:00Z,2015-10-02T00:17:00Z,M7.9,GOES-15,2422,2422,6580,67.0,-19.0,sci_xrsf-l2-flrpt_geo_y2015_v1-0-1.csv
NCEI_GOES_FLRPT_2015_V1_0_1,201510020827,2015-10-02T08:27:00Z,2015-10-02T08:38:00Z,2015-10-02T08:45:00Z,M1.2,GOES-13,2422,2422,6700,83.0,-25.0,sci_xrsf-l2-flrpt_geo_y2015_v1-0-1.csv
NCEI_GOES_FLRPT_2015_V1_0_1,201510021218,2015-10-02T12:18:00Z,2015-10-02T12:26:00Z,2015-10-02T12:31:00Z,M1.5,GOES-15,2422,2422,6740,,,sci_xrsf-l2-flrpt_geo_y2015_v1-0-1.csv
NCEI_GOES_FLRPT_2015_V1_0_1,201510021326,2015-10-02T13:26:00Z,2015-10-02T13:37:00Z,2015-10-02T13:49:00Z,M1.0,GOES-15,2422,2422,6770,67.0,-20.0,sci_xrsf-l2-flrpt_geo_y2015_v1-0-1.csv
NCEI_GOES_FLRPT_2015_V1_0_1,201510021523,2015-10-02T15:23:00Z,2015-10-02T15:32:00Z,2015-10-02T15:37:00Z,M1.2,GOES-15,2422,2422,6790,73.0,-20.0,sci_xrsf-l2-flrpt_geo_y2015_v1-0-1.csv
NCEI_GOES_FLRPT_2015_V1_0_1,201510021707,2015-10-02T17:07:00Z,2015-10-02T17:18:00Z,2015-10-02T17:23:00Z,M1.4,GOES-15,2422,2422,6800,76.0,-19.0,sci_xrsf-l2-flrpt_geo_y2015_v1-0-1.csv
NCEI_GOES_FLRPT_2015_V1_0_1,201510021752,2015-10-02T17:52:00Z,2015-10-02T18:00:00Z,2015-10-02T18:03:00Z,M1.1,GOES-15,2422,2422,6810,77.0,-19.0,sci_xrsf-l2-flrpt_geo_y2015_v1-0-1.csv
NCEI_GOES_FLRPT_2015_V1_0_1,201510040229,2015-10-04T02:29:00Z,2015-10-04T02:41:00Z,2015-10-04T02:48:00Z,M1.5,GOES-15,2422,2422,7050,,,sci_xrsf-l2-flrpt_geo_y2015_v1-0-1.csv
NCEI_GOES_FLRPT_2015_V1_0_1,201510131402,2015-10-13T14:02:00Z,2015-10-13T14:11:00Z,2015-10-13T14:14:00Z,M1.3,GOES-15,2434,2434,7510,,,sci_xrsf-l2-flrpt_geo_y2015_v1-0-1.csv
NCEI_GOES_FLRPT_2015_V1_0_1,201510152326,2015-10-15T23:26:00Z,2015-10-15T23:31:00Z,2015-10-15T23:36:00Z,M1.7,GOES-15,2434,2434,7960,-50.0,-11.0,sci_xrsf-l2-flrpt_geo_y2015_v1-0-1.csv
NCEI_GOES_FLRPT_2015_V1_0_1,201510160611,2015-10-16T06:11:00Z,2015-10-16T06:16:00Z,2015-10-16T06:20:00Z,M1.6,GOES-15,2434,2434,7980,-46.0,-11.0,sci_xrsf-l2-flrpt_geo_y2015_v1-0-1.csv
NCEI_GOES_FLRPT_2015_V1_0_1,201510171830,2015-10-17T18:30:00Z,2015-10-17T18:51:00Z,2015-10-17T19:00:00Z,M1.2,GOES-15,2437,2437,8230,,,sci_xrsf-l2-flrpt_geo_y2015_v1-0-1.csv
NCEI_GOES_FLRPT_2015_V1_0_1,201510172004,2015-10-17T20:04:00Z,2015-10-17T20:23:00Z,2015-10-17T20:28:00Z,M1.6,GOES-15,2437,2437,8240,,,sci_xrsf-l2-flrpt_geo_y2015_v1-0-1.csv
NCEI_GOES_FLRPT_2015_V1_0_1,201510172035,2015-10-17T20:35:00Z,2015-10-17T20:42:00Z,2015-10-17T20:46:00Z,M2.1,GOES-15,2437,2437,8250,,,sci_xrsf-l2-flrpt_geo_y2015_v1-0-1.csv
NCEI_GOES_FLRPT_2015_V1_0_1,201510211748,2015-10-21T17:48:00Z,2015-10-21T17:56:00Z,2015-10-21T18:00:00Z,M1.1,GOES-15,2436,2436,8890,-24.0,8.0,sci_xrsf-l2-flrpt_geo_y2015_v1-0-1.csv
NCEI_GOES_FLRPT_2015_V1_0_1,201510301953,2015-10-30T19:53:00Z,2015-10-30T20:16:00Z,2015-10-30T20:33:00Z,M1.1,GOES-15,2443,2443,750,,,sci_xrsf-l2-flrpt_geo_y2015_v1-0-1.csv
NCEI_GOES_FLRPT_2015_V1_0_1,201510311748,2015-10-31T17:48:00Z,2015-10-31T17:52:00Z,2015-10-31T17:55:00Z,M1.5,GOES-15,2443,2443,1000,-51.0,6.0,sci_xrsf-l2-flrpt_geo_y2015_v1-0-1.csv
NCEI_GOES_FLRPT_2015_V1_0_1,201510311926,2015-10-31T19:26:00Z,2015-10-31T19:33:00Z,2015-10-31T19:41:00Z,M1.4,GOES-15,2443,2443,1020,-50.0,6.0,sci_xrsf-l2-flrpt_geo_y2015_v1-0-1.csv
NCEI_GOES_FLRPT_2015_V1_0_1,201511020936,2015-11-02T09:36:00Z,2015-11-02T10:00:00Z,2015-11-02T10:17:00Z,M1.0,GOES-15,2445,2445,1700,49.0,13.0,sci_xrsf-l2-flrpt_geo_y2015_v1-0-1.csv
NCEI_GOES_FLRPT_2015_V1_0_1,201511040320,2015-11-04T03:20:00Z,2015-11-04T03:25:00Z,2015-11-04T03:29:00Z,M2.8,GOES-15,2445,2445,2200,64.0,15.0,sci_xrsf-l2-flrpt_geo_y2015_v1-0-1.csv
NCEI_GOES_FLRPT_2015_V1_0_1,201511041153,2015-11-04T11:53:00Z,2015-11-04T12:03:00Z,2015-11-04T12:06:00Z,M3.7,GOES-15,2445,2445,2320,73.0,12.0,sci_xrsf-l2-flrpt_geo_y2015_v1-0-1.csv
NCEI_GOES_FLRPT_2015_V1_0_1,201511041319,2015-11-04T13:19:00Z,2015-11-04T13:52:00Z,2015-11-04T14:13:00Z,M5.3,GOES-15,2443,2443,2340,4.0,9.0,sci_xrsf-l2-flrpt_geo_y2015_v1-0-1.csv
NCEI_GOES_FLRPT_2015_V1_0_1,201511091259,2015-11-09T12:59:00Z,2015-11-09T13:12:00Z,2015-11-09T13:26:00Z,M5.6,GOES-15,2449,2449,2730,-41.0,-11.0,sci_xrsf-l2-flrpt_geo_y2015_v1-0-1.csv
NCEI_GOES_FLRPT_2015_V1_0_1,201511230155,2015-11-23T01:55:00Z,2015-11-23T02:28:00Z,2015-11-23T02:50:00Z,M1.2,GOES-15,2454,2454,3930,53.0,12.0,sci_xrsf-l2-flrpt_geo_y2015_v1-0-1.csv
NCEI_GOES_FLRPT_2015_V1_0_1,201512121331,2015-12-12T13:31:00Z,2015-12-12T13:46:00Z,2015-12-12T13:57:00Z,M1.1,GOES-15,2470,2470,5190,,,sci_xrsf-l2-flrpt_geo_y2015_v1-0-1.csv
NCEI_GOES_FLRPT_2015_V1_0_1,201512210044,2015-12-21T00:44:00Z,2015-12-21T01:03:00Z,2015-12-21T01:11:00Z,M4.0,GOES-15,2472,2472,6990,,,sci_xrsf-l2-flrpt_geo_y2015_v1-0-1.csv
NCEI_GOES_FLRPT_2015_V1_0_1,201512210527,2015-12-21T05:27:00Z,2015-12-21T05:39:00Z,2015-12-21T05:43:00Z,M1.3,GOES-15,2472,2472,7020,,,sci_xrsf-l2-flrpt_geo_y2015_v1-0-1.csv
NCEI_GOES_FLRPT_2015_V1_0_1,201512211005,2015-12-21T10:05:00Z,2015-12-21T10:19:00Z,2015-12-21T10:32:00Z,M1.5,GOES-15,2472,2472,7060,-85.0,4.0,sci_xrsf-l2-flrpt_geo_y2015_v1-0-1.csv
NCEI_GOES_FLRPT_2015_V1_0_1,201512220310,2015-12-22T03:10:00Z,2015-12-22T03:34:00Z,2015-12-22T03:48:00Z,M2.4,GOES-15,2473,2473,7260,-75.0,-23.0,sci_xrsf-l2-flrpt_geo_y2015_v1-0-1.csv
NCEI_GOES_FLRPT_2015_V1_0_1,201512230008,2015-12-23T00:08:00Z,2015-12-23T00:40:00Z,2015-12-23T00:53:00Z,M6.7,GOES-15,2473,2473,7570,-63.0,-22.0,sci_xrsf-l2-flrpt_geo_y2015_v1-0-1.csv
NCEI_GOES_FLRPT_2015_V1_0_1,201512230357,2015-12-23T03:57:00Z,2015-12-23T04:14:00Z,2015-12-23T04:38:00Z,M1.0,GOES-15,2472,2472,7640,-65.0,5.0,sci_xrsf-l2-flrpt_geo_y2015_v1-0-1.csv
NCEI_GOES_FLRPT_2015_V1_0_1,201512240203,2015-12-24T02:03:00Z,2015-12-24T02:12:00Z,2015-12-24T02:17:00Z,M1.6,GOES-15,2473,2473,7840,,,sci_xrsf-l2-flrpt_geo_y2015_v1-0-1.csv
NCEI_GOES_FLRPT_2015_V1_0_1,201512260500,2015-12-26T05:00:00Z,2015-12-26T05:10:00Z,2015-12-26T05:22:00Z,M1.1,GOES-15,2473,2473,8410,,,sci_xrsf-l2-flrpt_geo_y2015_v1-0-1.csv
NCEI_GOES_FLRPT_2015_V1_0_1,201512280018,2015-12-28T00:18:00Z,2015-12-28T00:28:00Z,2015-12-28T00:39:00Z,M1.1,GOES-15,2473,2473,8840,4.0,-20.0,sci_xrsf-l2-flrpt_geo_y2015_v1-0-1.csv
NCEI_GOES_FLRPT_2015_V1_0_1,201512281127,2015-12-28T11:27:00Z,2015-12-28T12:46:00Z,2015-12-28T14:08:00Z,M2.6,GOES-15,2473,2473,8950,,,sci_xrsf-l2-flrpt_geo_y2015_v1-0-1.csv
NCEI_GOES_FLRPT_2017_V1_0_1,201701210722,2017-01-21T07:22:00Z,2017-01-21T07:26:00Z,2017-01-21T07:29:00Z,M1.3,GOES-15,2628,2628,5230,-44.0,13.0,sci_xrsf-l2-flrpt_geo_y2017_v1-0-1.csv
NCEI_GOES_FLRPT_2017_V1_0_1,201704012131,2017-04-01T21:31:00Z,2017-04-01T21:48:00Z,2017-04-01T22:05:00Z,M6.8,GOES-16,,,,,,sci_xrsf-l2-flrpt_geo_y2017_v1-0-1.csv
NCEI_GOES_FLRPT_2017_V1_0_1,201704020233,2017-04-02T02:33:00Z,2017-04-02T02:46:00Z,2017-04-02T02:48:00Z,M1.2,GOES-16,,,,,,sci_xrsf-l2-flrpt_geo_y2017_v1-0-1.csv
NCEI_GOES_FLRPT_2017_V1_0_1,201704020742,2017-04-02T07:42:00Z,2017-04-02T08:02:00Z,2017-04-02T08:13:00Z,M8.3,GOES-16,,,,,,sci_xrsf-l2-flrpt_geo_y2017_v1-0-1.csv
NCEI_GOES_FLRPT_2017_V1_0_1,201704021250,2017-04-02T12:50:00Z,2017-04-02T13:00:00Z,2017-04-02T13:11:00Z,M3.6,GOES-16,,,,,,sci_xrsf-l2-flrpt_geo_y2017_v1-0-1.csv
NCEI_GOES_FLRPT_2017_V1_0_1,201704021814,2017-04-02T18:14:00Z,2017-04-02T18:38:00Z,,M3.3,GOES-16,,,,,,sci_xrsf-l2-flrpt_geo_y2017_v1-0-1.csv
NCEI_GOES_FLRPT_2017_V1_0_1,201704021845,2017-04-02T18:45:00Z,2017-04-02T18:52:00Z,2017-04-02T18:58:00Z,M3.2,GOES-16,,,,,,sci_xrsf-l2-flrpt_geo_y2017_v1-0-1.csv
NCEI_GOES_FLRPT_2017_V1_0_1,201704022026,2017-04-02T20:26:00Z,2017-04-02T20:33:00Z,2017-04-02T20:38:00Z,M8.8,GOES-16,,,,,,sci_xrsf-l2-flrpt_geo_y2017_v1-0-1.csv
NCEI_GOES_FLRPT_2017_V1_0_1,201704030050,2017-04-03T00:50:00Z,2017-04-03T01:05:00Z,2017-04-03T01:13:00Z,M1.9,GOES-16,,,,,,sci_xrsf-l2-flrpt_geo_y2017_v1-0-1.csv
NCEI_GOES_FLRPT_2017_V1_0_1,201704031317,2017-04-03T13:17:00Z,2017-04-03T13:24:00Z,2017-04-03T13:28:00Z,M1.1,GOES-16,,,,,,sci_xrsf-l2-flrpt_geo_y2017_v1-0-1.csv
NCEI_GOES_FLRPT_2017_V1_0_1,201704031417,2017-04-03T14:17:00Z,2017-04-03T14:28:00Z,2017-04-03T14:34:00Z,M9.0,GOES-16,,,,,,sci_xrsf-l2-flrpt_geo_y2017_v1-0-1.csv
NCEI_GOES_FLRPT_2017_V1_0_1,201706010137,2017-06-01T01:37:00Z,2017-06-01T01:43:00Z,2017-06-01T01:53:00Z,M1.0,GOES-16,,,,,,sci_xrsf-l2-flrpt_geo_y2017_v1-0-1.csv
NCEI_GOES_FLRPT_2017_V1_0_1,201706021751,2017-06-02T17:51:00Z,2017-06-02T17:57:00Z,2017-06-02T18:01:00Z,M1.2,GOES-16,,,,,,sci_xrsf-l2-flrpt_geo_y2017_v1-0-1.csv
NCEI_GOES_FLRPT_2017_V1_0_1,201707031605,2017-07-03T16:05:00Z,2017-07-03T16:15:00Z,2017-07-03T16:18:00Z,M2.0,GOES-16,,,,,,sci_xrsf-l2-flrpt_geo_y2017_v1-0-1.csv
NCEI_GOES_FLRPT_2017_V1_0_1,201707090309,2017-07-09T03:09:00Z,2017-07-09T03:18:00Z,2017-07-09T03:37:00Z,M2.1,GOES-16,,,,,,sci_xrsf-l2-flrpt_geo_y2017_v1-0-1.csv
NCEI_GOES_FLRPT_2017_V1_0_1,201707132001,2017-07-13T20:01:00Z,2017-07-13T20:05:00Z,2017-07-13T20:11:00Z,M1.2,GOES-16,,,,,,sci_xrsf-l2-flrpt_geo_y2017_v1-0-1.csv
NCEI_GOES_FLRPT_2017_V1_0_1,201707140105,2017-07-14T01:05:00Z,2017-07-14T02:09:00Z,2017-07-14T03:24:00Z,M3.7,GOES-16,,,,,,sci_xrsf-l2-flrpt_geo_y2017_v1-0-1.csv
NCEI_GOES_FLRPT_2017_V1_0_1,201708192124,2017-08-19T21:24:00Z,2017-08-19T21:55:00Z,2017-08-19T22:05:00Z,M1.1,GOES-16,,,,,,sci_xrsf-l2-flrpt_geo_y2017_v1-0-1.csv
NCEI_GOES_FLRPT_2017_V1_0_1,201708200134,2017-08-20T01:34:00Z,2017-08-20T01:52:00Z,2017-08-20T02:03:00Z,M1.8,GOES-16,,,,,,sci_xrsf-l2-flrpt_geo_y2017_v1-0-1.csv
NCEI_GOES_FLRPT_2017_V1_0_1,201708201914,2017-08-20T19:14:00Z,2017-08-20T19:39:00Z,2017-08-20T19:49:00Z,M1.5,GOES-16,,,,,,sci_xrsf-l2-flrpt_geo_y2017_v1-0-1.csv
NCEI_GOES_FLRPT_2017_V1_0_1,201709021520,2017-09-02T15:20:00Z,2017-09-02T15:41:00Z,2017-09-02T15:56:00Z,M1.1,GOES-16,,,,,,sci_xrsf-l2-flrpt_geo_y2017_v1-0-1.csv
NCEI_GOES_FLRPT_2017_V1_0_1,201709040531,2017-09-04T05:31:00Z,2017-09-04T05:49:00Z,2017-09-04T06:06:00Z,M1.8,GOES-15,2673,2673,6270,4.0,-10.0,sci_xrsf-l2-flrpt_geo_y2017_v1-0-1.csv
NCEI_GOES_FLRPT_2017_V1_0_1,201709041212,2017-09-04T12:12:00Z,2017-09-04T12:16:00Z,,M1.2,GOES-16,,,,,,sci_xrsf-l2-flrpt_geo_y2017_v1-0-1.csv
NCEI_GOES_FLRPT_2017_V1_0_1,201709041220,2017-09-04T12:20:00Z,2017-09-04T12:25:00Z,2017-09-04T12:28:00Z,M1.2,GOES-16,,,,,,sci_xrsf-l2-flrpt_geo_y2017_v1-0-1.csv
NCEI_GOES_FLRPT_2017_V1_0_1,201709041524,2017-09-04T15:24:00Z,2017-09-04T15:30:00Z,2017-09-04T15:33:00Z,M2.3,GOES-16,,,,,,sci_xrsf-l2-flrpt_geo_y2017_v1-0-1.csv
NCEI_GOES_FLRPT_2017_V1_0_1,201709041812,2017-09-04T18:12:00Z,2017-09-04T18:22:00Z,2017-09-04T18:29:00Z,M1.5,GOES-16,,,,,,sci_xrsf-l2-flrpt_geo_y2017_v1-0-1.csv
NCEI_GOES_FLRPT_2017_V1_0_1,201709041925,2017-09-04T19:25:00Z,2017-09-04T19:37:00Z,2017-09-04T19:45:00Z,M2.6,GOES-16,,,,,,sci_xrsf-l2-flrpt_geo_y2017_v1-0-1.csv
NCEI_GOES_FLRPT_2017_V1_0_1,201709041958,2017-09-04T19:58:00Z,2017-09-04T20:02:00Z,2017-09-04T20:06:00Z,M2.3,GOES-16,,,,,,sci_xrsf-l2-flrpt_geo_y2017_v1-0-1.csv
NCEI_GOES_FLRPT_2017_V1_0_1,201709042022,2017-09-04T20:22:00Z,2017-09-04T20:33:00Z,2017-09-04T20:38:00Z,M8.4,GOES-16,,,,,,sci_xrsf-l2-flrpt_geo_y2017_v1-0-1.csv
NCEI_GOES_FLRPT_2017_V1_0_1,201709042209,2017-09-04T22:09:00Z,2017-09-04T22:14:00Z,2017-09-04T22:19:00Z,M3.3,GOES-16,,,,,,sci_xrsf-l2-flrpt_geo_y2017_v1-0-1.csv
NCEI_GOES_FLRPT_2017_V1_0_1,201709050030,2017-09-05T00:30:00Z,2017-09-05T00:35:00Z,2017-09-05T00:41:00Z,M1.5,GOES-16,,,,,,sci_xrsf-l2-flrpt_geo_y2017_v1-0-1.csv
NCEI_GOES_FLRPT_2017_V1_0_1,201709050102,2017-09-05T01:02:00Z,2017-09-05T01:08:00Z,2017-09-05T01:11:00Z,M6.4,GOES-16,,,,,,sci_xrsf-l2-flrpt_geo_y2017_v1-0-1.csv
NCEI_GOES_FLRPT_2017_V1_0_1,201709050339,2017-09-05T03:39:00Z,2017-09-05T03:51:00Z,2017-09-05T04:06:00Z,M1.5,GOES-16,,,,,,sci_xrsf-l2-flrpt_geo_y2017_v1-0-1.csv
NCEI_GOES_FLRPT_2017_V1_0_1,201709050427,2017-09-05T04:27:00Z,2017-09-05T04:53:00Z,2017-09-05T05:08:00Z,M5.0,GOES-16,,,,,,sci_xrsf-l2-flrpt_geo_y2017_v1-0-1.csv
NCEI_GOES_FLRPT_2017_V1_0_1,201709050633,2017-09-05T06:33:00Z,2017-09-05T06:40:00Z,2017-09-05T06:43:00Z,M5.8,GOES-16,,,,,,sci_xrsf-l2-flrpt_geo_y2017_v1-0-1.csv
NCEI_GOES_FLRPT_2017_V1_0_1,201709051323,2017-09-05T13:23:00Z,2017-09-05T13:34:00Z,2017-09-05T13:52:00Z,M1.0,GOES-16,,,,,,sci_xrsf-l2-flrpt_geo_y2017_v1-0-1.csv
NCEI_GOES_FLRPT_2017_V1_0_1,201709051737,2017-09-05T17:37:00Z,2017-09-05T17:43:00Z,2017-09-05T17:51:00Z,M3.5,GOES-16,,,,,,sci_xrsf-l2-flrpt_geo_y2017_v1-0-1.csv
NCEI_GOES_FLRPT_2017_V1_0_1,201709060852,2017-09-06T08:52:00Z,2017-09-06T09:10:00Z,2017-09-06T09:17:00Z,X3.2,GOES-16,,,,,,sci_xrsf-l2-flrpt_geo_y2017_v1-0-1.csv
NCEI_GOES_FLRPT_2017_V1_0_1,201709061152,2017-09-06T11:52:00Z,2017-09-06T12:02:00Z,2017-09-06T12:10:00Z,X14.6,GOES-16,,,,,,sci_xrsf-l2-flrpt_geo_y2017_v1-0-1.csv
NCEI_GOES_FLRPT_2017_V1_0_1,201709061551,2017-09-06T15:51:00Z,2017-09-06T15:56:00Z,2017-09-06T16:04:00Z,M4.0,GOES-16,,,,,,sci_xrsf-l2-flrpt_geo_y2017_v1-0-1.csv
NCEI_GOES_FLRPT_2017_V1_0_1,201709061917,2017-09-06T19:17:00Z,2017-09-06T19:30:00Z,2017-09-06T19:36:00Z,M2.2,GOES-16,,,,,,sci_xrsf-l2-flrpt_geo_y2017_v1-0-1.csv
NCEI_GOES_FLRPT_2017_V1_0_1,201709062329,2017-09-06T23:29:00Z,2017-09-06T23:39:00Z,2017-09-06T23:44:00Z,M1.9,GOES-16,,,,,,sci_xrsf-l2-flrpt_geo_y2017_v1-0-1.csv
NCEI_GOES_FLRPT_2017_V1_0_1,201709070459,2017-09-07T04:59:00Z,2017-09-07T05:02:00Z,2017-09-07T05:08:00Z,M3.9,GOES-16,,,,,,sci_xrsf-l2-flrpt_geo_y2017_v1-0-1.csv
NCEI_GOES_FLRPT_2017_V1_0_1,201709070610,2017-09-07T06:10:00Z,2017-09-07T06:28:00Z,2017-09-07T06:44:00Z,M1.1,GOES-15,2673,2673,7600,46.0,-8.0,sci_xrsf-l2-flrpt_geo_y2017_v1-0-1.csv
NCEI_GOES_FLRPT_2017_V1_0_1,201709070948,2017-09-07T09:48:00Z,2017-09-07T09:54:00Z,2017-09-07T09:58:00Z,M2.3,GOES-16,,,,,,sci_xrsf-l2-flrpt_geo_y2017_v1-0-1.csv
NCEI_GOES_FLRPT_2017_V1_0_1,201709071014,2017-09-07T10:14:00Z,2017-09-07T10:15:00Z,2017-09-07T10:18:00Z,X1.2,GOES-16,,,,,,sci_xrsf-l2-flrpt_geo_y2017_v1-0-1.csv
NCEI_GOES_FLRPT_2017_V1_0_1,201709071415,2017-09-07T14:15:00Z,2017-09-07T14:36:00Z,2017-09-07T14:55:00Z,X2.1,GOES-16,,,,,,sci_xrsf-l2-flrpt_geo_y2017_v1-0-1.csv
NCEI_GOES_FLRPT_2017_V1_0_1,201709072350,2017-09-07T23:50:00Z,2017-09-07T23:59:00Z,2017-09-08T00:14:00Z,M6.0,GOES-16,,,,,,sci_xrsf-l2-flrpt_geo_y2017_v1-0-1.csv
NCEI_GOES_FLRPT_2017_V1_0_1,201709080031,2017-09-08T00:31:00Z,2017-09-08T00:36:00Z,2017-09-08T00:38:00Z,M1.0,GOES-13,,,,,,sci_xrsf-l2-flrpt_geo_y2017_v1-0-1.csv
NCEI_GOES_FLRPT_2017_V1_0_1,201709080218,2017-09-08T02:18:00Z,2017-09-08T02:24:00Z,2017-09-08T02:28:00Z,M2.0,GOES-16,,,,,,sci_xrsf-l2-flrpt_geo_y2017_v1-0-1.csv
NCEI_GOES_FLRPT_2017_V1_0_1,201709080339,2017-09-08T03:39:00Z,2017-09-08T03:43:00Z,2017-09-08T03:45:00Z,M1.8,GOES-16,,,,,,sci_xrsf-l2-flrpt_geo_y2017_v1-0-1.csv
NCEI_GOES_FLRPT_2017_V1_0_1,201709080521,2017-09-08T05:21:00Z,2017-09-08T05:39:00Z,,M1.0,GOES-15,,,,,,sci_xrsf-l2-flrpt_geo_y2017_v1-0-1.csv
NCEI_GOES_FLRPT_2017_V1_0_1,201709080545,2017-09-08T05:45:00Z,2017-09-08T05:48:00Z,2017-09-08T05:50:00Z,M1.2,GOES-15,2673,2673,8040,59.0,-9.0,sci_xrsf-l2-flrpt_geo_y2017_v1-0-1.csv
NCEI_GOES_FLRPT_2017_V1_0_1,201709080739,2017-09-08T07:39:00Z,2017-09-08T07:49:00Z,2017-09-08T07:58:00Z,X1.2,GOES-16,,,,,,sci_xrsf-l2-flrpt_geo_y2017_v1-0-1.csv
NCEI_GOES_FLRPT_2017_V1_0_1,201709081503,2017-09-08T15:03:00Z,2017-09-08T15:47:00Z,2017-09-08T16:04:00Z,M4.6,GOES-16,,,,,,sci_xrsf-l2-flrpt_geo_y2017_v1-0-1.csv
NCEI_GOES_FLRPT_2017_V1_0_1,201709082330,2017-09-08T23:30:00Z,2017-09-08T23:45:00Z,2017-09-08T23:56:00Z,M3.3,GOES-16,,,,,,sci_xrsf-l2-flrpt_geo_y2017_v1-0-1.csv
NCEI_GOES_FLRPT_2017_V1_0_1,201709090413,2017-09-09T04:13:00Z,2017-09-09T04:28:00Z,2017-09-09T04:43:00Z,M1.7,GOES-16,,,,,,sci_xrsf-l2-flrpt_geo_y2017_v1-0-1.csv
NCEI_GOES_FLRPT_2017_V1_0_1,201709091046,2017-09-09T10:46:00Z,2017-09-09T11:04:00Z,,M5.8,GOES-16,,,,,,sci_xrsf-l2-flrpt_geo_y2017_v1-0-1.csv
NCEI_GOES_FLRPT_2017_V1_0_1,201709091119,2017-09-09T11:19:00Z,2017-09-09T11:26:00Z,2017-09-09T11:34:00Z,M4.6,GOES-16,,,,,,sci_xrsf-l2-flrpt_geo_y2017_v1-0-1.csv
NCEI_GOES_FLRPT_2017_V1_0_1,201709092236,2017-09-09T22:36:00Z,2017-09-09T23:17:00Z,,M1.5,GOES-16,,,,,,sci_xrsf-l2-flrpt_geo_y2017_v1-0-1.csv
NCEI_GOES_FLRPT_2017_V1_0_1,201709092337,2017-09-09T23:37:00Z,2017-09-09T23:41:00Z,,M1.5,GOES-16,,,,,,sci_xrsf-l2-flrpt_geo_y2017_v1-0-1.csv
NCEI_GOES_FLRPT_2017_V1_0_1,201709092343,2017-09-09T23:43:00Z,2017-09-09T23:54:00Z,2017-09-10T00:05:00Z,M1.8,GOES-16,,,,,,sci_xrsf-l2-flrpt_geo_y2017_v1-0-1.csv
NCEI_GOES_FLRPT_2017_V1_0_1,201709100235,2017-09-10T02:35:00Z,2017-09-10T03:09:00Z,2017-09-10T03:26:00Z,M1.4,GOES-16,,,,,,sci_xrsf-l2-flrpt_geo_y2017_v1-0-1.csv
NCEI_GOES_FLRPT_2017_V1_0_1,201709101534,2017-09-10T15:34:00Z,2017-09-10T16:06:00Z,2017-09-10T16:31:00Z,X12.9,GOES-16,,,,,,sci_xrsf-l2-flrpt_geo_y2017_v1-0-1.csv
NCEI_GOES_FLRPT_2017_V1_0_1,201710202310,2017-10-20T23:10:00Z,2017-10-20T23:28:00Z,2017-10-20T23:37:00Z,M1.6,GOES-16,,,,,,sci_xrsf-l2-flrpt_geo_y2017_v1-0-1.csv
