run_id,flare_event_id,HARPNUM,NOAA_AR,candidate_T0_utc,candidate_T0_TAI,history_window_TAI,history_expected_records,history_returned_records,history_all_fields_complete,history_all_HARP_NOAA_mapping,history_all_QUALITY_zero,T0_disk_position_abs_lon_lat_lt_50,T0_LON_FWT,T0_LAT_FWT,strict_baseline_existing_definition,strict_baseline_reason,SHRGT45_slope_3h_percent_per_hr,SHRGT45_delta_3h_percent,CMASK_and_effective_pixel_status,measurement_boundary,formal_negative_status,target_onset_utc,lead_to_target_hr,catalog_gate_status,catalog_primary_overlap_count,catalog_guard_overlap_count,candidate_status,candidate_status_reason,selected_representative_for_AR
SHRGT45_严格阴性对照前推检索_20260807,NOAA11158_X2.2_20110215,377,11158,2011-02-12T01:47:26Z,2011.02.12_01:48:00_TAI,"[2011.02.11_22:48:00_TAI, 2011.02.12_01:48:00_TAI]",16,16,PASS,PASS,FAIL,PASS,-26.026712,-19.872074,FAIL,Failed: all QUALITY=0,0.813941,3.692,NOT_AVAILABLE_IN_INPUT,This query does not include CMASK/effective-pixel fields. It does not claim that measurement-driven trends are excluded.,NOT_FORMAL_INDEPENDENT_CONTROL,2011-02-15T01:44:00Z,71.943,PASS,0,0,CATALOG_CLEAN_BUT_STRICT_DATA_GATE_FAIL,Failed: all QUALITY=0,NO
SHRGT45_严格阴性对照前推检索_20260807,NOAA11158_X2.2_20110215,377,11158,2011-02-12T01:59:26Z,2011.02.12_02:00:00_TAI,"[2011.02.11_23:00:00_TAI, 2011.02.12_02:00:00_TAI]",16,16,PASS,PASS,FAIL,PASS,-25.920656,-19.877918,FAIL,Failed: all QUALITY=0,0.561559,2.221,NOT_AVAILABLE_IN_INPUT,This query does not include CMASK/effective-pixel fields. It does not claim that measurement-driven trends are excluded.,NOT_FORMAL_INDEPENDENT_CONTROL,2011-02-15T01:44:00Z,71.743,PASS,0,0,CATALOG_CLEAN_BUT_STRICT_DATA_GATE_FAIL,Failed: all QUALITY=0,NO
SHRGT45_严格阴性对照前推检索_20260807,NOAA11158_X2.2_20110215,377,11158,2011-02-12T02:11:26Z,2011.02.12_02:12:00_TAI,"[2011.02.11_23:12:00_TAI, 2011.02.12_02:12:00_TAI]",16,16,PASS,PASS,FAIL,PASS,-25.811445,-19.882986,FAIL,Failed: all QUALITY=0,0.319199,0.018,NOT_AVAILABLE_IN_INPUT,This query does not include CMASK/effective-pixel fields. It does not claim that measurement-driven trends are excluded.,NOT_FORMAL_INDEPENDENT_CONTROL,2011-02-15T01:44:00Z,71.543,PASS,0,0,CATALOG_CLEAN_BUT_STRICT_DATA_GATE_FAIL,Failed: all QUALITY=0,NO
SHRGT45_严格阴性对照前推检索_20260807,NOAA11158_X2.2_20110215,377,11158,2011-02-12T02:23:26Z,2011.02.12_02:24:00_TAI,"[2011.02.11_23:24:00_TAI, 2011.02.12_02:24:00_TAI]",16,16,PASS,PASS,FAIL,PASS,-25.705799,-19.891167,FAIL,Failed: all QUALITY=0,0.359037,2.117,NOT_AVAILABLE_IN_INPUT,This query does not include CMASK/effective-pixel fields. It does not claim that measurement-driven trends are excluded.,NOT_FORMAL_INDEPENDENT_CONTROL,2011-02-15T01:44:00Z,71.343,PASS,0,0,CATALOG_CLEAN_BUT_STRICT_DATA_GATE_FAIL,Failed: all QUALITY=0,NO
SHRGT45_严格阴性对照前推检索_20260807,NOAA11158_X2.2_20110215,377,11158,2011-02-12T02:35:26Z,2011.02.12_02:36:00_TAI,"[2011.02.11_23:36:00_TAI, 2011.02.12_02:36:00_TAI]",16,16,PASS,PASS,FAIL,PASS,-25.596296,-19.902367,FAIL,Failed: all QUALITY=0,0.231750,0.811,NOT_AVAILABLE_IN_INPUT,This query does not include CMASK/effective-pixel fields. It does not claim that measurement-driven trends are excluded.,NOT_FORMAL_INDEPENDENT_CONTROL,2011-02-15T01:44:00Z,71.143,PASS,0,0,CATALOG_CLEAN_BUT_STRICT_DATA_GATE_FAIL,Failed: all QUALITY=0,NO
SHRGT45_严格阴性对照前推检索_20260807,NOAA11158_X2.2_20110215,377,11158,2011-02-12T02:47:26Z,2011.02.12_02:48:00_TAI,"[2011.02.11_23:48:00_TAI, 2011.02.12_02:48:00_TAI]",16,16,PASS,PASS,FAIL,PASS,-25.485935,-19.902727,FAIL,Failed: all QUALITY=0,0.424081,1.367,NOT_AVAILABLE_IN_INPUT,This query does not include CMASK/effective-pixel fields. It does not claim that measurement-driven trends are excluded.,NOT_FORMAL_INDEPENDENT_CONTROL,2011-02-15T01:44:00Z,70.943,PASS,0,0,CATALOG_CLEAN_BUT_STRICT_DATA_GATE_FAIL,Failed: all QUALITY=0,NO
SHRGT45_严格阴性对照前推检索_20260807,NOAA11158_X2.2_20110215,377,11158,2011-02-12T02:59:26Z,2011.02.12_03:00:00_TAI,"[2011.02.12_00:00:00_TAI, 2011.02.12_03:00:00_TAI]",16,16,PASS,PASS,FAIL,PASS,-25.381487,-19.908907,FAIL,Failed: all QUALITY=0,0.479949,0.123,NOT_AVAILABLE_IN_INPUT,This query does not include CMASK/effective-pixel fields. It does not claim that measurement-driven trends are excluded.,NOT_FORMAL_INDEPENDENT_CONTROL,2011-02-15T01:44:00Z,70.743,PASS,0,0,CATALOG_CLEAN_BUT_STRICT_DATA_GATE_FAIL,Failed: all QUALITY=0,NO
SHRGT45_严格阴性对照前推检索_20260807,NOAA11158_X2.2_20110215,377,11158,2011-02-12T03:11:26Z,2011.02.12_03:12:00_TAI,"[2011.02.12_00:12:00_TAI, 2011.02.12_03:12:00_TAI]",16,16,PASS,PASS,FAIL,PASS,-25.264893,-19.908373,FAIL,Failed: all QUALITY=0,0.571838,0.563,NOT_AVAILABLE_IN_INPUT,This query does not include CMASK/effective-pixel fields. It does not claim that measurement-driven trends are excluded.,NOT_FORMAL_INDEPENDENT_CONTROL,2011-02-15T01:44:00Z,70.543,PASS,0,0,CATALOG_CLEAN_BUT_STRICT_DATA_GATE_FAIL,Failed: all QUALITY=0,NO
SHRGT45_严格阴性对照前推检索_20260807,NOAA11158_X2.2_20110215,377,11158,2011-02-12T03:23:26Z,2011.02.12_03:24:00_TAI,"[2011.02.12_00:24:00_TAI, 2011.02.12_03:24:00_TAI]",16,16,PASS,PASS,FAIL,PASS,-25.144739,-19.910831,FAIL,Failed: all QUALITY=0,0.775118,2.551,NOT_AVAILABLE_IN_INPUT,This query does not include CMASK/effective-pixel fields. It does not claim that measurement-driven trends are excluded.,NOT_FORMAL_INDEPENDENT_CONTROL,2011-02-15T01:44:00Z,70.343,PASS,0,0,CATALOG_CLEAN_BUT_STRICT_DATA_GATE_FAIL,Failed: all QUALITY=0,NO
SHRGT45_严格阴性对照前推检索_20260807,NOAA11158_X2.2_20110215,377,11158,2011-02-12T03:35:26Z,2011.02.12_03:36:00_TAI,"[2011.02.12_00:36:00_TAI, 2011.02.12_03:36:00_TAI]",16,16,PASS,PASS,FAIL,PASS,-25.078249,-19.927132,FAIL,Failed: all QUALITY=0,0.669559,3.087,NOT_AVAILABLE_IN_INPUT,This query does not include CMASK/effective-pixel fields. It does not claim that measurement-driven trends are excluded.,NOT_FORMAL_INDEPENDENT_CONTROL,2011-02-15T01:44:00Z,70.143,PASS,0,0,CATALOG_CLEAN_BUT_STRICT_DATA_GATE_FAIL,Failed: all QUALITY=0,NO
SHRGT45_严格阴性对照前推检索_20260807,NOAA11158_X2.2_20110215,377,11158,2011-02-12T03:47:26Z,2011.02.12_03:48:00_TAI,"[2011.02.12_00:48:00_TAI, 2011.02.12_03:48:00_TAI]",16,16,PASS,PASS,FAIL,PASS,-24.967583,-19.929432,FAIL,Failed: all QUALITY=0,0.331544,1.293,NOT_AVAILABLE_IN_INPUT,This query does not include CMASK/effective-pixel fields. It does not claim that measurement-driven trends are excluded.,NOT_FORMAL_INDEPENDENT_CONTROL,2011-02-15T01:44:00Z,69.943,PASS,0,0,CATALOG_CLEAN_BUT_STRICT_DATA_GATE_FAIL,Failed: all QUALITY=0,NO
SHRGT45_严格阴性对照前推检索_20260807,NOAA11158_X2.2_20110215,377,11158,2011-02-12T03:59:26Z,2011.02.12_04:00:00_TAI,"[2011.02.12_01:00:00_TAI, 2011.02.12_04:00:00_TAI]",16,16,PASS,PASS,FAIL,PASS,-24.867805,-19.941957,FAIL,Failed: all QUALITY=0,0.291831,2.122,NOT_AVAILABLE_IN_INPUT,This query does not include CMASK/effective-pixel fields. It does not claim that measurement-driven trends are excluded.,NOT_FORMAL_INDEPENDENT_CONTROL,2011-02-15T01:44:00Z,69.743,PASS,0,0,CATALOG_CLEAN_BUT_STRICT_DATA_GATE_FAIL,Failed: all QUALITY=0,NO
SHRGT45_严格阴性对照前推检索_20260807,NOAA11158_X2.2_20110215,377,11158,2011-02-12T04:11:26Z,2011.02.12_04:12:00_TAI,"[2011.02.12_01:12:00_TAI, 2011.02.12_04:12:00_TAI]",16,16,PASS,PASS,FAIL,PASS,-24.750734,-19.948715,FAIL,Failed: all QUALITY=0,0.140397,-1.140,NOT_AVAILABLE_IN_INPUT,This query does not include CMASK/effective-pixel fields. It does not claim that measurement-driven trends are excluded.,NOT_FORMAL_INDEPENDENT_CONTROL,2011-02-15T01:44:00Z,69.543,PASS,0,0,CATALOG_CLEAN_BUT_STRICT_DATA_GATE_FAIL,Failed: all QUALITY=0,NO
SHRGT45_严格阴性对照前推检索_20260807,NOAA11158_X2.2_20110215,377,11158,2011-02-12T04:23:26Z,2011.02.12_04:24:00_TAI,"[2011.02.12_01:24:00_TAI, 2011.02.12_04:24:00_TAI]",16,16,PASS,PASS,FAIL,PASS,-24.649357,-19.963490,FAIL,Failed: all QUALITY=0,0.393853,1.524,NOT_AVAILABLE_IN_INPUT,This query does not include CMASK/effective-pixel fields. It does not claim that measurement-driven trends are excluded.,NOT_FORMAL_INDEPENDENT_CONTROL,2011-02-15T01:44:00Z,69.343,PASS,0,0,CATALOG_CLEAN_BUT_STRICT_DATA_GATE_FAIL,Failed: all QUALITY=0,NO
SHRGT45_严格阴性对照前推检索_20260807,NOAA11158_X2.2_20110215,377,11158,2011-02-12T04:35:26Z,2011.02.12_04:36:00_TAI,"[2011.02.12_01:36:00_TAI, 2011.02.12_04:36:00_TAI]",16,16,PASS,PASS,PASS,PASS,-24.553568,-19.971539,PASS,16/16 returned; all requested fields complete; HARP/NOAA mapping holds; all QUALITY=0; T0 is within the disk-position rule.,0.585853,2.515,NOT_AVAILABLE_IN_INPUT,This query does not include CMASK/effective-pixel fields. It does not claim that measurement-driven trends are excluded.,NOT_FORMAL_INDEPENDENT_CONTROL,2011-02-15T01:44:00Z,69.143,PASS,0,0,CATALOG_CLEAN_AND_STRICT_DATA_QUALIFIED_TIME_CANDIDATE,Passes the existing strict data baseline and the guarded catalog screen; remains a same-AR temporal candidate only.,NO
SHRGT45_严格阴性对照前推检索_20260807,NOAA11158_X2.2_20110215,377,11158,2011-02-12T04:47:26Z,2011.02.12_04:48:00_TAI,"[2011.02.12_01:48:00_TAI, 2011.02.12_04:48:00_TAI]",16,16,PASS,PASS,PASS,PASS,-24.452925,-19.977104,PASS,16/16 returned; all requested fields complete; HARP/NOAA mapping holds; all QUALITY=0; T0 is within the disk-position rule.,0.516971,0.282,NOT_AVAILABLE_IN_INPUT,This query does not include CMASK/effective-pixel fields. It does not claim that measurement-driven trends are excluded.,NOT_FORMAL_INDEPENDENT_CONTROL,2011-02-15T01:44:00Z,68.943,PASS,0,0,CATALOG_CLEAN_AND_STRICT_DATA_QUALIFIED_TIME_CANDIDATE,Passes the existing strict data baseline and the guarded catalog screen; remains a same-AR temporal candidate only.,NO
SHRGT45_严格阴性对照前推检索_20260807,NOAA11158_X2.2_20110215,377,11158,2011-02-12T04:59:26Z,2011.02.12_05:00:00_TAI,"[2011.02.12_02:00:00_TAI, 2011.02.12_05:00:00_TAI]",16,16,PASS,PASS,PASS,PASS,-24.319895,-19.979935,PASS,16/16 returned; all requested fields complete; HARP/NOAA mapping holds; all QUALITY=0; T0 is within the disk-position rule.,0.554346,1.529,NOT_AVAILABLE_IN_INPUT,This query does not include CMASK/effective-pixel fields. It does not claim that measurement-driven trends are excluded.,NOT_FORMAL_INDEPENDENT_CONTROL,2011-02-15T01:44:00Z,68.743,PASS,0,0,CATALOG_CLEAN_AND_STRICT_DATA_QUALIFIED_TIME_CANDIDATE,Passes the existing strict data baseline and the guarded catalog screen; remains a same-AR temporal candidate only.,NO
SHRGT45_严格阴性对照前推检索_20260807,NOAA11158_X2.2_20110215,377,11158,2011-02-12T05:11:26Z,2011.02.12_05:12:00_TAI,"[2011.02.12_02:12:00_TAI, 2011.02.12_05:12:00_TAI]",16,16,PASS,PASS,PASS,PASS,-24.211948,-19.985960,PASS,16/16 returned; all requested fields complete; HARP/NOAA mapping holds; all QUALITY=0; T0 is within the disk-position rule.,0.391993,1.006,NOT_AVAILABLE_IN_INPUT,This query does not include CMASK/effective-pixel fields. It does not claim that measurement-driven trends are excluded.,NOT_FORMAL_INDEPENDENT_CONTROL,2011-02-15T01:44:00Z,68.543,PASS,0,0,CATALOG_CLEAN_AND_STRICT_DATA_QUALIFIED_TIME_CANDIDATE,Passes the existing strict data baseline and the guarded catalog screen; remains a same-AR temporal candidate only.,NO
SHRGT45_严格阴性对照前推检索_20260807,NOAA11158_X2.2_20110215,377,11158,2011-02-12T05:23:26Z,2011.02.12_05:24:00_TAI,"[2011.02.12_02:24:00_TAI, 2011.02.12_05:24:00_TAI]",16,16,PASS,PASS,PASS,PASS,-24.110907,-19.993616,PASS,16/16 returned; all requested fields complete; HARP/NOAA mapping holds; all QUALITY=0; T0 is within the disk-position rule.,0.205360,0.562,NOT_AVAILABLE_IN_INPUT,This query does not include CMASK/effective-pixel fields. It does not claim that measurement-driven trends are excluded.,NOT_FORMAL_INDEPENDENT_CONTROL,2011-02-15T01:44:00Z,68.343,PASS,0,0,CATALOG_CLEAN_AND_STRICT_DATA_QUALIFIED_TIME_CANDIDATE,Passes the existing strict data baseline and the guarded catalog screen; remains a same-AR temporal candidate only.,NO
SHRGT45_严格阴性对照前推检索_20260807,NOAA11158_X2.2_20110215,377,11158,2011-02-12T05:35:26Z,2011.02.12_05:36:00_TAI,"[2011.02.12_02:36:00_TAI, 2011.02.12_05:36:00_TAI]",16,16,PASS,PASS,PASS,PASS,-24.007814,-20.000298,PASS,16/16 returned; all requested fields complete; HARP/NOAA mapping holds; all QUALITY=0; T0 is within the disk-position rule.,0.291824,2.247,NOT_AVAILABLE_IN_INPUT,This query does not include CMASK/effective-pixel fields. It does not claim that measurement-driven trends are excluded.,NOT_FORMAL_INDEPENDENT_CONTROL,2011-02-15T01:44:00Z,68.143,PASS,0,0,CATALOG_CLEAN_AND_STRICT_DATA_QUALIFIED_TIME_CANDIDATE,Passes the existing strict data baseline and the guarded catalog screen; remains a same-AR temporal candidate only.,NO
SHRGT45_严格阴性对照前推检索_20260807,NOAA11158_X2.2_20110215,377,11158,2011-02-12T05:47:26Z,2011.02.12_05:48:00_TAI,"[2011.02.12_02:48:00_TAI, 2011.02.12_05:48:00_TAI]",16,16,PASS,PASS,PASS,PASS,-23.917456,-20.009476,PASS,16/16 returned; all requested fields complete; HARP/NOAA mapping holds; all QUALITY=0; T0 is within the disk-position rule.,0.439985,1.406,NOT_AVAILABLE_IN_INPUT,This query does not include CMASK/effective-pixel fields. It does not claim that measurement-driven trends are excluded.,NOT_FORMAL_INDEPENDENT_CONTROL,2011-02-15T01:44:00Z,67.943,PASS,0,0,CATALOG_CLEAN_AND_STRICT_DATA_QUALIFIED_TIME_CANDIDATE,Passes the existing strict data baseline and the guarded catalog screen; remains a same-AR temporal candidate only.,NO
SHRGT45_严格阴性对照前推检索_20260807,NOAA11158_X2.2_20110215,377,11158,2011-02-12T05:59:26Z,2011.02.12_06:00:00_TAI,"[2011.02.12_03:00:00_TAI, 2011.02.12_06:00:00_TAI]",16,16,PASS,PASS,FAIL,PASS,-23.795351,-20.010693,FAIL,Failed: all QUALITY=0,0.590632,2.115,NOT_AVAILABLE_IN_INPUT,This query does not include CMASK/effective-pixel fields. It does not claim that measurement-driven trends are excluded.,NOT_FORMAL_INDEPENDENT_CONTROL,2011-02-15T01:44:00Z,67.743,PASS,0,0,CATALOG_CLEAN_BUT_STRICT_DATA_GATE_FAIL,Failed: all QUALITY=0,NO
SHRGT45_严格阴性对照前推检索_20260807,NOAA11158_X2.2_20110215,377,11158,2011-02-12T06:11:26Z,2011.02.12_06:12:00_TAI,"[2011.02.12_03:12:00_TAI, 2011.02.12_06:12:00_TAI]",16,16,PASS,PASS,FAIL,PASS,-23.687233,-20.017723,FAIL,Failed: all QUALITY=0,0.584882,1.880,NOT_AVAILABLE_IN_INPUT,This query does not include CMASK/effective-pixel fields. It does not claim that measurement-driven trends are excluded.,NOT_FORMAL_INDEPENDENT_CONTROL,2011-02-15T01:44:00Z,67.543,PASS,0,0,CATALOG_CLEAN_BUT_STRICT_DATA_GATE_FAIL,Failed: all QUALITY=0,NO
SHRGT45_严格阴性对照前推检索_20260807,NOAA11158_X2.2_20110215,377,11158,2011-02-12T06:23:26Z,2011.02.12_06:24:00_TAI,"[2011.02.12_03:24:00_TAI, 2011.02.12_06:24:00_TAI]",16,16,PASS,PASS,FAIL,PASS,-23.566563,-20.016050,FAIL,Failed: all QUALITY=0,0.617662,0.955,NOT_AVAILABLE_IN_INPUT,This query does not include CMASK/effective-pixel fields. It does not claim that measurement-driven trends are excluded.,NOT_FORMAL_INDEPENDENT_CONTROL,2011-02-15T01:44:00Z,67.343,PASS,0,0,CATALOG_CLEAN_BUT_STRICT_DATA_GATE_FAIL,Failed: all QUALITY=0,NO
SHRGT45_严格阴性对照前推检索_20260807,NOAA11158_X2.2_20110215,377,11158,2011-02-12T06:35:26Z,2011.02.12_06:36:00_TAI,"[2011.02.12_03:36:00_TAI, 2011.02.12_06:36:00_TAI]",16,16,PASS,PASS,FAIL,PASS,-23.479895,-20.024218,FAIL,Failed: all QUALITY=0,0.460699,-0.166,NOT_AVAILABLE_IN_INPUT,This query does not include CMASK/effective-pixel fields. It does not claim that measurement-driven trends are excluded.,NOT_FORMAL_INDEPENDENT_CONTROL,2011-02-15T01:44:00Z,67.143,PASS,0,0,CATALOG_CLEAN_BUT_STRICT_DATA_GATE_FAIL,Failed: all QUALITY=0,NO
SHRGT45_严格阴性对照前推检索_20260807,NOAA11158_X2.2_20110215,377,11158,2011-02-12T06:47:26Z,2011.02.12_06:48:00_TAI,"[2011.02.12_03:48:00_TAI, 2011.02.12_06:48:00_TAI]",16,16,PASS,PASS,FAIL,PASS,-23.362204,-20.022194,FAIL,Failed: all QUALITY=0,0.324044,1.156,NOT_AVAILABLE_IN_INPUT,This query does not include CMASK/effective-pixel fields. It does not claim that measurement-driven trends are excluded.,NOT_FORMAL_INDEPENDENT_CONTROL,2011-02-15T01:44:00Z,66.943,PASS,0,0,CATALOG_CLEAN_BUT_STRICT_DATA_GATE_FAIL,Failed: all QUALITY=0,NO
SHRGT45_严格阴性对照前推检索_20260807,NOAA11158_X2.2_20110215,377,11158,2011-02-12T06:59:26Z,2011.02.12_07:00:00_TAI,"[2011.02.12_04:00:00_TAI, 2011.02.12_07:00:00_TAI]",16,16,PASS,PASS,FAIL,PASS,-23.247116,-20.017050,FAIL,Failed: all QUALITY=0,0.110831,-0.467,NOT_AVAILABLE_IN_INPUT,This query does not include CMASK/effective-pixel fields. It does not claim that measurement-driven trends are excluded.,NOT_FORMAL_INDEPENDENT_CONTROL,2011-02-15T01:44:00Z,66.743,PASS,0,0,CATALOG_CLEAN_BUT_STRICT_DATA_GATE_FAIL,Failed: all QUALITY=0,NO
SHRGT45_严格阴性对照前推检索_20260807,NOAA11158_X2.2_20110215,377,11158,2011-02-12T07:11:26Z,2011.02.12_07:12:00_TAI,"[2011.02.12_04:12:00_TAI, 2011.02.12_07:12:00_TAI]",16,16,PASS,PASS,FAIL,PASS,-23.134624,-20.016819,FAIL,Failed: all QUALITY=0,-0.181213,-1.343,NOT_AVAILABLE_IN_INPUT,This query does not include CMASK/effective-pixel fields. It does not claim that measurement-driven trends are excluded.,NOT_FORMAL_INDEPENDENT_CONTROL,2011-02-15T01:44:00Z,66.543,PASS,0,0,CATALOG_CLEAN_BUT_STRICT_DATA_GATE_FAIL,Failed: all QUALITY=0,NO
SHRGT45_严格阴性对照前推检索_20260807,NOAA11158_X2.2_20110215,377,11158,2011-02-12T07:23:26Z,2011.02.12_07:24:00_TAI,"[2011.02.12_04:24:00_TAI, 2011.02.12_07:24:00_TAI]",16,16,PASS,PASS,FAIL,PASS,-23.022560,-20.015106,FAIL,Failed: all QUALITY=0,-0.647515,-3.359,NOT_AVAILABLE_IN_INPUT,This query does not include CMASK/effective-pixel fields. It does not claim that measurement-driven trends are excluded.,NOT_FORMAL_INDEPENDENT_CONTROL,2011-02-15T01:44:00Z,66.343,PASS,0,0,CATALOG_CLEAN_BUT_STRICT_DATA_GATE_FAIL,Failed: all QUALITY=0,NO
SHRGT45_严格阴性对照前推检索_20260807,NOAA11158_X2.2_20110215,377,11158,2011-02-12T07:35:26Z,2011.02.12_07:36:00_TAI,"[2011.02.12_04:36:00_TAI, 2011.02.12_07:36:00_TAI]",16,16,PASS,PASS,FAIL,PASS,-22.908739,-20.011019,FAIL,Failed: all QUALITY=0,-0.866110,-3.871,NOT_AVAILABLE_IN_INPUT,This query does not include CMASK/effective-pixel fields. It does not claim that measurement-driven trends are excluded.,NOT_FORMAL_INDEPENDENT_CONTROL,2011-02-15T01:44:00Z,66.143,PASS,0,0,CATALOG_CLEAN_BUT_STRICT_DATA_GATE_FAIL,Failed: all QUALITY=0,NO
SHRGT45_严格阴性对照前推检索_20260807,NOAA11158_X2.2_20110215,377,11158,2011-02-12T07:47:26Z,2011.02.12_07:48:00_TAI,"[2011.02.12_04:48:00_TAI, 2011.02.12_07:48:00_TAI]",16,16,PASS,PASS,FAIL,PASS,-22.822704,-20.024712,FAIL,Failed: all QUALITY=0,-0.972743,-2.333,NOT_AVAILABLE_IN_INPUT,This query does not include CMASK/effective-pixel fields. It does not claim that measurement-driven trends are excluded.,NOT_FORMAL_INDEPENDENT_CONTROL,2011-02-15T01:44:00Z,65.943,PASS,0,0,CATALOG_CLEAN_BUT_STRICT_DATA_GATE_FAIL,Failed: all QUALITY=0,NO
SHRGT45_严格阴性对照前推检索_20260807,NOAA11158_X2.2_20110215,377,11158,2011-02-12T07:59:26Z,2011.02.12_08:00:00_TAI,"[2011.02.12_05:00:00_TAI, 2011.02.12_08:00:00_TAI]",16,16,PASS,PASS,FAIL,PASS,-22.742348,-20.046041,FAIL,Failed: all QUALITY=0,-1.279551,-3.227,NOT_AVAILABLE_IN_INPUT,This query does not include CMASK/effective-pixel fields. It does not claim that measurement-driven trends are excluded.,NOT_FORMAL_INDEPENDENT_CONTROL,2011-02-15T01:44:00Z,65.743,PASS,0,0,CATALOG_CLEAN_BUT_STRICT_DATA_GATE_FAIL,Failed: all QUALITY=0,NO
SHRGT45_严格阴性对照前推检索_20260807,NOAA11158_X2.2_20110215,377,11158,2011-02-12T08:11:26Z,2011.02.12_08:12:00_TAI,"[2011.02.12_05:12:00_TAI, 2011.02.12_08:12:00_TAI]",16,16,PASS,PASS,FAIL,PASS,-22.662121,-20.055077,FAIL,Failed: all QUALITY=0,-1.379309,-1.420,NOT_AVAILABLE_IN_INPUT,This query does not include CMASK/effective-pixel fields. It does not claim that measurement-driven trends are excluded.,NOT_FORMAL_INDEPENDENT_CONTROL,2011-02-15T01:44:00Z,65.543,PASS,0,0,CATALOG_CLEAN_BUT_STRICT_DATA_GATE_FAIL,Failed: all QUALITY=0,NO
SHRGT45_严格阴性对照前推检索_20260807,NOAA11158_X2.2_20110215,377,11158,2011-02-12T08:23:26Z,2011.02.12_08:24:00_TAI,"[2011.02.12_05:24:00_TAI, 2011.02.12_08:24:00_TAI]",16,16,PASS,PASS,FAIL,PASS,-22.550943,-20.056704,FAIL,Failed: all QUALITY=0,-1.243551,1.135,NOT_AVAILABLE_IN_INPUT,This query does not include CMASK/effective-pixel fields. It does not claim that measurement-driven trends are excluded.,NOT_FORMAL_INDEPENDENT_CONTROL,2011-02-15T01:44:00Z,65.343,PASS,0,0,CATALOG_CLEAN_BUT_STRICT_DATA_GATE_FAIL,Failed: all QUALITY=0,NO
SHRGT45_严格阴性对照前推检索_20260807,NOAA11158_X2.2_20110215,377,11158,2011-02-12T08:35:26Z,2011.02.12_08:36:00_TAI,"[2011.02.12_05:36:00_TAI, 2011.02.12_08:36:00_TAI]",16,16,PASS,PASS,FAIL,PASS,-22.465061,-20.067863,FAIL,Failed: all QUALITY=0,-1.288382,-2.458,NOT_AVAILABLE_IN_INPUT,This query does not include CMASK/effective-pixel fields. It does not claim that measurement-driven trends are excluded.,NOT_FORMAL_INDEPENDENT_CONTROL,2011-02-15T01:44:00Z,65.143,PASS,0,0,CATALOG_CLEAN_BUT_STRICT_DATA_GATE_FAIL,Failed: all QUALITY=0,NO
SHRGT45_严格阴性对照前推检索_20260807,NOAA11158_X2.2_20110215,377,11158,2011-02-12T08:47:26Z,2011.02.12_08:48:00_TAI,"[2011.02.12_05:48:00_TAI, 2011.02.12_08:48:00_TAI]",16,16,PASS,PASS,FAIL,PASS,-22.350471,-20.063244,FAIL,Failed: all QUALITY=0,-1.220963,-4.312,NOT_AVAILABLE_IN_INPUT,This query does not include CMASK/effective-pixel fields. It does not claim that measurement-driven trends are excluded.,NOT_FORMAL_INDEPENDENT_CONTROL,2011-02-15T01:44:00Z,64.943,PASS,0,0,CATALOG_CLEAN_BUT_STRICT_DATA_GATE_FAIL,Failed: all QUALITY=0,NO
SHRGT45_严格阴性对照前推检索_20260807,NOAA11158_X2.2_20110215,377,11158,2011-02-12T08:59:26Z,2011.02.12_09:00:00_TAI,"[2011.02.12_06:00:00_TAI, 2011.02.12_09:00:00_TAI]",16,16,PASS,PASS,FAIL,PASS,-22.216639,-20.058483,FAIL,Failed: all QUALITY=0,-0.953919,-2.446,NOT_AVAILABLE_IN_INPUT,This query does not include CMASK/effective-pixel fields. It does not claim that measurement-driven trends are excluded.,NOT_FORMAL_INDEPENDENT_CONTROL,2011-02-15T01:44:00Z,64.743,PASS,0,0,CATALOG_CLEAN_BUT_STRICT_DATA_GATE_FAIL,Failed: all QUALITY=0,NO
SHRGT45_严格阴性对照前推检索_20260807,NOAA11158_X2.2_20110215,377,11158,2011-02-12T09:11:26Z,2011.02.12_09:12:00_TAI,"[2011.02.12_06:12:00_TAI, 2011.02.12_09:12:00_TAI]",16,16,PASS,PASS,FAIL,PASS,-22.130636,-20.071848,FAIL,Failed: all QUALITY=0,-0.705390,-2.513,NOT_AVAILABLE_IN_INPUT,This query does not include CMASK/effective-pixel fields. It does not claim that measurement-driven trends are excluded.,NOT_FORMAL_INDEPENDENT_CONTROL,2011-02-15T01:44:00Z,64.543,PASS,0,0,CATALOG_CLEAN_BUT_STRICT_DATA_GATE_FAIL,Failed: all QUALITY=0,NO
SHRGT45_严格阴性对照前推检索_20260807,NOAA11158_X2.2_20110215,377,11158,2011-02-12T09:23:26Z,2011.02.12_09:24:00_TAI,"[2011.02.12_06:24:00_TAI, 2011.02.12_09:24:00_TAI]",16,16,PASS,PASS,PASS,PASS,-22.018284,-20.080235,PASS,16/16 returned; all requested fields complete; HARP/NOAA mapping holds; all QUALITY=0; T0 is within the disk-position rule.,-0.344132,-2.191,NOT_AVAILABLE_IN_INPUT,This query does not include CMASK/effective-pixel fields. It does not claim that measurement-driven trends are excluded.,NOT_FORMAL_INDEPENDENT_CONTROL,2011-02-15T01:44:00Z,64.343,PASS,0,0,CATALOG_CLEAN_AND_STRICT_DATA_QUALIFIED_TIME_CANDIDATE,Passes the existing strict data baseline and the guarded catalog screen; remains a same-AR temporal candidate only.,NO
SHRGT45_严格阴性对照前推检索_20260807,NOAA11158_X2.2_20110215,377,11158,2011-02-12T09:35:26Z,2011.02.12_09:36:00_TAI,"[2011.02.12_06:36:00_TAI, 2011.02.12_09:36:00_TAI]",16,16,PASS,PASS,PASS,PASS,-21.914808,-20.081951,PASS,16/16 returned; all requested fields complete; HARP/NOAA mapping holds; all QUALITY=0; T0 is within the disk-position rule.,0.095449,0.745,NOT_AVAILABLE_IN_INPUT,This query does not include CMASK/effective-pixel fields. It does not claim that measurement-driven trends are excluded.,NOT_FORMAL_INDEPENDENT_CONTROL,2011-02-15T01:44:00Z,64.143,PASS,0,0,CATALOG_CLEAN_AND_STRICT_DATA_QUALIFIED_TIME_CANDIDATE,Passes the existing strict data baseline and the guarded catalog screen; remains a same-AR temporal candidate only.,NO
SHRGT45_严格阴性对照前推检索_20260807,NOAA11158_X2.2_20110215,377,11158,2011-02-12T09:47:26Z,2011.02.12_09:48:00_TAI,"[2011.02.12_06:48:00_TAI, 2011.02.12_09:48:00_TAI]",16,16,PASS,PASS,PASS,PASS,-21.816525,-20.091717,PASS,16/16 returned; all requested fields complete; HARP/NOAA mapping holds; all QUALITY=0; T0 is within the disk-position rule.,0.199809,-1.236,NOT_AVAILABLE_IN_INPUT,This query does not include CMASK/effective-pixel fields. It does not claim that measurement-driven trends are excluded.,NOT_FORMAL_INDEPENDENT_CONTROL,2011-02-15T01:44:00Z,63.943,PASS,0,0,CATALOG_CLEAN_AND_STRICT_DATA_QUALIFIED_TIME_CANDIDATE,Passes the existing strict data baseline and the guarded catalog screen; remains a same-AR temporal candidate only.,NO
SHRGT45_严格阴性对照前推检索_20260807,NOAA11158_X2.2_20110215,377,11158,2011-02-12T09:59:26Z,2011.02.12_10:00:00_TAI,"[2011.02.12_07:00:00_TAI, 2011.02.12_10:00:00_TAI]",16,16,PASS,PASS,PASS,PASS,-21.687119,-20.093430,PASS,16/16 returned; all requested fields complete; HARP/NOAA mapping holds; all QUALITY=0; T0 is within the disk-position rule.,0.641868,0.879,NOT_AVAILABLE_IN_INPUT,This query does not include CMASK/effective-pixel fields. It does not claim that measurement-driven trends are excluded.,NOT_FORMAL_INDEPENDENT_CONTROL,2011-02-15T01:44:00Z,63.743,PASS,0,0,CATALOG_CLEAN_AND_STRICT_DATA_QUALIFIED_TIME_CANDIDATE,Passes the existing strict data baseline and the guarded catalog screen; remains a same-AR temporal candidate only.,NO
SHRGT45_严格阴性对照前推检索_20260807,NOAA11158_X2.2_20110215,377,11158,2011-02-12T10:11:26Z,2011.02.12_10:12:00_TAI,"[2011.02.12_07:12:00_TAI, 2011.02.12_10:12:00_TAI]",16,16,PASS,PASS,PASS,PASS,-21.580988,-20.095236,PASS,16/16 returned; all requested fields complete; HARP/NOAA mapping holds; all QUALITY=0; T0 is within the disk-position rule.,1.102544,3.565,NOT_AVAILABLE_IN_INPUT,This query does not include CMASK/effective-pixel fields. It does not claim that measurement-driven trends are excluded.,NOT_FORMAL_INDEPENDENT_CONTROL,2011-02-15T01:44:00Z,63.543,PASS,0,0,CATALOG_CLEAN_AND_STRICT_DATA_QUALIFIED_TIME_CANDIDATE,Passes the existing strict data baseline and the guarded catalog screen; remains a same-AR temporal candidate only.,NO
SHRGT45_严格阴性对照前推检索_20260807,NOAA11158_X2.2_20110215,377,11158,2011-02-12T10:23:26Z,2011.02.12_10:24:00_TAI,"[2011.02.12_07:24:00_TAI, 2011.02.12_10:24:00_TAI]",16,16,PASS,PASS,PASS,PASS,-21.477034,-20.095053,PASS,16/16 returned; all requested fields complete; HARP/NOAA mapping holds; all QUALITY=0; T0 is within the disk-position rule.,1.134360,2.787,NOT_AVAILABLE_IN_INPUT,This query does not include CMASK/effective-pixel fields. It does not claim that measurement-driven trends are excluded.,NOT_FORMAL_INDEPENDENT_CONTROL,2011-02-15T01:44:00Z,63.343,PASS,0,0,CATALOG_CLEAN_AND_STRICT_DATA_QUALIFIED_TIME_CANDIDATE,Passes the existing strict data baseline and the guarded catalog screen; remains a same-AR temporal candidate only.,NO
SHRGT45_严格阴性对照前推检索_20260807,NOAA11158_X2.2_20110215,377,11158,2011-02-12T10:35:26Z,2011.02.12_10:36:00_TAI,"[2011.02.12_07:36:00_TAI, 2011.02.12_10:36:00_TAI]",16,16,PASS,PASS,PASS,PASS,-21.385265,-20.107824,PASS,16/16 returned; all requested fields complete; HARP/NOAA mapping holds; all QUALITY=0; T0 is within the disk-position rule.,1.119015,2.949,NOT_AVAILABLE_IN_INPUT,This query does not include CMASK/effective-pixel fields. It does not claim that measurement-driven trends are excluded.,NOT_FORMAL_INDEPENDENT_CONTROL,2011-02-15T01:44:00Z,63.143,PASS,0,0,CATALOG_CLEAN_AND_STRICT_DATA_QUALIFIED_TIME_CANDIDATE,Passes the existing strict data baseline and the guarded catalog screen; remains a same-AR temporal candidate only.,NO
SHRGT45_严格阴性对照前推检索_20260807,NOAA11158_X2.2_20110215,377,11158,2011-02-12T10:47:26Z,2011.02.12_10:48:00_TAI,"[2011.02.12_07:48:00_TAI, 2011.02.12_10:48:00_TAI]",16,16,PASS,PASS,PASS,PASS,-21.285254,-20.112669,PASS,16/16 returned; all requested fields complete; HARP/NOAA mapping holds; all QUALITY=0; T0 is within the disk-position rule.,0.927507,1.758,NOT_AVAILABLE_IN_INPUT,This query does not include CMASK/effective-pixel fields. It does not claim that measurement-driven trends are excluded.,NOT_FORMAL_INDEPENDENT_CONTROL,2011-02-15T01:44:00Z,62.943,PASS,0,0,CATALOG_CLEAN_AND_STRICT_DATA_QUALIFIED_TIME_CANDIDATE,Passes the existing strict data baseline and the guarded catalog screen; remains a same-AR temporal candidate only.,NO
SHRGT45_严格阴性对照前推检索_20260807,NOAA11158_X2.2_20110215,377,11158,2011-02-12T10:59:26Z,2011.02.12_11:00:00_TAI,"[2011.02.12_08:00:00_TAI, 2011.02.12_11:00:00_TAI]",16,16,PASS,PASS,PASS,PASS,-21.188730,-20.112118,PASS,16/16 returned; all requested fields complete; HARP/NOAA mapping holds; all QUALITY=0; T0 is within the disk-position rule.,0.484375,0.299,NOT_AVAILABLE_IN_INPUT,This query does not include CMASK/effective-pixel fields. It does not claim that measurement-driven trends are excluded.,NOT_FORMAL_INDEPENDENT_CONTROL,2011-02-15T01:44:00Z,62.743,PASS,0,0,CATALOG_CLEAN_AND_STRICT_DATA_QUALIFIED_TIME_CANDIDATE,Passes the existing strict data baseline and the guarded catalog screen; remains a same-AR temporal candidate only.,NO
SHRGT45_严格阴性对照前推检索_20260807,NOAA11158_X2.2_20110215,377,11158,2011-02-12T11:11:26Z,2011.02.12_11:12:00_TAI,"[2011.02.12_08:12:00_TAI, 2011.02.12_11:12:00_TAI]",16,16,PASS,PASS,PASS,PASS,-21.084398,-20.105389,PASS,16/16 returned; all requested fields complete; HARP/NOAA mapping holds; all QUALITY=0; T0 is within the disk-position rule.,-0.037162,-0.925,NOT_AVAILABLE_IN_INPUT,This query does not include CMASK/effective-pixel fields. It does not claim that measurement-driven trends are excluded.,NOT_FORMAL_INDEPENDENT_CONTROL,2011-02-15T01:44:00Z,62.543,PASS,0,0,CATALOG_CLEAN_AND_STRICT_DATA_QUALIFIED_TIME_CANDIDATE,Passes the existing strict data baseline and the guarded catalog screen; remains a same-AR temporal candidate only.,NO
SHRGT45_严格阴性对照前推检索_20260807,NOAA11158_X2.2_20110215,377,11158,2011-02-12T11:23:26Z,2011.02.12_11:24:00_TAI,"[2011.02.12_08:24:00_TAI, 2011.02.12_11:24:00_TAI]",16,16,PASS,PASS,PASS,PASS,-20.971731,-20.108173,PASS,16/16 returned; all requested fields complete; HARP/NOAA mapping holds; all QUALITY=0; T0 is within the disk-position rule.,-0.430831,-3.642,NOT_AVAILABLE_IN_INPUT,This query does not include CMASK/effective-pixel fields. It does not claim that measurement-driven trends are excluded.,NOT_FORMAL_INDEPENDENT_CONTROL,2011-02-15T01:44:00Z,62.343,PASS,0,0,CATALOG_CLEAN_AND_STRICT_DATA_QUALIFIED_TIME_CANDIDATE,Passes the existing strict data baseline and the guarded catalog screen; remains a same-AR temporal candidate only.,NO
SHRGT45_严格阴性对照前推检索_20260807,NOAA11158_X2.2_20110215,377,11158,2011-02-12T11:35:26Z,2011.02.12_11:36:00_TAI,"[2011.02.12_08:36:00_TAI, 2011.02.12_11:36:00_TAI]",16,16,PASS,PASS,PASS,PASS,-20.857874,-20.113380,PASS,16/16 returned; all requested fields complete; HARP/NOAA mapping holds; all QUALITY=0; T0 is within the disk-position rule.,-0.227191,0.219,NOT_AVAILABLE_IN_INPUT,This query does not include CMASK/effective-pixel fields. It does not claim that measurement-driven trends are excluded.,NOT_FORMAL_INDEPENDENT_CONTROL,2011-02-15T01:44:00Z,62.143,PASS,0,0,CATALOG_CLEAN_AND_STRICT_DATA_QUALIFIED_TIME_CANDIDATE,Passes the existing strict data baseline and the guarded catalog screen; remains a same-AR temporal candidate only.,NO
SHRGT45_严格阴性对照前推检索_20260807,NOAA11158_X2.2_20110215,377,11158,2011-02-12T11:47:26Z,2011.02.12_11:48:00_TAI,"[2011.02.12_08:48:00_TAI, 2011.02.12_11:48:00_TAI]",16,16,PASS,PASS,PASS,PASS,-20.766127,-20.124804,PASS,16/16 returned; all requested fields complete; HARP/NOAA mapping holds; all QUALITY=0; T0 is within the disk-position rule.,-0.384235,-0.119,NOT_AVAILABLE_IN_INPUT,This query does not include CMASK/effective-pixel fields. It does not claim that measurement-driven trends are excluded.,NOT_FORMAL_INDEPENDENT_CONTROL,2011-02-15T01:44:00Z,61.943,PASS,0,0,CATALOG_CLEAN_AND_STRICT_DATA_QUALIFIED_TIME_CANDIDATE,Passes the existing strict data baseline and the guarded catalog screen; remains a same-AR temporal candidate only.,NO
SHRGT45_严格阴性对照前推检索_20260807,NOAA11158_X2.2_20110215,377,11158,2011-02-12T11:59:26Z,2011.02.12_12:00:00_TAI,"[2011.02.12_09:00:00_TAI, 2011.02.12_12:00:00_TAI]",16,16,PASS,PASS,PASS,PASS,-20.670998,-20.133499,PASS,16/16 returned; all requested fields complete; HARP/NOAA mapping holds; all QUALITY=0; T0 is within the disk-position rule.,-0.570301,0.221,NOT_AVAILABLE_IN_INPUT,This query does not include CMASK/effective-pixel fields. It does not claim that measurement-driven trends are excluded.,NOT_FORMAL_INDEPENDENT_CONTROL,2011-02-15T01:44:00Z,61.743,PASS,0,0,CATALOG_CLEAN_AND_STRICT_DATA_QUALIFIED_TIME_CANDIDATE,Passes the existing strict data baseline and the guarded catalog screen; remains a same-AR temporal candidate only.,NO
SHRGT45_严格阴性对照前推检索_20260807,NOAA11158_X2.2_20110215,377,11158,2011-02-12T12:11:26Z,2011.02.12_12:12:00_TAI,"[2011.02.12_09:12:00_TAI, 2011.02.12_12:12:00_TAI]",16,16,PASS,PASS,PASS,PASS,-20.559652,-20.127872,PASS,16/16 returned; all requested fields complete; HARP/NOAA mapping holds; all QUALITY=0; T0 is within the disk-position rule.,-0.706235,-0.667,NOT_AVAILABLE_IN_INPUT,This query does not include CMASK/effective-pixel fields. It does not claim that measurement-driven trends are excluded.,NOT_FORMAL_INDEPENDENT_CONTROL,2011-02-15T01:44:00Z,61.543,PASS,0,0,CATALOG_CLEAN_AND_STRICT_DATA_QUALIFIED_TIME_CANDIDATE,Passes the existing strict data baseline and the guarded catalog screen; remains a same-AR temporal candidate only.,NO
SHRGT45_严格阴性对照前推检索_20260807,NOAA11158_X2.2_20110215,377,11158,2011-02-12T12:23:26Z,2011.02.12_12:24:00_TAI,"[2011.02.12_09:24:00_TAI, 2011.02.12_12:24:00_TAI]",16,16,PASS,PASS,PASS,PASS,-20.433189,-20.125200,PASS,16/16 returned; all requested fields complete; HARP/NOAA mapping holds; all QUALITY=0; T0 is within the disk-position rule.,-0.458132,2.106,NOT_AVAILABLE_IN_INPUT,This query does not include CMASK/effective-pixel fields. It does not claim that measurement-driven trends are excluded.,NOT_FORMAL_INDEPENDENT_CONTROL,2011-02-15T01:44:00Z,61.343,PASS,0,0,CATALOG_CLEAN_AND_STRICT_DATA_QUALIFIED_TIME_CANDIDATE,Passes the existing strict data baseline and the guarded catalog screen; remains a same-AR temporal candidate only.,NO
SHRGT45_严格阴性对照前推检索_20260807,NOAA11158_X2.2_20110215,377,11158,2011-02-12T12:35:26Z,2011.02.12_12:36:00_TAI,"[2011.02.12_09:36:00_TAI, 2011.02.12_12:36:00_TAI]",16,16,PASS,PASS,PASS,PASS,-20.331467,-20.134626,PASS,16/16 returned; all requested fields complete; HARP/NOAA mapping holds; all QUALITY=0; T0 is within the disk-position rule.,-0.118794,2.474,NOT_AVAILABLE_IN_INPUT,This query does not include CMASK/effective-pixel fields. It does not claim that measurement-driven trends are excluded.,NOT_FORMAL_INDEPENDENT_CONTROL,2011-02-15T01:44:00Z,61.143,PASS,0,0,CATALOG_CLEAN_AND_STRICT_DATA_QUALIFIED_TIME_CANDIDATE,Passes the existing strict data baseline and the guarded catalog screen; remains a same-AR temporal candidate only.,NO
SHRGT45_严格阴性对照前推检索_20260807,NOAA11158_X2.2_20110215,377,11158,2011-02-12T12:47:26Z,2011.02.12_12:48:00_TAI,"[2011.02.12_09:48:00_TAI, 2011.02.12_12:48:00_TAI]",16,16,PASS,PASS,PASS,PASS,-20.244659,-20.149027,PASS,16/16 returned; all requested fields complete; HARP/NOAA mapping holds; all QUALITY=0; T0 is within the disk-position rule.,0.149199,2.161,NOT_AVAILABLE_IN_INPUT,This query does not include CMASK/effective-pixel fields. It does not claim that measurement-driven trends are excluded.,NOT_FORMAL_INDEPENDENT_CONTROL,2011-02-15T01:44:00Z,60.943,PASS,0,0,CATALOG_CLEAN_AND_STRICT_DATA_QUALIFIED_TIME_CANDIDATE,Passes the existing strict data baseline and the guarded catalog screen; remains a same-AR temporal candidate only.,NO
SHRGT45_严格阴性对照前推检索_20260807,NOAA11158_X2.2_20110215,377,11158,2011-02-12T12:59:26Z,2011.02.12_13:00:00_TAI,"[2011.02.12_10:00:00_TAI, 2011.02.12_13:00:00_TAI]",16,16,PASS,PASS,PASS,PASS,-20.143906,-20.154917,PASS,16/16 returned; all requested fields complete; HARP/NOAA mapping holds; all QUALITY=0; T0 is within the disk-position rule.,0.305449,0.520,NOT_AVAILABLE_IN_INPUT,This query does not include CMASK/effective-pixel fields. It does not claim that measurement-driven trends are excluded.,NOT_FORMAL_INDEPENDENT_CONTROL,2011-02-15T01:44:00Z,60.743,PASS,0,0,CATALOG_CLEAN_AND_STRICT_DATA_QUALIFIED_TIME_CANDIDATE,Passes the existing strict data baseline and the guarded catalog screen; remains a same-AR temporal candidate only.,NO
SHRGT45_严格阴性对照前推检索_20260807,NOAA11158_X2.2_20110215,377,11158,2011-02-12T13:11:26Z,2011.02.12_13:12:00_TAI,"[2011.02.12_10:12:00_TAI, 2011.02.12_13:12:00_TAI]",16,16,PASS,PASS,PASS,PASS,-20.036215,-20.167410,PASS,16/16 returned; all requested fields complete; HARP/NOAA mapping holds; all QUALITY=0; T0 is within the disk-position rule.,0.303279,-3.248,NOT_AVAILABLE_IN_INPUT,This query does not include CMASK/effective-pixel fields. It does not claim that measurement-driven trends are excluded.,NOT_FORMAL_INDEPENDENT_CONTROL,2011-02-15T01:44:00Z,60.543,PASS,0,0,CATALOG_CLEAN_AND_STRICT_DATA_QUALIFIED_TIME_CANDIDATE,Passes the existing strict data baseline and the guarded catalog screen; remains a same-AR temporal candidate only.,NO
SHRGT45_严格阴性对照前推检索_20260807,NOAA11158_X2.2_20110215,377,11158,2011-02-12T13:23:26Z,2011.02.12_13:24:00_TAI,"[2011.02.12_10:24:00_TAI, 2011.02.12_13:24:00_TAI]",16,16,PASS,PASS,PASS,PASS,-19.940399,-20.170458,PASS,16/16 returned; all requested fields complete; HARP/NOAA mapping holds; all QUALITY=0; T0 is within the disk-position rule.,0.391007,-2.139,NOT_AVAILABLE_IN_INPUT,This query does not include CMASK/effective-pixel fields. It does not claim that measurement-driven trends are excluded.,NOT_FORMAL_INDEPENDENT_CONTROL,2011-02-15T01:44:00Z,60.343,PASS,0,0,CATALOG_CLEAN_AND_STRICT_DATA_QUALIFIED_TIME_CANDIDATE,Passes the existing strict data baseline and the guarded catalog screen; remains a same-AR temporal candidate only.,NO
SHRGT45_严格阴性对照前推检索_20260807,NOAA11158_X2.2_20110215,377,11158,2011-02-12T13:35:26Z,2011.02.12_13:36:00_TAI,"[2011.02.12_10:36:00_TAI, 2011.02.12_13:36:00_TAI]",16,16,PASS,PASS,PASS,PASS,-19.838507,-20.183081,PASS,16/16 returned; all requested fields complete; HARP/NOAA mapping holds; all QUALITY=0; T0 is within the disk-position rule.,0.471588,-1.655,NOT_AVAILABLE_IN_INPUT,This query does not include CMASK/effective-pixel fields. It does not claim that measurement-driven trends are excluded.,NOT_FORMAL_INDEPENDENT_CONTROL,2011-02-15T01:44:00Z,60.143,PASS,0,0,CATALOG_CLEAN_AND_STRICT_DATA_QUALIFIED_TIME_CANDIDATE,Passes the existing strict data baseline and the guarded catalog screen; remains a same-AR temporal candidate only.,NO
SHRGT45_严格阴性对照前推检索_20260807,NOAA11158_X2.2_20110215,377,11158,2011-02-12T13:47:26Z,2011.02.12_13:48:00_TAI,"[2011.02.12_10:48:00_TAI, 2011.02.12_13:48:00_TAI]",16,16,PASS,PASS,PASS,PASS,-19.757509,-20.200874,PASS,16/16 returned; all requested fields complete; HARP/NOAA mapping holds; all QUALITY=0; T0 is within the disk-position rule.,0.859191,1.950,NOT_AVAILABLE_IN_INPUT,This query does not include CMASK/effective-pixel fields. It does not claim that measurement-driven trends are excluded.,NOT_FORMAL_INDEPENDENT_CONTROL,2011-02-15T01:44:00Z,59.943,PASS,0,0,CATALOG_CLEAN_AND_STRICT_DATA_QUALIFIED_TIME_CANDIDATE,Passes the existing strict data baseline and the guarded catalog screen; remains a same-AR temporal candidate only.,NO
SHRGT45_严格阴性对照前推检索_20260807,NOAA11158_X2.2_20110215,377,11158,2011-02-12T13:59:26Z,2011.02.12_14:00:00_TAI,"[2011.02.12_11:00:00_TAI, 2011.02.12_14:00:00_TAI]",16,16,PASS,PASS,PASS,PASS,-19.650244,-20.202370,PASS,16/16 returned; all requested fields complete; HARP/NOAA mapping holds; all QUALITY=0; T0 is within the disk-position rule.,1.189221,4.926,NOT_AVAILABLE_IN_INPUT,This query does not include CMASK/effective-pixel fields. It does not claim that measurement-driven trends are excluded.,NOT_FORMAL_INDEPENDENT_CONTROL,2011-02-15T01:44:00Z,59.743,PASS,0,0,CATALOG_CLEAN_AND_STRICT_DATA_QUALIFIED_TIME_CANDIDATE,Passes the existing strict data baseline and the guarded catalog screen; remains a same-AR temporal candidate only.,NO
SHRGT45_严格阴性对照前推检索_20260807,NOAA11158_X2.2_20110215,377,11158,2011-02-12T14:11:26Z,2011.02.12_14:12:00_TAI,"[2011.02.12_11:12:00_TAI, 2011.02.12_14:12:00_TAI]",16,16,PASS,PASS,PASS,PASS,-19.559557,-20.213093,PASS,16/16 returned; all requested fields complete; HARP/NOAA mapping holds; all QUALITY=0; T0 is within the disk-position rule.,1.322507,5.929,NOT_AVAILABLE_IN_INPUT,This query does not include CMASK/effective-pixel fields. It does not claim that measurement-driven trends are excluded.,NOT_FORMAL_INDEPENDENT_CONTROL,2011-02-15T01:44:00Z,59.543,PASS,0,0,CATALOG_CLEAN_AND_STRICT_DATA_QUALIFIED_TIME_CANDIDATE,Passes the existing strict data baseline and the guarded catalog screen; remains a same-AR temporal candidate only.,NO
SHRGT45_严格阴性对照前推检索_20260807,NOAA11158_X2.2_20110215,377,11158,2011-02-12T14:23:26Z,2011.02.12_14:24:00_TAI,"[2011.02.12_11:24:00_TAI, 2011.02.12_14:24:00_TAI]",16,16,PASS,PASS,PASS,PASS,-19.468096,-20.233032,PASS,16/16 returned; all requested fields complete; HARP/NOAA mapping holds; all QUALITY=0; T0 is within the disk-position rule.,1.224669,4.812,NOT_AVAILABLE_IN_INPUT,This query does not include CMASK/effective-pixel fields. It does not claim that measurement-driven trends are excluded.,NOT_FORMAL_INDEPENDENT_CONTROL,2011-02-15T01:44:00Z,59.343,PASS,0,0,CATALOG_CLEAN_AND_STRICT_DATA_QUALIFIED_TIME_CANDIDATE,Passes the existing strict data baseline and the guarded catalog screen; remains a same-AR temporal candidate only.,NO
SHRGT45_严格阴性对照前推检索_20260807,NOAA11158_X2.2_20110215,377,11158,2011-02-12T14:35:26Z,2011.02.12_14:36:00_TAI,"[2011.02.12_11:36:00_TAI, 2011.02.12_14:36:00_TAI]",16,16,PASS,PASS,PASS,PASS,-19.372345,-20.240965,PASS,16/16 returned; all requested fields complete; HARP/NOAA mapping holds; all QUALITY=0; T0 is within the disk-position rule.,1.082096,2.835,NOT_AVAILABLE_IN_INPUT,This query does not include CMASK/effective-pixel fields. It does not claim that measurement-driven trends are excluded.,NOT_FORMAL_INDEPENDENT_CONTROL,2011-02-15T01:44:00Z,59.143,PASS,0,0,CATALOG_CLEAN_AND_STRICT_DATA_QUALIFIED_TIME_CANDIDATE,Passes the existing strict data baseline and the guarded catalog screen; remains a same-AR temporal candidate only.,NO
SHRGT45_严格阴性对照前推检索_20260807,NOAA11158_X2.2_20110215,377,11158,2011-02-12T14:47:26Z,2011.02.12_14:48:00_TAI,"[2011.02.12_11:48:00_TAI, 2011.02.12_14:48:00_TAI]",16,16,PASS,PASS,PASS,PASS,-19.280331,-20.249668,PASS,16/16 returned; all requested fields complete; HARP/NOAA mapping holds; all QUALITY=0; T0 is within the disk-position rule.,1.220000,5.136,NOT_AVAILABLE_IN_INPUT,This query does not include CMASK/effective-pixel fields. It does not claim that measurement-driven trends are excluded.,NOT_FORMAL_INDEPENDENT_CONTROL,2011-02-15T01:44:00Z,58.943,PASS,0,0,CATALOG_CLEAN_AND_STRICT_DATA_QUALIFIED_TIME_CANDIDATE,Passes the existing strict data baseline and the guarded catalog screen; remains a same-AR temporal candidate only.,NO
SHRGT45_严格阴性对照前推检索_20260807,NOAA11158_X2.2_20110215,377,11158,2011-02-12T14:59:26Z,2011.02.12_15:00:00_TAI,"[2011.02.12_12:00:00_TAI, 2011.02.12_15:00:00_TAI]",16,16,PASS,PASS,PASS,PASS,-19.197956,-20.271450,PASS,16/16 returned; all requested fields complete; HARP/NOAA mapping holds; all QUALITY=0; T0 is within the disk-position rule.,0.985794,3.064,NOT_AVAILABLE_IN_INPUT,This query does not include CMASK/effective-pixel fields. It does not claim that measurement-driven trends are excluded.,NOT_FORMAL_INDEPENDENT_CONTROL,2011-02-15T01:44:00Z,58.743,PASS,0,0,CATALOG_CLEAN_AND_STRICT_DATA_QUALIFIED_TIME_CANDIDATE,Passes the existing strict data baseline and the guarded catalog screen; remains a same-AR temporal candidate only.,NO
SHRGT45_严格阴性对照前推检索_20260807,NOAA11158_X2.2_20110215,377,11158,2011-02-12T15:11:26Z,2011.02.12_15:12:00_TAI,"[2011.02.12_12:12:00_TAI, 2011.02.12_15:12:00_TAI]",16,16,PASS,PASS,PASS,PASS,-19.117281,-20.279156,PASS,16/16 returned; all requested fields complete; HARP/NOAA mapping holds; all QUALITY=0; T0 is within the disk-position rule.,0.988662,4.798,NOT_AVAILABLE_IN_INPUT,This query does not include CMASK/effective-pixel fields. It does not claim that measurement-driven trends are excluded.,NOT_FORMAL_INDEPENDENT_CONTROL,2011-02-15T01:44:00Z,58.543,PASS,0,0,CATALOG_CLEAN_AND_STRICT_DATA_QUALIFIED_TIME_CANDIDATE,Passes the existing strict data baseline and the guarded catalog screen; remains a same-AR temporal candidate only.,NO
SHRGT45_严格阴性对照前推检索_20260807,NOAA11158_X2.2_20110215,377,11158,2011-02-12T15:23:26Z,2011.02.12_15:24:00_TAI,"[2011.02.12_12:24:00_TAI, 2011.02.12_15:24:00_TAI]",16,16,PASS,PASS,PASS,PASS,-19.006229,-20.282495,PASS,16/16 returned; all requested fields complete; HARP/NOAA mapping holds; all QUALITY=0; T0 is within the disk-position rule.,0.888544,1.999,NOT_AVAILABLE_IN_INPUT,This query does not include CMASK/effective-pixel fields. It does not claim that measurement-driven trends are excluded.,NOT_FORMAL_INDEPENDENT_CONTROL,2011-02-15T01:44:00Z,58.343,PASS,0,0,CATALOG_CLEAN_AND_STRICT_DATA_QUALIFIED_TIME_CANDIDATE,Passes the existing strict data baseline and the guarded catalog screen; remains a same-AR temporal candidate only.,NO
SHRGT45_严格阴性对照前推检索_20260807,NOAA11158_X2.2_20110215,377,11158,2011-02-12T15:35:26Z,2011.02.12_15:36:00_TAI,"[2011.02.12_12:36:00_TAI, 2011.02.12_15:36:00_TAI]",16,16,PASS,PASS,PASS,PASS,-18.918133,-20.293180,PASS,16/16 returned; all requested fields complete; HARP/NOAA mapping holds; all QUALITY=0; T0 is within the disk-position rule.,1.108993,1.291,NOT_AVAILABLE_IN_INPUT,This query does not include CMASK/effective-pixel fields. It does not claim that measurement-driven trends are excluded.,NOT_FORMAL_INDEPENDENT_CONTROL,2011-02-15T01:44:00Z,58.143,PASS,0,0,CATALOG_CLEAN_AND_STRICT_DATA_QUALIFIED_TIME_CANDIDATE,Passes the existing strict data baseline and the guarded catalog screen; remains a same-AR temporal candidate only.,NO
SHRGT45_严格阴性对照前推检索_20260807,NOAA11158_X2.2_20110215,377,11158,2011-02-12T15:47:26Z,2011.02.12_15:48:00_TAI,"[2011.02.12_12:48:00_TAI, 2011.02.12_15:48:00_TAI]",16,16,PASS,PASS,PASS,PASS,-18.816198,-20.292551,PASS,16/16 returned; all requested fields complete; HARP/NOAA mapping holds; all QUALITY=0; T0 is within the disk-position rule.,1.421632,2.248,NOT_AVAILABLE_IN_INPUT,This query does not include CMASK/effective-pixel fields. It does not claim that measurement-driven trends are excluded.,NOT_FORMAL_INDEPENDENT_CONTROL,2011-02-15T01:44:00Z,57.943,PASS,0,0,CATALOG_CLEAN_AND_STRICT_DATA_QUALIFIED_TIME_CANDIDATE,Passes the existing strict data baseline and the guarded catalog screen; remains a same-AR temporal candidate only.,NO
SHRGT45_严格阴性对照前推检索_20260807,NOAA11158_X2.2_20110215,377,11158,2011-02-12T15:59:26Z,2011.02.12_16:00:00_TAI,"[2011.02.12_13:00:00_TAI, 2011.02.12_16:00:00_TAI]",16,16,PASS,PASS,PASS,PASS,-18.712648,-20.299824,PASS,16/16 returned; all requested fields complete; HARP/NOAA mapping holds; all QUALITY=0; T0 is within the disk-position rule.,1.555846,1.968,NOT_AVAILABLE_IN_INPUT,This query does not include CMASK/effective-pixel fields. It does not claim that measurement-driven trends are excluded.,NOT_FORMAL_INDEPENDENT_CONTROL,2011-02-15T01:44:00Z,57.743,PASS,0,0,CATALOG_CLEAN_AND_STRICT_DATA_QUALIFIED_TIME_CANDIDATE,Passes the existing strict data baseline and the guarded catalog screen; remains a same-AR temporal candidate only.,NO
SHRGT45_严格阴性对照前推检索_20260807,NOAA11158_X2.2_20110215,377,11158,2011-02-12T16:11:26Z,2011.02.12_16:12:00_TAI,"[2011.02.12_13:12:00_TAI, 2011.02.12_16:12:00_TAI]",16,16,PASS,PASS,PASS,PASS,-18.615301,-20.315601,PASS,16/16 returned; all requested fields complete; HARP/NOAA mapping holds; all QUALITY=0; T0 is within the disk-position rule.,1.965088,7.732,NOT_AVAILABLE_IN_INPUT,This query does not include CMASK/effective-pixel fields. It does not claim that measurement-driven trends are excluded.,NOT_FORMAL_INDEPENDENT_CONTROL,2011-02-15T01:44:00Z,57.543,PASS,0,0,CATALOG_CLEAN_AND_STRICT_DATA_QUALIFIED_TIME_CANDIDATE,Passes the existing strict data baseline and the guarded catalog screen; remains a same-AR temporal candidate only.,NO
SHRGT45_严格阴性对照前推检索_20260807,NOAA11158_X2.2_20110215,377,11158,2011-02-12T16:23:26Z,2011.02.12_16:24:00_TAI,"[2011.02.12_13:24:00_TAI, 2011.02.12_16:24:00_TAI]",16,16,PASS,PASS,PASS,PASS,-18.503464,-20.312998,PASS,16/16 returned; all requested fields complete; HARP/NOAA mapping holds; all QUALITY=0; T0 is within the disk-position rule.,2.019632,8.933,NOT_AVAILABLE_IN_INPUT,This query does not include CMASK/effective-pixel fields. It does not claim that measurement-driven trends are excluded.,NOT_FORMAL_INDEPENDENT_CONTROL,2011-02-15T01:44:00Z,57.343,PASS,0,0,CATALOG_CLEAN_AND_STRICT_DATA_QUALIFIED_TIME_CANDIDATE,Passes the existing strict data baseline and the guarded catalog screen; remains a same-AR temporal candidate only.,NO
SHRGT45_严格阴性对照前推检索_20260807,NOAA11158_X2.2_20110215,377,11158,2011-02-12T16:35:26Z,2011.02.12_16:36:00_TAI,"[2011.02.12_13:36:00_TAI, 2011.02.12_16:36:00_TAI]",16,16,PASS,PASS,PASS,PASS,-18.414177,-20.337393,PASS,16/16 returned; all requested fields complete; HARP/NOAA mapping holds; all QUALITY=0; T0 is within the disk-position rule.,1.978654,8.499,NOT_AVAILABLE_IN_INPUT,This query does not include CMASK/effective-pixel fields. It does not claim that measurement-driven trends are excluded.,NOT_FORMAL_INDEPENDENT_CONTROL,2011-02-15T01:44:00Z,57.143,PASS,0,0,CATALOG_CLEAN_AND_STRICT_DATA_QUALIFIED_TIME_CANDIDATE,Passes the existing strict data baseline and the guarded catalog screen; remains a same-AR temporal candidate only.,NO
SHRGT45_严格阴性对照前推检索_20260807,NOAA11158_X2.2_20110215,377,11158,2011-02-12T16:47:26Z,2011.02.12_16:48:00_TAI,"[2011.02.12_13:48:00_TAI, 2011.02.12_16:48:00_TAI]",16,16,PASS,PASS,PASS,PASS,-18.315845,-20.356796,PASS,16/16 returned; all requested fields complete; HARP/NOAA mapping holds; all QUALITY=0; T0 is within the disk-position rule.,1.792066,5.265,NOT_AVAILABLE_IN_INPUT,This query does not include CMASK/effective-pixel fields. It does not claim that measurement-driven trends are excluded.,NOT_FORMAL_INDEPENDENT_CONTROL,2011-02-15T01:44:00Z,56.943,PASS,0,0,CATALOG_CLEAN_AND_STRICT_DATA_QUALIFIED_TIME_CANDIDATE,Passes the existing strict data baseline and the guarded catalog screen; remains a same-AR temporal candidate only.,NO
SHRGT45_严格阴性对照前推检索_20260807,NOAA11158_X2.2_20110215,377,11158,2011-02-12T16:59:26Z,2011.02.12_17:00:00_TAI,"[2011.02.12_14:00:00_TAI, 2011.02.12_17:00:00_TAI]",16,16,PASS,PASS,PASS,PASS,-18.226162,-20.359001,PASS,16/16 returned; all requested fields complete; HARP/NOAA mapping holds; all QUALITY=0; T0 is within the disk-position rule.,1.730551,3.758,NOT_AVAILABLE_IN_INPUT,This query does not include CMASK/effective-pixel fields. It does not claim that measurement-driven trends are excluded.,NOT_FORMAL_INDEPENDENT_CONTROL,2011-02-15T01:44:00Z,56.743,PASS,0,0,CATALOG_CLEAN_AND_STRICT_DATA_QUALIFIED_TIME_CANDIDATE,Passes the existing strict data baseline and the guarded catalog screen; remains a same-AR temporal candidate only.,NO
SHRGT45_严格阴性对照前推检索_20260807,NOAA11158_X2.2_20110215,377,11158,2011-02-12T17:11:26Z,2011.02.12_17:12:00_TAI,"[2011.02.12_14:12:00_TAI, 2011.02.12_17:12:00_TAI]",16,16,PASS,PASS,PASS,PASS,-18.129084,-20.367208,PASS,16/16 returned; all requested fields complete; HARP/NOAA mapping holds; all QUALITY=0; T0 is within the disk-position rule.,1.809875,3.687,NOT_AVAILABLE_IN_INPUT,This query does not include CMASK/effective-pixel fields. It does not claim that measurement-driven trends are excluded.,NOT_FORMAL_INDEPENDENT_CONTROL,2011-02-15T01:44:00Z,56.543,PASS,0,0,CATALOG_CLEAN_AND_STRICT_DATA_QUALIFIED_TIME_CANDIDATE,Passes the existing strict data baseline and the guarded catalog screen; remains a same-AR temporal candidate only.,NO
SHRGT45_严格阴性对照前推检索_20260807,NOAA11158_X2.2_20110215,377,11158,2011-02-12T17:23:26Z,2011.02.12_17:24:00_TAI,"[2011.02.12_14:24:00_TAI, 2011.02.12_17:24:00_TAI]",16,16,PASS,PASS,PASS,PASS,-18.019033,-20.377081,PASS,16/16 returned; all requested fields complete; HARP/NOAA mapping holds; all QUALITY=0; T0 is within the disk-position rule.,1.858581,4.203,NOT_AVAILABLE_IN_INPUT,This query does not include CMASK/effective-pixel fields. It does not claim that measurement-driven trends are excluded.,NOT_FORMAL_INDEPENDENT_CONTROL,2011-02-15T01:44:00Z,56.343,PASS,0,0,CATALOG_CLEAN_AND_STRICT_DATA_QUALIFIED_TIME_CANDIDATE,Passes the existing strict data baseline and the guarded catalog screen; remains a same-AR temporal candidate only.,NO
SHRGT45_严格阴性对照前推检索_20260807,NOAA11158_X2.2_20110215,377,11158,2011-02-12T17:35:26Z,2011.02.12_17:36:00_TAI,"[2011.02.12_14:36:00_TAI, 2011.02.12_17:36:00_TAI]",16,16,PASS,PASS,PASS,PASS,-17.900272,-20.367905,PASS,16/16 returned; all requested fields complete; HARP/NOAA mapping holds; all QUALITY=0; T0 is within the disk-position rule.,1.730993,4.046,NOT_AVAILABLE_IN_INPUT,This query does not include CMASK/effective-pixel fields. It does not claim that measurement-driven trends are excluded.,NOT_FORMAL_INDEPENDENT_CONTROL,2011-02-15T01:44:00Z,56.143,PASS,0,0,CATALOG_CLEAN_AND_STRICT_DATA_QUALIFIED_TIME_CANDIDATE,Passes the existing strict data baseline and the guarded catalog screen; remains a same-AR temporal candidate only.,NO
SHRGT45_严格阴性对照前推检索_20260807,NOAA11158_X2.2_20110215,377,11158,2011-02-12T17:47:26Z,2011.02.12_17:48:00_TAI,"[2011.02.12_14:48:00_TAI, 2011.02.12_17:48:00_TAI]",16,16,PASS,PASS,PASS,PASS,-17.796003,-20.369705,PASS,16/16 returned; all requested fields complete; HARP/NOAA mapping holds; all QUALITY=0; T0 is within the disk-position rule.,1.800449,5.428,NOT_AVAILABLE_IN_INPUT,This query does not include CMASK/effective-pixel fields. It does not claim that measurement-driven trends are excluded.,NOT_FORMAL_INDEPENDENT_CONTROL,2011-02-15T01:44:00Z,55.943,PASS,0,0,CATALOG_CLEAN_AND_STRICT_DATA_QUALIFIED_TIME_CANDIDATE,Passes the existing strict data baseline and the guarded catalog screen; remains a same-AR temporal candidate only.,NO
SHRGT45_严格阴性对照前推检索_20260807,NOAA11158_X2.2_20110215,377,11158,2011-02-12T17:59:26Z,2011.02.12_18:00:00_TAI,"[2011.02.12_15:00:00_TAI, 2011.02.12_18:00:00_TAI]",16,16,PASS,PASS,FAIL,PASS,-17.681749,-20.369635,FAIL,Failed: all QUALITY=0,1.896515,6.781,NOT_AVAILABLE_IN_INPUT,This query does not include CMASK/effective-pixel fields. It does not claim that measurement-driven trends are excluded.,NOT_FORMAL_INDEPENDENT_CONTROL,2011-02-15T01:44:00Z,55.743,PASS,0,0,CATALOG_CLEAN_BUT_STRICT_DATA_GATE_FAIL,Failed: all QUALITY=0,NO
SHRGT45_严格阴性对照前推检索_20260807,NOAA11158_X2.2_20110215,377,11158,2011-02-12T18:11:26Z,2011.02.12_18:12:00_TAI,"[2011.02.12_15:12:00_TAI, 2011.02.12_18:12:00_TAI]",16,16,PASS,PASS,FAIL,PASS,-17.561901,-20.373150,FAIL,Failed: all QUALITY=0,1.890434,6.273,NOT_AVAILABLE_IN_INPUT,This query does not include CMASK/effective-pixel fields. It does not claim that measurement-driven trends are excluded.,NOT_FORMAL_INDEPENDENT_CONTROL,2011-02-15T01:44:00Z,55.543,PASS,0,0,CATALOG_CLEAN_BUT_STRICT_DATA_GATE_FAIL,Failed: all QUALITY=0,NO
SHRGT45_严格阴性对照前推检索_20260807,NOAA11158_X2.2_20110215,377,11158,2011-02-12T18:23:26Z,2011.02.12_18:24:00_TAI,"[2011.02.12_15:24:00_TAI, 2011.02.12_18:24:00_TAI]",16,16,PASS,PASS,FAIL,PASS,-17.455013,-20.372412,FAIL,Failed: all QUALITY=0,1.879676,5.627,NOT_AVAILABLE_IN_INPUT,This query does not include CMASK/effective-pixel fields. It does not claim that measurement-driven trends are excluded.,NOT_FORMAL_INDEPENDENT_CONTROL,2011-02-15T01:44:00Z,55.343,PASS,0,0,CATALOG_CLEAN_BUT_STRICT_DATA_GATE_FAIL,Failed: all QUALITY=0,NO
SHRGT45_严格阴性对照前推检索_20260807,NOAA11158_X2.2_20110215,377,11158,2011-02-12T18:35:26Z,2011.02.12_18:36:00_TAI,"[2011.02.12_15:36:00_TAI, 2011.02.12_18:36:00_TAI]",16,16,PASS,PASS,FAIL,PASS,-17.337669,-20.367889,FAIL,Failed: all QUALITY=0,1.791353,5.300,NOT_AVAILABLE_IN_INPUT,This query does not include CMASK/effective-pixel fields. It does not claim that measurement-driven trends are excluded.,NOT_FORMAL_INDEPENDENT_CONTROL,2011-02-15T01:44:00Z,55.143,PASS,0,0,CATALOG_CLEAN_BUT_STRICT_DATA_GATE_FAIL,Failed: all QUALITY=0,NO
SHRGT45_严格阴性对照前推检索_20260807,NOAA11158_X2.2_20110215,377,11158,2011-02-12T18:47:26Z,2011.02.12_18:48:00_TAI,"[2011.02.12_15:48:00_TAI, 2011.02.12_18:48:00_TAI]",16,16,PASS,PASS,FAIL,PASS,-17.228889,-20.365801,FAIL,Failed: all QUALITY=0,1.811154,6.687,NOT_AVAILABLE_IN_INPUT,This query does not include CMASK/effective-pixel fields. It does not claim that measurement-driven trends are excluded.,NOT_FORMAL_INDEPENDENT_CONTROL,2011-02-15T01:44:00Z,54.943,PASS,0,0,CATALOG_CLEAN_BUT_STRICT_DATA_GATE_FAIL,Failed: all QUALITY=0,NO
SHRGT45_严格阴性对照前推检索_20260807,NOAA11158_X2.2_20110215,377,11158,2011-02-12T18:59:26Z,2011.02.12_19:00:00_TAI,"[2011.02.12_16:00:00_TAI, 2011.02.12_19:00:00_TAI]",16,16,PASS,PASS,FAIL,PASS,-17.108856,-20.363886,FAIL,Failed: all QUALITY=0,1.754897,7.250,NOT_AVAILABLE_IN_INPUT,This query does not include CMASK/effective-pixel fields. It does not claim that measurement-driven trends are excluded.,NOT_FORMAL_INDEPENDENT_CONTROL,2011-02-15T01:44:00Z,54.743,PASS,0,0,CATALOG_CLEAN_BUT_STRICT_DATA_GATE_FAIL,Failed: all QUALITY=0,NO
SHRGT45_严格阴性对照前推检索_20260807,NOAA11158_X2.2_20110215,377,11158,2011-02-12T19:11:26Z,2011.02.12_19:12:00_TAI,"[2011.02.12_16:12:00_TAI, 2011.02.12_19:12:00_TAI]",16,16,PASS,PASS,FAIL,PASS,-17.000772,-20.369354,FAIL,Failed: all QUALITY=0,1.612537,4.960,NOT_AVAILABLE_IN_INPUT,This query does not include CMASK/effective-pixel fields. It does not claim that measurement-driven trends are excluded.,NOT_FORMAL_INDEPENDENT_CONTROL,2011-02-15T01:44:00Z,54.543,PASS,0,0,CATALOG_CLEAN_BUT_STRICT_DATA_GATE_FAIL,Failed: all QUALITY=0,NO
SHRGT45_严格阴性对照前推检索_20260807,NOAA11158_X2.2_20110215,377,11158,2011-02-12T19:23:26Z,2011.02.12_19:24:00_TAI,"[2011.02.12_16:24:00_TAI, 2011.02.12_19:24:00_TAI]",16,16,PASS,PASS,FAIL,PASS,-16.888084,-20.370638,FAIL,Failed: all QUALITY=0,1.504882,2.357,NOT_AVAILABLE_IN_INPUT,This query does not include CMASK/effective-pixel fields. It does not claim that measurement-driven trends are excluded.,NOT_FORMAL_INDEPENDENT_CONTROL,2011-02-15T01:44:00Z,54.343,PASS,0,0,CATALOG_CLEAN_BUT_STRICT_DATA_GATE_FAIL,Failed: all QUALITY=0,NO
SHRGT45_严格阴性对照前推检索_20260807,NOAA11158_X2.2_20110215,377,11158,2011-02-12T19:35:26Z,2011.02.12_19:36:00_TAI,"[2011.02.12_16:36:00_TAI, 2011.02.12_19:36:00_TAI]",16,16,PASS,PASS,FAIL,PASS,-16.751547,-20.349440,FAIL,Failed: all QUALITY=0,1.381316,1.001,NOT_AVAILABLE_IN_INPUT,This query does not include CMASK/effective-pixel fields. It does not claim that measurement-driven trends are excluded.,NOT_FORMAL_INDEPENDENT_CONTROL,2011-02-15T01:44:00Z,54.143,PASS,0,0,CATALOG_CLEAN_BUT_STRICT_DATA_GATE_FAIL,Failed: all QUALITY=0,NO
SHRGT45_严格阴性对照前推检索_20260807,NOAA11158_X2.2_20110215,377,11158,2011-02-12T19:47:26Z,2011.02.12_19:48:00_TAI,"[2011.02.12_16:48:00_TAI, 2011.02.12_19:48:00_TAI]",16,16,PASS,PASS,FAIL,PASS,-16.635395,-20.341759,FAIL,Failed: all QUALITY=0,1.383875,2.899,NOT_AVAILABLE_IN_INPUT,This query does not include CMASK/effective-pixel fields. It does not claim that measurement-driven trends are excluded.,NOT_FORMAL_INDEPENDENT_CONTROL,2011-02-15T01:44:00Z,53.943,PASS,0,0,CATALOG_CLEAN_BUT_STRICT_DATA_GATE_FAIL,Failed: all QUALITY=0,NO
SHRGT45_严格阴性对照前推检索_20260807,NOAA11158_X2.2_20110215,377,11158,2011-02-12T19:59:26Z,2011.02.12_20:00:00_TAI,"[2011.02.12_17:00:00_TAI, 2011.02.12_20:00:00_TAI]",16,16,PASS,PASS,FAIL,PASS,-16.526087,-20.337410,FAIL,Failed: all QUALITY=0,1.320529,4.086,NOT_AVAILABLE_IN_INPUT,This query does not include CMASK/effective-pixel fields. It does not claim that measurement-driven trends are excluded.,NOT_FORMAL_INDEPENDENT_CONTROL,2011-02-15T01:44:00Z,53.743,PASS,0,0,CATALOG_CLEAN_BUT_STRICT_DATA_GATE_FAIL,Failed: all QUALITY=0,NO
SHRGT45_严格阴性对照前推检索_20260807,NOAA11158_X2.2_20110215,377,11158,2011-02-12T20:11:26Z,2011.02.12_20:12:00_TAI,"[2011.02.12_17:12:00_TAI, 2011.02.12_20:12:00_TAI]",16,16,PASS,PASS,FAIL,PASS,-16.405445,-20.338783,FAIL,Failed: all QUALITY=0,1.352169,5.221,NOT_AVAILABLE_IN_INPUT,This query does not include CMASK/effective-pixel fields. It does not claim that measurement-driven trends are excluded.,NOT_FORMAL_INDEPENDENT_CONTROL,2011-02-15T01:44:00Z,53.543,PASS,0,0,CATALOG_CLEAN_BUT_STRICT_DATA_GATE_FAIL,Failed: all QUALITY=0,NO
SHRGT45_严格阴性对照前推检索_20260807,NOAA11158_X2.2_20110215,377,11158,2011-02-12T20:23:26Z,2011.02.12_20:24:00_TAI,"[2011.02.12_17:24:00_TAI, 2011.02.12_20:24:00_TAI]",16,16,PASS,PASS,FAIL,PASS,-16.277292,-20.327656,FAIL,Failed: all QUALITY=0,1.350816,5.475,NOT_AVAILABLE_IN_INPUT,This query does not include CMASK/effective-pixel fields. It does not claim that measurement-driven trends are excluded.,NOT_FORMAL_INDEPENDENT_CONTROL,2011-02-15T01:44:00Z,53.343,PASS,0,0,CATALOG_CLEAN_BUT_STRICT_DATA_GATE_FAIL,Failed: all QUALITY=0,NO
SHRGT45_严格阴性对照前推检索_20260807,NOAA11158_X2.2_20110215,377,11158,2011-02-12T20:35:26Z,2011.02.12_20:36:00_TAI,"[2011.02.12_17:36:00_TAI, 2011.02.12_20:36:00_TAI]",16,16,PASS,PASS,FAIL,PASS,-16.154459,-20.316994,FAIL,Failed: all QUALITY=0,1.337110,6.615,NOT_AVAILABLE_IN_INPUT,This query does not include CMASK/effective-pixel fields. It does not claim that measurement-driven trends are excluded.,NOT_FORMAL_INDEPENDENT_CONTROL,2011-02-15T01:44:00Z,53.143,PASS,0,0,CATALOG_CLEAN_BUT_STRICT_DATA_GATE_FAIL,Failed: all QUALITY=0,NO
SHRGT45_严格阴性对照前推检索_20260807,NOAA11158_X2.2_20110215,377,11158,2011-02-12T20:47:26Z,2011.02.12_20:48:00_TAI,"[2011.02.12_17:48:00_TAI, 2011.02.12_20:48:00_TAI]",16,16,PASS,PASS,FAIL,PASS,-16.052782,-20.317495,FAIL,Failed: all QUALITY=0,1.228993,4.472,NOT_AVAILABLE_IN_INPUT,This query does not include CMASK/effective-pixel fields. It does not claim that measurement-driven trends are excluded.,NOT_FORMAL_INDEPENDENT_CONTROL,2011-02-15T01:44:00Z,52.943,PASS,0,0,CATALOG_CLEAN_BUT_STRICT_DATA_GATE_FAIL,Failed: all QUALITY=0,NO
SHRGT45_严格阴性对照前推检索_20260807,NOAA11158_X2.2_20110215,377,11158,2011-02-12T20:59:26Z,2011.02.12_21:00:00_TAI,"[2011.02.12_18:00:00_TAI, 2011.02.12_21:00:00_TAI]",16,16,PASS,PASS,FAIL,PASS,-15.916132,-20.300261,FAIL,Failed: all QUALITY=0,1.356213,4.855,NOT_AVAILABLE_IN_INPUT,This query does not include CMASK/effective-pixel fields. It does not claim that measurement-driven trends are excluded.,NOT_FORMAL_INDEPENDENT_CONTROL,2011-02-15T01:44:00Z,52.743,PASS,0,0,CATALOG_CLEAN_BUT_STRICT_DATA_GATE_FAIL,Failed: all QUALITY=0,NO
SHRGT45_严格阴性对照前推检索_20260807,NOAA11158_X2.2_20110215,377,11158,2011-02-12T21:11:26Z,2011.02.12_21:12:00_TAI,"[2011.02.12_18:12:00_TAI, 2011.02.12_21:12:00_TAI]",16,16,PASS,PASS,FAIL,PASS,-15.793714,-20.292076,FAIL,Failed: all QUALITY=0,1.370456,3.147,NOT_AVAILABLE_IN_INPUT,This query does not include CMASK/effective-pixel fields. It does not claim that measurement-driven trends are excluded.,NOT_FORMAL_INDEPENDENT_CONTROL,2011-02-15T01:44:00Z,52.543,PASS,0,0,CATALOG_CLEAN_BUT_STRICT_DATA_GATE_FAIL,Failed: all QUALITY=0,NO
SHRGT45_严格阴性对照前推检索_20260807,NOAA11158_X2.2_20110215,377,11158,2011-02-12T21:23:26Z,2011.02.12_21:24:00_TAI,"[2011.02.12_18:24:00_TAI, 2011.02.12_21:24:00_TAI]",16,16,PASS,PASS,PASS,PASS,-15.663655,-20.290121,PASS,16/16 returned; all requested fields complete; HARP/NOAA mapping holds; all QUALITY=0; T0 is within the disk-position rule.,1.608088,5.306,NOT_AVAILABLE_IN_INPUT,This query does not include CMASK/effective-pixel fields. It does not claim that measurement-driven trends are excluded.,NOT_FORMAL_INDEPENDENT_CONTROL,2011-02-15T01:44:00Z,52.343,PASS,0,0,CATALOG_CLEAN_AND_STRICT_DATA_QUALIFIED_TIME_CANDIDATE,Passes the existing strict data baseline and the guarded catalog screen; remains a same-AR temporal candidate only.,NO
SHRGT45_严格阴性对照前推检索_20260807,NOAA11158_X2.2_20110215,377,11158,2011-02-12T21:35:26Z,2011.02.12_21:36:00_TAI,"[2011.02.12_18:36:00_TAI, 2011.02.12_21:36:00_TAI]",16,16,PASS,PASS,PASS,PASS,-15.543501,-20.281305,PASS,16/16 returned; all requested fields complete; HARP/NOAA mapping holds; all QUALITY=0; T0 is within the disk-position rule.,1.678132,5.093,NOT_AVAILABLE_IN_INPUT,This query does not include CMASK/effective-pixel fields. It does not claim that measurement-driven trends are excluded.,NOT_FORMAL_INDEPENDENT_CONTROL,2011-02-15T01:44:00Z,52.143,PASS,0,0,CATALOG_CLEAN_AND_STRICT_DATA_QUALIFIED_TIME_CANDIDATE,Passes the existing strict data baseline and the guarded catalog screen; remains a same-AR temporal candidate only.,NO
SHRGT45_严格阴性对照前推检索_20260807,NOAA11158_X2.2_20110215,377,11158,2011-02-12T21:47:26Z,2011.02.12_21:48:00_TAI,"[2011.02.12_18:48:00_TAI, 2011.02.12_21:48:00_TAI]",16,16,PASS,PASS,PASS,PASS,-15.428730,-20.274092,PASS,16/16 returned; all requested fields complete; HARP/NOAA mapping holds; all QUALITY=0; T0 is within the disk-position rule.,1.711882,4.083,NOT_AVAILABLE_IN_INPUT,This query does not include CMASK/effective-pixel fields. It does not claim that measurement-driven trends are excluded.,NOT_FORMAL_INDEPENDENT_CONTROL,2011-02-15T01:44:00Z,51.943,PASS,0,0,CATALOG_CLEAN_AND_STRICT_DATA_QUALIFIED_TIME_CANDIDATE,Passes the existing strict data baseline and the guarded catalog screen; remains a same-AR temporal candidate only.,NO
SHRGT45_严格阴性对照前推检索_20260807,NOAA11158_X2.2_20110215,377,11158,2011-02-12T21:59:26Z,2011.02.12_22:00:00_TAI,"[2011.02.12_19:00:00_TAI, 2011.02.12_22:00:00_TAI]",16,16,PASS,PASS,PASS,PASS,-15.314028,-20.273310,PASS,16/16 returned; all requested fields complete; HARP/NOAA mapping holds; all QUALITY=0; T0 is within the disk-position rule.,1.736985,2.960,NOT_AVAILABLE_IN_INPUT,This query does not include CMASK/effective-pixel fields. It does not claim that measurement-driven trends are excluded.,NOT_FORMAL_INDEPENDENT_CONTROL,2011-02-15T01:44:00Z,51.743,PASS,0,0,CATALOG_CLEAN_AND_STRICT_DATA_QUALIFIED_TIME_CANDIDATE,Passes the existing strict data baseline and the guarded catalog screen; remains a same-AR temporal candidate only.,NO
SHRGT45_严格阴性对照前推检索_20260807,NOAA11158_X2.2_20110215,377,11158,2011-02-12T22:11:26Z,2011.02.12_22:12:00_TAI,"[2011.02.12_19:12:00_TAI, 2011.02.12_22:12:00_TAI]",16,16,PASS,PASS,PASS,PASS,-15.192105,-20.267107,PASS,16/16 returned; all requested fields complete; HARP/NOAA mapping holds; all QUALITY=0; T0 is within the disk-position rule.,1.841096,3.322,NOT_AVAILABLE_IN_INPUT,This query does not include CMASK/effective-pixel fields. It does not claim that measurement-driven trends are excluded.,NOT_FORMAL_INDEPENDENT_CONTROL,2011-02-15T01:44:00Z,51.543,PASS,0,0,CATALOG_CLEAN_AND_STRICT_DATA_QUALIFIED_TIME_CANDIDATE,Passes the existing strict data baseline and the guarded catalog screen; remains a same-AR temporal candidate only.,NO
SHRGT45_严格阴性对照前推检索_20260807,NOAA11158_X2.2_20110215,377,11158,2011-02-12T22:23:26Z,2011.02.12_22:24:00_TAI,"[2011.02.12_19:24:00_TAI, 2011.02.12_22:24:00_TAI]",16,16,PASS,PASS,PASS,PASS,-15.057035,-20.255814,PASS,16/16 returned; all requested fields complete; HARP/NOAA mapping holds; all QUALITY=0; T0 is within the disk-position rule.,1.972125,5.323,NOT_AVAILABLE_IN_INPUT,This query does not include CMASK/effective-pixel fields. It does not claim that measurement-driven trends are excluded.,NOT_FORMAL_INDEPENDENT_CONTROL,2011-02-15T01:44:00Z,51.343,PASS,0,0,CATALOG_CLEAN_AND_STRICT_DATA_QUALIFIED_TIME_CANDIDATE,Passes the existing strict data baseline and the guarded catalog screen; remains a same-AR temporal candidate only.,NO
SHRGT45_严格阴性对照前推检索_20260807,NOAA11158_X2.2_20110215,377,11158,2011-02-12T22:35:26Z,2011.02.12_22:36:00_TAI,"[2011.02.12_19:36:00_TAI, 2011.02.12_22:36:00_TAI]",16,16,PASS,PASS,PASS,PASS,-14.925507,-20.237362,PASS,16/16 returned; all requested fields complete; HARP/NOAA mapping holds; all QUALITY=0; T0 is within the disk-position rule.,1.846860,6.142,NOT_AVAILABLE_IN_INPUT,This query does not include CMASK/effective-pixel fields. It does not claim that measurement-driven trends are excluded.,NOT_FORMAL_INDEPENDENT_CONTROL,2011-02-15T01:44:00Z,51.143,PASS,0,0,CATALOG_CLEAN_AND_STRICT_DATA_QUALIFIED_TIME_CANDIDATE,Passes the existing strict data baseline and the guarded catalog screen; remains a same-AR temporal candidate only.,NO
SHRGT45_严格阴性对照前推检索_20260807,NOAA11158_X2.2_20110215,377,11158,2011-02-12T22:47:26Z,2011.02.12_22:48:00_TAI,"[2011.02.12_19:48:00_TAI, 2011.02.12_22:48:00_TAI]",16,16,PASS,PASS,PASS,PASS,-14.812056,-20.226772,PASS,16/16 returned; all requested fields complete; HARP/NOAA mapping holds; all QUALITY=0; T0 is within the disk-position rule.,1.425243,4.353,NOT_AVAILABLE_IN_INPUT,This query does not include CMASK/effective-pixel fields. It does not claim that measurement-driven trends are excluded.,NOT_FORMAL_INDEPENDENT_CONTROL,2011-02-15T01:44:00Z,50.943,PASS,0,0,CATALOG_CLEAN_AND_STRICT_DATA_QUALIFIED_TIME_CANDIDATE,Passes the existing strict data baseline and the guarded catalog screen; remains a same-AR temporal candidate only.,NO
SHRGT45_严格阴性对照前推检索_20260807,NOAA11158_X2.2_20110215,377,11158,2011-02-12T22:59:26Z,2011.02.12_23:00:00_TAI,"[2011.02.12_20:00:00_TAI, 2011.02.12_23:00:00_TAI]",16,16,PASS,PASS,PASS,PASS,-14.684611,-20.215004,PASS,16/16 returned; all requested fields complete; HARP/NOAA mapping holds; all QUALITY=0; T0 is within the disk-position rule.,1.027735,3.465,NOT_AVAILABLE_IN_INPUT,This query does not include CMASK/effective-pixel fields. It does not claim that measurement-driven trends are excluded.,NOT_FORMAL_INDEPENDENT_CONTROL,2011-02-15T01:44:00Z,50.743,PASS,0,0,CATALOG_CLEAN_AND_STRICT_DATA_QUALIFIED_TIME_CANDIDATE,Passes the existing strict data baseline and the guarded catalog screen; remains a same-AR temporal candidate only.,NO
SHRGT45_严格阴性对照前推检索_20260807,NOAA11158_X2.2_20110215,377,11158,2011-02-12T23:11:26Z,2011.02.12_23:12:00_TAI,"[2011.02.12_20:12:00_TAI, 2011.02.12_23:12:00_TAI]",16,16,PASS,PASS,PASS,PASS,-14.551702,-20.198032,PASS,16/16 returned; all requested fields complete; HARP/NOAA mapping holds; all QUALITY=0; T0 is within the disk-position rule.,0.739088,2.321,NOT_AVAILABLE_IN_INPUT,This query does not include CMASK/effective-pixel fields. It does not claim that measurement-driven trends are excluded.,NOT_FORMAL_INDEPENDENT_CONTROL,2011-02-15T01:44:00Z,50.543,PASS,0,0,CATALOG_CLEAN_AND_STRICT_DATA_QUALIFIED_TIME_CANDIDATE,Passes the existing strict data baseline and the guarded catalog screen; remains a same-AR temporal candidate only.,NO
SHRGT45_严格阴性对照前推检索_20260807,NOAA11158_X2.2_20110215,377,11158,2011-02-12T23:23:26Z,2011.02.12_23:24:00_TAI,"[2011.02.12_20:24:00_TAI, 2011.02.12_23:24:00_TAI]",16,16,PASS,PASS,PASS,PASS,-14.430652,-20.187626,PASS,16/16 returned; all requested fields complete; HARP/NOAA mapping holds; all QUALITY=0; T0 is within the disk-position rule.,0.693919,3.306,NOT_AVAILABLE_IN_INPUT,This query does not include CMASK/effective-pixel fields. It does not claim that measurement-driven trends are excluded.,NOT_FORMAL_INDEPENDENT_CONTROL,2011-02-15T01:44:00Z,50.343,PASS,0,0,CATALOG_CLEAN_AND_STRICT_DATA_QUALIFIED_TIME_CANDIDATE,Passes the existing strict data baseline and the guarded catalog screen; remains a same-AR temporal candidate only.,NO
SHRGT45_严格阴性对照前推检索_20260807,NOAA11158_X2.2_20110215,377,11158,2011-02-12T23:35:26Z,2011.02.12_23:36:00_TAI,"[2011.02.12_20:36:00_TAI, 2011.02.12_23:36:00_TAI]",16,16,PASS,PASS,PASS,PASS,-14.297403,-20.173353,PASS,16/16 returned; all requested fields complete; HARP/NOAA mapping holds; all QUALITY=0; T0 is within the disk-position rule.,0.440757,0.989,NOT_AVAILABLE_IN_INPUT,This query does not include CMASK/effective-pixel fields. It does not claim that measurement-driven trends are excluded.,NOT_FORMAL_INDEPENDENT_CONTROL,2011-02-15T01:44:00Z,50.143,PASS,0,0,CATALOG_CLEAN_AND_STRICT_DATA_QUALIFIED_TIME_CANDIDATE,Passes the existing strict data baseline and the guarded catalog screen; remains a same-AR temporal candidate only.,NO
SHRGT45_严格阴性对照前推检索_20260807,NOAA11158_X2.2_20110215,377,11158,2011-02-12T23:47:26Z,2011.02.12_23:48:00_TAI,"[2011.02.12_20:48:00_TAI, 2011.02.12_23:48:00_TAI]",16,16,PASS,PASS,PASS,PASS,-14.183897,-20.163401,PASS,16/16 returned; all requested fields complete; HARP/NOAA mapping holds; all QUALITY=0; T0 is within the disk-position rule.,0.380404,1.703,NOT_AVAILABLE_IN_INPUT,This query does not include CMASK/effective-pixel fields. It does not claim that measurement-driven trends are excluded.,NOT_FORMAL_INDEPENDENT_CONTROL,2011-02-15T01:44:00Z,49.943,PASS,0,0,CATALOG_CLEAN_AND_STRICT_DATA_QUALIFIED_TIME_CANDIDATE,Passes the existing strict data baseline and the guarded catalog screen; remains a same-AR temporal candidate only.,NO
SHRGT45_严格阴性对照前推检索_20260807,NOAA11158_X2.2_20110215,377,11158,2011-02-12T23:59:26Z,2011.02.13_00:00:00_TAI,"[2011.02.12_21:00:00_TAI, 2011.02.13_00:00:00_TAI]",16,16,PASS,PASS,PASS,PASS,-14.073002,-20.157698,PASS,16/16 returned; all requested fields complete; HARP/NOAA mapping holds; all QUALITY=0; T0 is within the disk-position rule.,0.331735,1.449,NOT_AVAILABLE_IN_INPUT,This query does not include CMASK/effective-pixel fields. It does not claim that measurement-driven trends are excluded.,NOT_FORMAL_INDEPENDENT_CONTROL,2011-02-15T01:44:00Z,49.743,PASS,0,0,CATALOG_CLEAN_AND_STRICT_DATA_QUALIFIED_TIME_CANDIDATE,Passes the existing strict data baseline and the guarded catalog screen; remains a same-AR temporal candidate only.,NO
SHRGT45_严格阴性对照前推检索_20260807,NOAA11158_X2.2_20110215,377,11158,2011-02-13T00:11:26Z,2011.02.13_00:12:00_TAI,"[2011.02.12_21:12:00_TAI, 2011.02.13_00:12:00_TAI]",16,16,PASS,PASS,PASS,PASS,-13.943813,-20.148464,PASS,16/16 returned; all requested fields complete; HARP/NOAA mapping holds; all QUALITY=0; T0 is within the disk-position rule.,0.306206,1.846,NOT_AVAILABLE_IN_INPUT,This query does not include CMASK/effective-pixel fields. It does not claim that measurement-driven trends are excluded.,NOT_FORMAL_INDEPENDENT_CONTROL,2011-02-15T01:44:00Z,49.543,PASS,0,0,CATALOG_CLEAN_AND_STRICT_DATA_QUALIFIED_TIME_CANDIDATE,Passes the existing strict data baseline and the guarded catalog screen; remains a same-AR temporal candidate only.,NO
SHRGT45_严格阴性对照前推检索_20260807,NOAA11158_X2.2_20110215,377,11158,2011-02-13T00:23:26Z,2011.02.13_00:24:00_TAI,"[2011.02.12_21:24:00_TAI, 2011.02.13_00:24:00_TAI]",16,16,PASS,PASS,PASS,PASS,-13.845013,-20.145521,PASS,16/16 returned; all requested fields complete; HARP/NOAA mapping holds; all QUALITY=0; T0 is within the disk-position rule.,0.178199,0.426,NOT_AVAILABLE_IN_INPUT,This query does not include CMASK/effective-pixel fields. It does not claim that measurement-driven trends are excluded.,NOT_FORMAL_INDEPENDENT_CONTROL,2011-02-15T01:44:00Z,49.343,PASS,0,0,CATALOG_CLEAN_AND_STRICT_DATA_QUALIFIED_TIME_CANDIDATE,Passes the existing strict data baseline and the guarded catalog screen; remains a same-AR temporal candidate only.,NO
SHRGT45_严格阴性对照前推检索_20260807,NOAA11158_X2.2_20110215,377,11158,2011-02-13T00:35:26Z,2011.02.13_00:36:00_TAI,"[2011.02.12_21:36:00_TAI, 2011.02.13_00:36:00_TAI]",16,16,PASS,PASS,PASS,PASS,-13.733348,-20.138948,PASS,16/16 returned; all requested fields complete; HARP/NOAA mapping holds; all QUALITY=0; T0 is within the disk-position rule.,0.272346,1.150,NOT_AVAILABLE_IN_INPUT,This query does not include CMASK/effective-pixel fields. It does not claim that measurement-driven trends are excluded.,NOT_FORMAL_INDEPENDENT_CONTROL,2011-02-15T01:44:00Z,49.143,PASS,0,0,CATALOG_CLEAN_AND_STRICT_DATA_QUALIFIED_TIME_CANDIDATE,Passes the existing strict data baseline and the guarded catalog screen; remains a same-AR temporal candidate only.,NO
SHRGT45_严格阴性对照前推检索_20260807,NOAA11158_X2.2_20110215,377,11158,2011-02-13T00:47:26Z,2011.02.13_00:48:00_TAI,"[2011.02.12_21:48:00_TAI, 2011.02.13_00:48:00_TAI]",16,16,PASS,PASS,PASS,PASS,-13.627847,-20.134554,PASS,16/16 returned; all requested fields complete; HARP/NOAA mapping holds; all QUALITY=0; T0 is within the disk-position rule.,0.428993,1.733,NOT_AVAILABLE_IN_INPUT,This query does not include CMASK/effective-pixel fields. It does not claim that measurement-driven trends are excluded.,NOT_FORMAL_INDEPENDENT_CONTROL,2011-02-15T01:44:00Z,48.943,PASS,0,0,CATALOG_CLEAN_AND_STRICT_DATA_QUALIFIED_TIME_CANDIDATE,Passes the existing strict data baseline and the guarded catalog screen; remains a same-AR temporal candidate only.,NO
SHRGT45_严格阴性对照前推检索_20260807,NOAA11158_X2.2_20110215,377,11158,2011-02-13T00:59:26Z,2011.02.13_01:00:00_TAI,"[2011.02.12_22:00:00_TAI, 2011.02.13_01:00:00_TAI]",16,16,PASS,PASS,PASS,PASS,-13.512744,-20.132675,PASS,16/16 returned; all requested fields complete; HARP/NOAA mapping holds; all QUALITY=0; T0 is within the disk-position rule.,0.618500,2.806,NOT_AVAILABLE_IN_INPUT,This query does not include CMASK/effective-pixel fields. It does not claim that measurement-driven trends are excluded.,NOT_FORMAL_INDEPENDENT_CONTROL,2011-02-15T01:44:00Z,48.743,PASS,0,0,CATALOG_CLEAN_AND_STRICT_DATA_QUALIFIED_TIME_CANDIDATE,Passes the existing strict data baseline and the guarded catalog screen; remains a same-AR temporal candidate only.,NO
SHRGT45_严格阴性对照前推检索_20260807,NOAA11158_X2.2_20110215,377,11158,2011-02-13T01:11:26Z,2011.02.13_01:12:00_TAI,"[2011.02.12_22:12:00_TAI, 2011.02.13_01:12:00_TAI]",16,16,PASS,PASS,PASS,PASS,-13.407005,-20.132423,PASS,16/16 returned; all requested fields complete; HARP/NOAA mapping holds; all QUALITY=0; T0 is within the disk-position rule.,0.836449,3.450,NOT_AVAILABLE_IN_INPUT,This query does not include CMASK/effective-pixel fields. It does not claim that measurement-driven trends are excluded.,NOT_FORMAL_INDEPENDENT_CONTROL,2011-02-15T01:44:00Z,48.543,PASS,0,0,CATALOG_CLEAN_AND_STRICT_DATA_QUALIFIED_TIME_CANDIDATE,Passes the existing strict data baseline and the guarded catalog screen; remains a same-AR temporal candidate only.,NO
SHRGT45_严格阴性对照前推检索_20260807,NOAA11158_X2.2_20110215,377,11158,2011-02-13T01:23:26Z,2011.02.13_01:24:00_TAI,"[2011.02.12_22:24:00_TAI, 2011.02.13_01:24:00_TAI]",16,16,PASS,PASS,PASS,PASS,-13.296103,-20.130133,PASS,16/16 returned; all requested fields complete; HARP/NOAA mapping holds; all QUALITY=0; T0 is within the disk-position rule.,1.217412,4.339,NOT_AVAILABLE_IN_INPUT,This query does not include CMASK/effective-pixel fields. It does not claim that measurement-driven trends are excluded.,NOT_FORMAL_INDEPENDENT_CONTROL,2011-02-15T01:44:00Z,48.343,PASS,0,0,CATALOG_CLEAN_AND_STRICT_DATA_QUALIFIED_TIME_CANDIDATE,Passes the existing strict data baseline and the guarded catalog screen; remains a same-AR temporal candidate only.,NO
SHRGT45_严格阴性对照前推检索_20260807,NOAA11158_X2.2_20110215,377,11158,2011-02-13T01:35:26Z,2011.02.13_01:36:00_TAI,"[2011.02.12_22:36:00_TAI, 2011.02.13_01:36:00_TAI]",16,16,PASS,PASS,PASS,PASS,-13.193014,-20.128048,PASS,16/16 returned; all requested fields complete; HARP/NOAA mapping holds; all QUALITY=0; T0 is within the disk-position rule.,1.542397,4.023,NOT_AVAILABLE_IN_INPUT,This query does not include CMASK/effective-pixel fields. It does not claim that measurement-driven trends are excluded.,NOT_FORMAL_INDEPENDENT_CONTROL,2011-02-15T01:44:00Z,48.143,PASS,0,0,CATALOG_CLEAN_AND_STRICT_DATA_QUALIFIED_TIME_CANDIDATE,Passes the existing strict data baseline and the guarded catalog screen; remains a same-AR temporal candidate only.,NO
SHRGT45_严格阴性对照前推检索_20260807,NOAA11158_X2.2_20110215,377,11158,2011-02-13T01:47:26Z,2011.02.13_01:48:00_TAI,"[2011.02.12_22:48:00_TAI, 2011.02.13_01:48:00_TAI]",16,16,PASS,PASS,PASS,PASS,-13.083147,-20.124069,PASS,16/16 returned; all requested fields complete; HARP/NOAA mapping holds; all QUALITY=0; T0 is within the disk-position rule.,1.899765,5.902,NOT_AVAILABLE_IN_INPUT,This query does not include CMASK/effective-pixel fields. It does not claim that measurement-driven trends are excluded.,NOT_FORMAL_INDEPENDENT_CONTROL,2011-02-15T01:44:00Z,47.943,PASS,0,0,CATALOG_CLEAN_AND_STRICT_DATA_QUALIFIED_TIME_CANDIDATE,Passes the existing strict data baseline and the guarded catalog screen; remains a same-AR temporal candidate only.,NO
SHRGT45_严格阴性对照前推检索_20260807,NOAA11158_X2.2_20110215,377,11158,2011-02-13T01:59:26Z,2011.02.13_02:00:00_TAI,"[2011.02.12_23:00:00_TAI, 2011.02.13_02:00:00_TAI]",16,16,PASS,PASS,PASS,PASS,-12.978664,-20.124750,PASS,16/16 returned; all requested fields complete; HARP/NOAA mapping holds; all QUALITY=0; T0 is within the disk-position rule.,2.066000,5.946,NOT_AVAILABLE_IN_INPUT,This query does not include CMASK/effective-pixel fields. It does not claim that measurement-driven trends are excluded.,NOT_FORMAL_INDEPENDENT_CONTROL,2011-02-15T01:44:00Z,47.743,PASS,0,0,CATALOG_CLEAN_AND_STRICT_DATA_QUALIFIED_TIME_CANDIDATE,Passes the existing strict data baseline and the guarded catalog screen; remains a same-AR temporal candidate only.,NO
SHRGT45_严格阴性对照前推检索_20260807,NOAA11158_X2.2_20110215,377,11158,2011-02-13T02:11:26Z,2011.02.13_02:12:00_TAI,"[2011.02.12_23:12:00_TAI, 2011.02.13_02:12:00_TAI]",16,16,PASS,PASS,PASS,PASS,-12.876888,-20.131578,PASS,16/16 returned; all requested fields complete; HARP/NOAA mapping holds; all QUALITY=0; T0 is within the disk-position rule.,2.141706,5.357,NOT_AVAILABLE_IN_INPUT,This query does not include CMASK/effective-pixel fields. It does not claim that measurement-driven trends are excluded.,NOT_FORMAL_INDEPENDENT_CONTROL,2011-02-15T01:44:00Z,47.543,PASS,0,0,CATALOG_CLEAN_AND_STRICT_DATA_QUALIFIED_TIME_CANDIDATE,Passes the existing strict data baseline and the guarded catalog screen; remains a same-AR temporal candidate only.,NO
SHRGT45_严格阴性对照前推检索_20260807,NOAA11158_X2.2_20110215,377,11158,2011-02-13T02:23:26Z,2011.02.13_02:24:00_TAI,"[2011.02.12_23:24:00_TAI, 2011.02.13_02:24:00_TAI]",16,16,PASS,PASS,PASS,PASS,-12.758854,-20.125362,PASS,16/16 returned; all requested fields complete; HARP/NOAA mapping holds; all QUALITY=0; T0 is within the disk-position rule.,2.188265,4.434,NOT_AVAILABLE_IN_INPUT,This query does not include CMASK/effective-pixel fields. It does not claim that measurement-driven trends are excluded.,NOT_FORMAL_INDEPENDENT_CONTROL,2011-02-15T01:44:00Z,47.343,PASS,0,0,CATALOG_CLEAN_AND_STRICT_DATA_QUALIFIED_TIME_CANDIDATE,Passes the existing strict data baseline and the guarded catalog screen; remains a same-AR temporal candidate only.,NO
SHRGT45_严格阴性对照前推检索_20260807,NOAA11158_X2.2_20110215,377,11158,2011-02-13T02:35:26Z,2011.02.13_02:36:00_TAI,"[2011.02.12_23:36:00_TAI, 2011.02.13_02:36:00_TAI]",16,16,PASS,PASS,PASS,PASS,-12.645961,-20.122465,PASS,16/16 returned; all requested fields complete; HARP/NOAA mapping holds; all QUALITY=0; T0 is within the disk-position rule.,2.242522,5.555,NOT_AVAILABLE_IN_INPUT,This query does not include CMASK/effective-pixel fields. It does not claim that measurement-driven trends are excluded.,NOT_FORMAL_INDEPENDENT_CONTROL,2011-02-15T01:44:00Z,47.143,PASS,0,0,CATALOG_CLEAN_AND_STRICT_DATA_QUALIFIED_TIME_CANDIDATE,Passes the existing strict data baseline and the guarded catalog screen; remains a same-AR temporal candidate only.,NO
SHRGT45_严格阴性对照前推检索_20260807,NOAA11158_X2.2_20110215,377,11158,2011-02-13T02:47:26Z,2011.02.13_02:48:00_TAI,"[2011.02.12_23:48:00_TAI, 2011.02.13_02:48:00_TAI]",16,16,PASS,PASS,PASS,PASS,-12.535177,-20.124321,PASS,16/16 returned; all requested fields complete; HARP/NOAA mapping holds; all QUALITY=0; T0 is within the disk-position rule.,2.072368,4.698,NOT_AVAILABLE_IN_INPUT,This query does not include CMASK/effective-pixel fields. It does not claim that measurement-driven trends are excluded.,NOT_FORMAL_INDEPENDENT_CONTROL,2011-02-15T01:44:00Z,46.943,PASS,0,0,CATALOG_CLEAN_AND_STRICT_DATA_QUALIFIED_TIME_CANDIDATE,Passes the existing strict data baseline and the guarded catalog screen; remains a same-AR temporal candidate only.,NO
SHRGT45_严格阴性对照前推检索_20260807,NOAA11158_X2.2_20110215,377,11158,2011-02-13T02:59:26Z,2011.02.13_03:00:00_TAI,"[2011.02.13_00:00:00_TAI, 2011.02.13_03:00:00_TAI]",16,16,PASS,PASS,PASS,PASS,-12.420548,-20.121805,PASS,16/16 returned; all requested fields complete; HARP/NOAA mapping holds; all QUALITY=0; T0 is within the disk-position rule.,1.874044,4.022,NOT_AVAILABLE_IN_INPUT,This query does not include CMASK/effective-pixel fields. It does not claim that measurement-driven trends are excluded.,NOT_FORMAL_INDEPENDENT_CONTROL,2011-02-15T01:44:00Z,46.743,PASS,0,0,CATALOG_CLEAN_AND_STRICT_DATA_QUALIFIED_TIME_CANDIDATE,Passes the existing strict data baseline and the guarded catalog screen; remains a same-AR temporal candidate only.,NO
SHRGT45_严格阴性对照前推检索_20260807,NOAA11158_X2.2_20110215,377,11158,2011-02-13T03:11:26Z,2011.02.13_03:12:00_TAI,"[2011.02.13_00:12:00_TAI, 2011.02.13_03:12:00_TAI]",16,16,PASS,PASS,PASS,PASS,-12.296152,-20.122683,PASS,16/16 returned; all requested fields complete; HARP/NOAA mapping holds; all QUALITY=0; T0 is within the disk-position rule.,1.732603,4.925,NOT_AVAILABLE_IN_INPUT,This query does not include CMASK/effective-pixel fields. It does not claim that measurement-driven trends are excluded.,NOT_FORMAL_INDEPENDENT_CONTROL,2011-02-15T01:44:00Z,46.543,PASS,0,0,CATALOG_CLEAN_AND_STRICT_DATA_QUALIFIED_TIME_CANDIDATE,Passes the existing strict data baseline and the guarded catalog screen; remains a same-AR temporal candidate only.,NO
SHRGT45_严格阴性对照前推检索_20260807,NOAA11158_X2.2_20110215,377,11158,2011-02-13T03:23:26Z,2011.02.13_03:24:00_TAI,"[2011.02.13_00:24:00_TAI, 2011.02.13_03:24:00_TAI]",16,16,PASS,PASS,PASS,PASS,-12.183213,-20.120533,PASS,16/16 returned; all requested fields complete; HARP/NOAA mapping holds; all QUALITY=0; T0 is within the disk-position rule.,1.499985,5.041,NOT_AVAILABLE_IN_INPUT,This query does not include CMASK/effective-pixel fields. It does not claim that measurement-driven trends are excluded.,NOT_FORMAL_INDEPENDENT_CONTROL,2011-02-15T01:44:00Z,46.343,PASS,0,0,CATALOG_CLEAN_AND_STRICT_DATA_QUALIFIED_TIME_CANDIDATE,Passes the existing strict data baseline and the guarded catalog screen; remains a same-AR temporal candidate only.,NO
SHRGT45_严格阴性对照前推检索_20260807,NOAA11158_X2.2_20110215,377,11158,2011-02-13T03:35:26Z,2011.02.13_03:36:00_TAI,"[2011.02.13_00:36:00_TAI, 2011.02.13_03:36:00_TAI]",16,16,PASS,PASS,PASS,PASS,-12.065578,-20.117693,PASS,16/16 returned; all requested fields complete; HARP/NOAA mapping holds; all QUALITY=0; T0 is within the disk-position rule.,1.248382,4.890,NOT_AVAILABLE_IN_INPUT,This query does not include CMASK/effective-pixel fields. It does not claim that measurement-driven trends are excluded.,NOT_FORMAL_INDEPENDENT_CONTROL,2011-02-15T01:44:00Z,46.143,PASS,0,0,CATALOG_CLEAN_AND_STRICT_DATA_QUALIFIED_TIME_CANDIDATE,Passes the existing strict data baseline and the guarded catalog screen; remains a same-AR temporal candidate only.,NO
SHRGT45_严格阴性对照前推检索_20260807,NOAA11158_X2.2_20110215,377,11158,2011-02-13T03:47:26Z,2011.02.13_03:48:00_TAI,"[2011.02.13_00:48:00_TAI, 2011.02.13_03:48:00_TAI]",16,16,PASS,PASS,PASS,PASS,-11.958835,-20.119772,PASS,16/16 returned; all requested fields complete; HARP/NOAA mapping holds; all QUALITY=0; T0 is within the disk-position rule.,1.006154,4.183,NOT_AVAILABLE_IN_INPUT,This query does not include CMASK/effective-pixel fields. It does not claim that measurement-driven trends are excluded.,NOT_FORMAL_INDEPENDENT_CONTROL,2011-02-15T01:44:00Z,45.943,PASS,0,0,CATALOG_CLEAN_AND_STRICT_DATA_QUALIFIED_TIME_CANDIDATE,Passes the existing strict data baseline and the guarded catalog screen; remains a same-AR temporal candidate only.,NO
SHRGT45_严格阴性对照前推检索_20260807,NOAA11158_X2.2_20110215,377,11158,2011-02-13T03:59:26Z,2011.02.13_04:00:00_TAI,"[2011.02.13_01:00:00_TAI, 2011.02.13_04:00:00_TAI]",16,16,PASS,PASS,PASS,PASS,-11.849961,-20.119049,PASS,16/16 returned; all requested fields complete; HARP/NOAA mapping holds; all QUALITY=0; T0 is within the disk-position rule.,0.829581,4.224,NOT_AVAILABLE_IN_INPUT,This query does not include CMASK/effective-pixel fields. It does not claim that measurement-driven trends are excluded.,NOT_FORMAL_INDEPENDENT_CONTROL,2011-02-15T01:44:00Z,45.743,PASS,0,0,CATALOG_CLEAN_AND_STRICT_DATA_QUALIFIED_TIME_CANDIDATE,Passes the existing strict data baseline and the guarded catalog screen; remains a same-AR temporal candidate only.,NO
SHRGT45_严格阴性对照前推检索_20260807,NOAA11158_X2.2_20110215,377,11158,2011-02-13T04:11:26Z,2011.02.13_04:12:00_TAI,"[2011.02.13_01:12:00_TAI, 2011.02.13_04:12:00_TAI]",16,16,PASS,PASS,PASS,PASS,-11.747347,-20.122932,PASS,16/16 returned; all requested fields complete; HARP/NOAA mapping holds; all QUALITY=0; T0 is within the disk-position rule.,0.704162,3.546,NOT_AVAILABLE_IN_INPUT,This query does not include CMASK/effective-pixel fields. It does not claim that measurement-driven trends are excluded.,NOT_FORMAL_INDEPENDENT_CONTROL,2011-02-15T01:44:00Z,45.543,PASS,0,0,CATALOG_CLEAN_AND_STRICT_DATA_QUALIFIED_TIME_CANDIDATE,Passes the existing strict data baseline and the guarded catalog screen; remains a same-AR temporal candidate only.,NO
SHRGT45_严格阴性对照前推检索_20260807,NOAA11158_X2.2_20110215,377,11158,2011-02-13T04:23:26Z,2011.02.13_04:24:00_TAI,"[2011.02.13_01:24:00_TAI, 2011.02.13_04:24:00_TAI]",16,16,PASS,PASS,PASS,PASS,-11.662803,-20.133972,PASS,16/16 returned; all requested fields complete; HARP/NOAA mapping holds; all QUALITY=0; T0 is within the disk-position rule.,0.698875,2.526,NOT_AVAILABLE_IN_INPUT,This query does not include CMASK/effective-pixel fields. It does not claim that measurement-driven trends are excluded.,NOT_FORMAL_INDEPENDENT_CONTROL,2011-02-15T01:44:00Z,45.343,PASS,0,0,CATALOG_CLEAN_AND_STRICT_DATA_QUALIFIED_TIME_CANDIDATE,Passes the existing strict data baseline and the guarded catalog screen; remains a same-AR temporal candidate only.,NO
SHRGT45_严格阴性对照前推检索_20260807,NOAA11158_X2.2_20110215,377,11158,2011-02-13T04:35:26Z,2011.02.13_04:36:00_TAI,"[2011.02.13_01:36:00_TAI, 2011.02.13_04:36:00_TAI]",16,16,PASS,PASS,PASS,PASS,-11.574517,-20.140734,PASS,16/16 returned; all requested fields complete; HARP/NOAA mapping holds; all QUALITY=0; T0 is within the disk-position rule.,0.759676,2.502,NOT_AVAILABLE_IN_INPUT,This query does not include CMASK/effective-pixel fields. It does not claim that measurement-driven trends are excluded.,NOT_FORMAL_INDEPENDENT_CONTROL,2011-02-15T01:44:00Z,45.143,PASS,0,0,CATALOG_CLEAN_AND_STRICT_DATA_QUALIFIED_TIME_CANDIDATE,Passes the existing strict data baseline and the guarded catalog screen; remains a same-AR temporal candidate only.,NO
SHRGT45_严格阴性对照前推检索_20260807,NOAA11158_X2.2_20110215,377,11158,2011-02-13T04:47:26Z,2011.02.13_04:48:00_TAI,"[2011.02.13_01:48:00_TAI, 2011.02.13_04:48:00_TAI]",16,16,PASS,PASS,PASS,PASS,-11.477673,-20.149691,PASS,16/16 returned; all requested fields complete; HARP/NOAA mapping holds; all QUALITY=0; T0 is within the disk-position rule.,0.750044,1.683,NOT_AVAILABLE_IN_INPUT,This query does not include CMASK/effective-pixel fields. It does not claim that measurement-driven trends are excluded.,NOT_FORMAL_INDEPENDENT_CONTROL,2011-02-15T01:44:00Z,44.943,PASS,0,0,CATALOG_CLEAN_AND_STRICT_DATA_QUALIFIED_TIME_CANDIDATE,Passes the existing strict data baseline and the guarded catalog screen; remains a same-AR temporal candidate only.,NO
SHRGT45_严格阴性对照前推检索_20260807,NOAA11158_X2.2_20110215,377,11158,2011-02-13T04:59:26Z,2011.02.13_05:00:00_TAI,"[2011.02.13_02:00:00_TAI, 2011.02.13_05:00:00_TAI]",16,16,PASS,PASS,PASS,PASS,-11.377721,-20.151566,PASS,16/16 returned; all requested fields complete; HARP/NOAA mapping holds; all QUALITY=0; T0 is within the disk-position rule.,0.866875,2.121,NOT_AVAILABLE_IN_INPUT,This query does not include CMASK/effective-pixel fields. It does not claim that measurement-driven trends are excluded.,NOT_FORMAL_INDEPENDENT_CONTROL,2011-02-15T01:44:00Z,44.743,PASS,0,0,CATALOG_CLEAN_AND_STRICT_DATA_QUALIFIED_TIME_CANDIDATE,Passes the existing strict data baseline and the guarded catalog screen; remains a same-AR temporal candidate only.,NO
SHRGT45_严格阴性对照前推检索_20260807,NOAA11158_X2.2_20110215,377,11158,2011-02-13T05:11:26Z,2011.02.13_05:12:00_TAI,"[2011.02.13_02:12:00_TAI, 2011.02.13_05:12:00_TAI]",16,16,PASS,PASS,PASS,PASS,-11.281417,-20.159307,PASS,16/16 returned; all requested fields complete; HARP/NOAA mapping holds; all QUALITY=0; T0 is within the disk-position rule.,0.918434,1.796,NOT_AVAILABLE_IN_INPUT,This query does not include CMASK/effective-pixel fields. It does not claim that measurement-driven trends are excluded.,NOT_FORMAL_INDEPENDENT_CONTROL,2011-02-15T01:44:00Z,44.543,PASS,0,0,CATALOG_CLEAN_AND_STRICT_DATA_QUALIFIED_TIME_CANDIDATE,Passes the existing strict data baseline and the guarded catalog screen; remains a same-AR temporal candidate only.,NO
SHRGT45_严格阴性对照前推检索_20260807,NOAA11158_X2.2_20110215,377,11158,2011-02-13T05:23:26Z,2011.02.13_05:24:00_TAI,"[2011.02.13_02:24:00_TAI, 2011.02.13_05:24:00_TAI]",16,16,PASS,PASS,PASS,PASS,-11.183897,-20.161953,PASS,16/16 returned; all requested fields complete; HARP/NOAA mapping holds; all QUALITY=0; T0 is within the disk-position rule.,0.956706,2.054,NOT_AVAILABLE_IN_INPUT,This query does not include CMASK/effective-pixel fields. It does not claim that measurement-driven trends are excluded.,NOT_FORMAL_INDEPENDENT_CONTROL,2011-02-15T01:44:00Z,44.343,PASS,0,0,CATALOG_CLEAN_AND_STRICT_DATA_QUALIFIED_TIME_CANDIDATE,Passes the existing strict data baseline and the guarded catalog screen; remains a same-AR temporal candidate only.,NO
SHRGT45_严格阴性对照前推检索_20260807,NOAA11158_X2.2_20110215,377,11158,2011-02-13T05:35:26Z,2011.02.13_05:36:00_TAI,"[2011.02.13_02:36:00_TAI, 2011.02.13_05:36:00_TAI]",16,16,PASS,PASS,PASS,PASS,-11.090970,-20.168789,PASS,16/16 returned; all requested fields complete; HARP/NOAA mapping holds; all QUALITY=0; T0 is within the disk-position rule.,0.981757,2.470,NOT_AVAILABLE_IN_INPUT,This query does not include CMASK/effective-pixel fields. It does not claim that measurement-driven trends are excluded.,NOT_FORMAL_INDEPENDENT_CONTROL,2011-02-15T01:44:00Z,44.143,PASS,0,0,CATALOG_CLEAN_AND_STRICT_DATA_QUALIFIED_TIME_CANDIDATE,Passes the existing strict data baseline and the guarded catalog screen; remains a same-AR temporal candidate only.,NO
SHRGT45_严格阴性对照前推检索_20260807,NOAA11158_X2.2_20110215,377,11158,2011-02-13T05:47:26Z,2011.02.13_05:48:00_TAI,"[2011.02.13_02:48:00_TAI, 2011.02.13_05:48:00_TAI]",16,16,PASS,PASS,PASS,PASS,-10.996533,-20.171768,PASS,16/16 returned; all requested fields complete; HARP/NOAA mapping holds; all QUALITY=0; T0 is within the disk-position rule.,0.949199,2.450,NOT_AVAILABLE_IN_INPUT,This query does not include CMASK/effective-pixel fields. It does not claim that measurement-driven trends are excluded.,NOT_FORMAL_INDEPENDENT_CONTROL,2011-02-15T01:44:00Z,43.943,PASS,0,0,CATALOG_CLEAN_AND_STRICT_DATA_QUALIFIED_TIME_CANDIDATE,Passes the existing strict data baseline and the guarded catalog screen; remains a same-AR temporal candidate only.,NO
SHRGT45_严格阴性对照前推检索_20260807,NOAA11158_X2.2_20110215,377,11158,2011-02-13T05:59:26Z,2011.02.13_06:00:00_TAI,"[2011.02.13_03:00:00_TAI, 2011.02.13_06:00:00_TAI]",16,16,PASS,PASS,FAIL,PASS,-10.892194,-20.172333,FAIL,Failed: all QUALITY=0,0.838699,2.556,NOT_AVAILABLE_IN_INPUT,This query does not include CMASK/effective-pixel fields. It does not claim that measurement-driven trends are excluded.,NOT_FORMAL_INDEPENDENT_CONTROL,2011-02-15T01:44:00Z,43.743,PASS,0,0,CATALOG_CLEAN_BUT_STRICT_DATA_GATE_FAIL,Failed: all QUALITY=0,NO
SHRGT45_严格阴性对照前推检索_20260807,NOAA11158_X2.2_20110215,377,11158,2011-02-13T06:11:26Z,2011.02.13_06:12:00_TAI,"[2011.02.13_03:12:00_TAI, 2011.02.13_06:12:00_TAI]",16,16,PASS,PASS,FAIL,PASS,-10.795753,-20.174160,FAIL,Failed: all QUALITY=0,0.630610,1.636,NOT_AVAILABLE_IN_INPUT,This query does not include CMASK/effective-pixel fields. It does not claim that measurement-driven trends are excluded.,NOT_FORMAL_INDEPENDENT_CONTROL,2011-02-15T01:44:00Z,43.543,PASS,0,0,CATALOG_CLEAN_BUT_STRICT_DATA_GATE_FAIL,Failed: all QUALITY=0,NO
SHRGT45_严格阴性对照前推检索_20260807,NOAA11158_X2.2_20110215,377,11158,2011-02-13T06:23:26Z,2011.02.13_06:24:00_TAI,"[2011.02.13_03:24:00_TAI, 2011.02.13_06:24:00_TAI]",16,16,PASS,PASS,FAIL,PASS,-10.694557,-20.179800,FAIL,Failed: all QUALITY=0,0.484934,1.687,NOT_AVAILABLE_IN_INPUT,This query does not include CMASK/effective-pixel fields. It does not claim that measurement-driven trends are excluded.,NOT_FORMAL_INDEPENDENT_CONTROL,2011-02-15T01:44:00Z,43.343,PASS,0,0,CATALOG_CLEAN_BUT_STRICT_DATA_GATE_FAIL,Failed: all QUALITY=0,NO
SHRGT45_严格阴性对照前推检索_20260807,NOAA11158_X2.2_20110215,377,11158,2011-02-13T06:35:26Z,2011.02.13_06:36:00_TAI,"[2011.02.13_03:36:00_TAI, 2011.02.13_06:36:00_TAI]",16,16,PASS,PASS,FAIL,PASS,-10.588717,-20.176943,FAIL,Failed: all QUALITY=0,0.396728,1.817,NOT_AVAILABLE_IN_INPUT,This query does not include CMASK/effective-pixel fields. It does not claim that measurement-driven trends are excluded.,NOT_FORMAL_INDEPENDENT_CONTROL,2011-02-15T01:44:00Z,43.143,PASS,0,0,CATALOG_CLEAN_BUT_STRICT_DATA_GATE_FAIL,Failed: all QUALITY=0,NO
SHRGT45_严格阴性对照前推检索_20260807,NOAA11158_X2.2_20110215,377,11158,2011-02-13T06:47:26Z,2011.02.13_06:48:00_TAI,"[2011.02.13_03:48:00_TAI, 2011.02.13_06:48:00_TAI]",16,16,PASS,PASS,FAIL,PASS,-10.466990,-20.172331,FAIL,Failed: all QUALITY=0,0.375000,2.076,NOT_AVAILABLE_IN_INPUT,This query does not include CMASK/effective-pixel fields. It does not claim that measurement-driven trends are excluded.,NOT_FORMAL_INDEPENDENT_CONTROL,2011-02-15T01:44:00Z,42.943,PASS,0,0,CATALOG_CLEAN_BUT_STRICT_DATA_GATE_FAIL,Failed: all QUALITY=0,NO
SHRGT45_严格阴性对照前推检索_20260807,NOAA11158_X2.2_20110215,377,11158,2011-02-13T06:59:26Z,2011.02.13_07:00:00_TAI,"[2011.02.13_04:00:00_TAI, 2011.02.13_07:00:00_TAI]",16,16,PASS,PASS,FAIL,PASS,-10.348666,-20.169258,FAIL,Failed: all QUALITY=0,0.233294,0.819,NOT_AVAILABLE_IN_INPUT,This query does not include CMASK/effective-pixel fields. It does not claim that measurement-driven trends are excluded.,NOT_FORMAL_INDEPENDENT_CONTROL,2011-02-15T01:44:00Z,42.743,PASS,0,0,CATALOG_CLEAN_BUT_STRICT_DATA_GATE_FAIL,Failed: all QUALITY=0,NO
SHRGT45_严格阴性对照前推检索_20260807,NOAA11158_X2.2_20110215,377,11158,2011-02-13T07:11:26Z,2011.02.13_07:12:00_TAI,"[2011.02.13_04:12:00_TAI, 2011.02.13_07:12:00_TAI]",16,16,PASS,PASS,FAIL,PASS,-10.229270,-20.167948,FAIL,Failed: all QUALITY=0,0.146051,0.354,NOT_AVAILABLE_IN_INPUT,This query does not include CMASK/effective-pixel fields. It does not claim that measurement-driven trends are excluded.,NOT_FORMAL_INDEPENDENT_CONTROL,2011-02-15T01:44:00Z,42.543,PASS,0,0,CATALOG_CLEAN_BUT_STRICT_DATA_GATE_FAIL,Failed: all QUALITY=0,NO
SHRGT45_严格阴性对照前推检索_20260807,NOAA11158_X2.2_20110215,377,11158,2011-02-13T07:23:26Z,2011.02.13_07:24:00_TAI,"[2011.02.13_04:24:00_TAI, 2011.02.13_07:24:00_TAI]",16,16,PASS,PASS,FAIL,PASS,-10.127628,-20.166853,FAIL,Failed: all QUALITY=0,0.194779,0.750,NOT_AVAILABLE_IN_INPUT,This query does not include CMASK/effective-pixel fields. It does not claim that measurement-driven trends are excluded.,NOT_FORMAL_INDEPENDENT_CONTROL,2011-02-15T01:44:00Z,42.343,PASS,0,0,CATALOG_CLEAN_BUT_STRICT_DATA_GATE_FAIL,Failed: all QUALITY=0,NO
SHRGT45_严格阴性对照前推检索_20260807,NOAA11158_X2.2_20110215,377,11158,2011-02-13T07:35:26Z,2011.02.13_07:36:00_TAI,"[2011.02.13_04:36:00_TAI, 2011.02.13_07:36:00_TAI]",16,16,PASS,PASS,FAIL,PASS,-10.023798,-20.167936,FAIL,Failed: all QUALITY=0,0.252993,1.020,NOT_AVAILABLE_IN_INPUT,This query does not include CMASK/effective-pixel fields. It does not claim that measurement-driven trends are excluded.,NOT_FORMAL_INDEPENDENT_CONTROL,2011-02-15T01:44:00Z,42.143,PASS,0,0,CATALOG_CLEAN_BUT_STRICT_DATA_GATE_FAIL,Failed: all QUALITY=0,NO
SHRGT45_严格阴性对照前推检索_20260807,NOAA11158_X2.2_20110215,377,11158,2011-02-13T07:47:26Z,2011.02.13_07:48:00_TAI,"[2011.02.13_04:48:00_TAI, 2011.02.13_07:48:00_TAI]",16,16,PASS,PASS,FAIL,PASS,-9.904329,-20.161491,FAIL,Failed: all QUALITY=0,0.188007,0.368,NOT_AVAILABLE_IN_INPUT,This query does not include CMASK/effective-pixel fields. It does not claim that measurement-driven trends are excluded.,NOT_FORMAL_INDEPENDENT_CONTROL,2011-02-15T01:44:00Z,41.943,PASS,0,0,CATALOG_CLEAN_BUT_STRICT_DATA_GATE_FAIL,Failed: all QUALITY=0,NO
SHRGT45_严格阴性对照前推检索_20260807,NOAA11158_X2.2_20110215,377,11158,2011-02-13T07:59:26Z,2011.02.13_08:00:00_TAI,"[2011.02.13_05:00:00_TAI, 2011.02.13_08:00:00_TAI]",16,16,PASS,PASS,FAIL,PASS,-9.787906,-20.161249,FAIL,Failed: all QUALITY=0,0.049007,-0.806,NOT_AVAILABLE_IN_INPUT,This query does not include CMASK/effective-pixel fields. It does not claim that measurement-driven trends are excluded.,NOT_FORMAL_INDEPENDENT_CONTROL,2011-02-15T01:44:00Z,41.743,PASS,0,0,CATALOG_CLEAN_BUT_STRICT_DATA_GATE_FAIL,Failed: all QUALITY=0,NO
SHRGT45_严格阴性对照前推检索_20260807,NOAA11158_X2.2_20110215,377,11158,2011-02-13T08:11:26Z,2011.02.13_08:12:00_TAI,"[2011.02.13_05:12:00_TAI, 2011.02.13_08:12:00_TAI]",16,16,PASS,PASS,FAIL,PASS,-9.688782,-20.165972,FAIL,Failed: all QUALITY=0,-0.081338,-0.964,NOT_AVAILABLE_IN_INPUT,This query does not include CMASK/effective-pixel fields. It does not claim that measurement-driven trends are excluded.,NOT_FORMAL_INDEPENDENT_CONTROL,2011-02-15T01:44:00Z,41.543,PASS,0,0,CATALOG_CLEAN_BUT_STRICT_DATA_GATE_FAIL,Failed: all QUALITY=0,NO
SHRGT45_严格阴性对照前推检索_20260807,NOAA11158_X2.2_20110215,377,11158,2011-02-13T08:23:26Z,2011.02.13_08:24:00_TAI,"[2011.02.13_05:24:00_TAI, 2011.02.13_08:24:00_TAI]",16,16,PASS,PASS,FAIL,PASS,-9.590749,-20.170406,FAIL,Failed: all QUALITY=0,-0.202801,-0.806,NOT_AVAILABLE_IN_INPUT,This query does not include CMASK/effective-pixel fields. It does not claim that measurement-driven trends are excluded.,NOT_FORMAL_INDEPENDENT_CONTROL,2011-02-15T01:44:00Z,41.343,PASS,0,0,CATALOG_CLEAN_BUT_STRICT_DATA_GATE_FAIL,Failed: all QUALITY=0,NO
SHRGT45_严格阴性对照前推检索_20260807,NOAA11158_X2.2_20110215,377,11158,2011-02-13T08:35:26Z,2011.02.13_08:36:00_TAI,"[2011.02.13_05:36:00_TAI, 2011.02.13_08:36:00_TAI]",16,16,PASS,PASS,FAIL,PASS,-9.488212,-20.173138,FAIL,Failed: all QUALITY=0,-0.245574,-0.612,NOT_AVAILABLE_IN_INPUT,This query does not include CMASK/effective-pixel fields. It does not claim that measurement-driven trends are excluded.,NOT_FORMAL_INDEPENDENT_CONTROL,2011-02-15T01:44:00Z,41.143,PASS,0,0,CATALOG_CLEAN_BUT_STRICT_DATA_GATE_FAIL,Failed: all QUALITY=0,NO
SHRGT45_严格阴性对照前推检索_20260807,NOAA11158_X2.2_20110215,377,11158,2011-02-13T08:47:26Z,2011.02.13_08:48:00_TAI,"[2011.02.13_05:48:00_TAI, 2011.02.13_08:48:00_TAI]",16,16,PASS,PASS,FAIL,PASS,-9.386973,-20.174593,FAIL,Failed: all QUALITY=0,-0.201368,-0.128,NOT_AVAILABLE_IN_INPUT,This query does not include CMASK/effective-pixel fields. It does not claim that measurement-driven trends are excluded.,NOT_FORMAL_INDEPENDENT_CONTROL,2011-02-15T01:44:00Z,40.943,PASS,0,0,CATALOG_CLEAN_BUT_STRICT_DATA_GATE_FAIL,Failed: all QUALITY=0,NO
SHRGT45_严格阴性对照前推检索_20260807,NOAA11158_X2.2_20110215,377,11158,2011-02-13T08:59:26Z,2011.02.13_09:00:00_TAI,"[2011.02.13_06:00:00_TAI, 2011.02.13_09:00:00_TAI]",16,16,PASS,PASS,FAIL,PASS,-9.291097,-20.179729,FAIL,Failed: all QUALITY=0,-0.192338,-0.064,NOT_AVAILABLE_IN_INPUT,This query does not include CMASK/effective-pixel fields. It does not claim that measurement-driven trends are excluded.,NOT_FORMAL_INDEPENDENT_CONTROL,2011-02-15T01:44:00Z,40.743,PASS,0,0,CATALOG_CLEAN_BUT_STRICT_DATA_GATE_FAIL,Failed: all QUALITY=0,NO
SHRGT45_严格阴性对照前推检索_20260807,NOAA11158_X2.2_20110215,377,11158,2011-02-13T09:11:26Z,2011.02.13_09:12:00_TAI,"[2011.02.13_06:12:00_TAI, 2011.02.13_09:12:00_TAI]",16,16,PASS,PASS,FAIL,PASS,-9.188883,-20.182423,FAIL,Failed: all QUALITY=0,-0.122919,0.913,NOT_AVAILABLE_IN_INPUT,This query does not include CMASK/effective-pixel fields. It does not claim that measurement-driven trends are excluded.,NOT_FORMAL_INDEPENDENT_CONTROL,2011-02-15T01:44:00Z,40.543,PASS,0,0,CATALOG_CLEAN_BUT_STRICT_DATA_GATE_FAIL,Failed: all QUALITY=0,NO
SHRGT45_严格阴性对照前推检索_20260807,NOAA11158_X2.2_20110215,377,11158,2011-02-13T09:23:26Z,2011.02.13_09:24:00_TAI,"[2011.02.13_06:24:00_TAI, 2011.02.13_09:24:00_TAI]",16,16,PASS,PASS,PASS,PASS,-9.087173,-20.181196,PASS,16/16 returned; all requested fields complete; HARP/NOAA mapping holds; all QUALITY=0; T0 is within the disk-position rule.,-0.008250,1.581,NOT_AVAILABLE_IN_INPUT,This query does not include CMASK/effective-pixel fields. It does not claim that measurement-driven trends are excluded.,NOT_FORMAL_INDEPENDENT_CONTROL,2011-02-15T01:44:00Z,40.343,PASS,0,0,CATALOG_CLEAN_AND_STRICT_DATA_QUALIFIED_TIME_CANDIDATE,Passes the existing strict data baseline and the guarded catalog screen; remains a same-AR temporal candidate only.,NO
SHRGT45_严格阴性对照前推检索_20260807,NOAA11158_X2.2_20110215,377,11158,2011-02-13T09:35:26Z,2011.02.13_09:36:00_TAI,"[2011.02.13_06:36:00_TAI, 2011.02.13_09:36:00_TAI]",16,16,PASS,PASS,PASS,PASS,-8.984186,-20.181400,PASS,16/16 returned; all requested fields complete; HARP/NOAA mapping holds; all QUALITY=0; T0 is within the disk-position rule.,0.120007,1.118,NOT_AVAILABLE_IN_INPUT,This query does not include CMASK/effective-pixel fields. It does not claim that measurement-driven trends are excluded.,NOT_FORMAL_INDEPENDENT_CONTROL,2011-02-15T01:44:00Z,40.143,PASS,0,0,CATALOG_CLEAN_AND_STRICT_DATA_QUALIFIED_TIME_CANDIDATE,Passes the existing strict data baseline and the guarded catalog screen; remains a same-AR temporal candidate only.,NO
SHRGT45_严格阴性对照前推检索_20260807,NOAA11158_X2.2_20110215,377,11158,2011-02-13T09:47:26Z,2011.02.13_09:48:00_TAI,"[2011.02.13_06:48:00_TAI, 2011.02.13_09:48:00_TAI]",16,16,PASS,PASS,PASS,PASS,-8.873416,-20.180237,PASS,16/16 returned; all requested fields complete; HARP/NOAA mapping holds; all QUALITY=0; T0 is within the disk-position rule.,0.319949,0.942,NOT_AVAILABLE_IN_INPUT,This query does not include CMASK/effective-pixel fields. It does not claim that measurement-driven trends are excluded.,NOT_FORMAL_INDEPENDENT_CONTROL,2011-02-15T01:44:00Z,39.943,PASS,0,0,CATALOG_CLEAN_AND_STRICT_DATA_QUALIFIED_TIME_CANDIDATE,Passes the existing strict data baseline and the guarded catalog screen; remains a same-AR temporal candidate only.,NO
SHRGT45_严格阴性对照前推检索_20260807,NOAA11158_X2.2_20110215,377,11158,2011-02-13T09:59:26Z,2011.02.13_10:00:00_TAI,"[2011.02.13_07:00:00_TAI, 2011.02.13_10:00:00_TAI]",16,16,PASS,PASS,PASS,PASS,-8.765493,-20.181299,PASS,16/16 returned; all requested fields complete; HARP/NOAA mapping holds; all QUALITY=0; T0 is within the disk-position rule.,0.560522,1.988,NOT_AVAILABLE_IN_INPUT,This query does not include CMASK/effective-pixel fields. It does not claim that measurement-driven trends are excluded.,NOT_FORMAL_INDEPENDENT_CONTROL,2011-02-15T01:44:00Z,39.743,PASS,0,0,CATALOG_CLEAN_AND_STRICT_DATA_QUALIFIED_TIME_CANDIDATE,Passes the existing strict data baseline and the guarded catalog screen; remains a same-AR temporal candidate only.,NO
SHRGT45_严格阴性对照前推检索_20260807,NOAA11158_X2.2_20110215,377,11158,2011-02-13T10:11:26Z,2011.02.13_10:12:00_TAI,"[2011.02.13_07:12:00_TAI, 2011.02.13_10:12:00_TAI]",16,16,PASS,PASS,PASS,PASS,-8.654225,-20.180147,PASS,16/16 returned; all requested fields complete; HARP/NOAA mapping holds; all QUALITY=0; T0 is within the disk-position rule.,0.725096,2.218,NOT_AVAILABLE_IN_INPUT,This query does not include CMASK/effective-pixel fields. It does not claim that measurement-driven trends are excluded.,NOT_FORMAL_INDEPENDENT_CONTROL,2011-02-15T01:44:00Z,39.543,PASS,0,0,CATALOG_CLEAN_AND_STRICT_DATA_QUALIFIED_TIME_CANDIDATE,Passes the existing strict data baseline and the guarded catalog screen; remains a same-AR temporal candidate only.,YES
SHRGT45_严格阴性对照前推检索_20260807,NOAA11429_X5.4_20120307,1449,11429,2012-03-04T00:11:26Z,2012.03.04_00:12:00_TAI,"[2012.03.03_21:12:00_TAI, 2012.03.04_00:12:00_TAI]",16,16,PASS,PASS,PASS,FAIL,-68.990791,17.341768,FAIL,Failed: T0 disk position,0.176904,0.089,NOT_AVAILABLE_IN_INPUT,This query does not include CMASK/effective-pixel fields. It does not claim that measurement-driven trends are excluded.,NOT_FORMAL_INDEPENDENT_CONTROL,2012-03-07T00:02:00Z,71.843,PASS,0,0,CATALOG_CLEAN_BUT_STRICT_DATA_GATE_FAIL,Failed: T0 disk position,NO
SHRGT45_严格阴性对照前推检索_20260807,NOAA11429_X5.4_20120307,1449,11429,2012-03-04T00:23:26Z,2012.03.04_00:24:00_TAI,"[2012.03.03_21:24:00_TAI, 2012.03.04_00:24:00_TAI]",16,16,PASS,PASS,PASS,FAIL,-68.873146,17.347984,FAIL,Failed: T0 disk position,0.105184,-0.150,NOT_AVAILABLE_IN_INPUT,This query does not include CMASK/effective-pixel fields. It does not claim that measurement-driven trends are excluded.,NOT_FORMAL_INDEPENDENT_CONTROL,2012-03-07T00:02:00Z,71.643,PASS,0,0,CATALOG_CLEAN_BUT_STRICT_DATA_GATE_FAIL,Failed: T0 disk position,NO
SHRGT45_严格阴性对照前推检索_20260807,NOAA11429_X5.4_20120307,1449,11429,2012-03-04T00:35:26Z,2012.03.04_00:36:00_TAI,"[2012.03.03_21:36:00_TAI, 2012.03.04_00:36:00_TAI]",16,16,PASS,PASS,PASS,FAIL,-68.754494,17.353456,FAIL,Failed: T0 disk position,0.122912,1.062,NOT_AVAILABLE_IN_INPUT,This query does not include CMASK/effective-pixel fields. It does not claim that measurement-driven trends are excluded.,NOT_FORMAL_INDEPENDENT_CONTROL,2012-03-07T00:02:00Z,71.443,PASS,0,0,CATALOG_CLEAN_BUT_STRICT_DATA_GATE_FAIL,Failed: T0 disk position,NO
SHRGT45_严格阴性对照前推检索_20260807,NOAA11429_X5.4_20120307,1449,11429,2012-03-04T00:47:26Z,2012.03.04_00:48:00_TAI,"[2012.03.03_21:48:00_TAI, 2012.03.04_00:48:00_TAI]",16,16,PASS,PASS,PASS,FAIL,-68.634048,17.350216,FAIL,Failed: T0 disk position,-0.019684,0.492,NOT_AVAILABLE_IN_INPUT,This query does not include CMASK/effective-pixel fields. It does not claim that measurement-driven trends are excluded.,NOT_FORMAL_INDEPENDENT_CONTROL,2012-03-07T00:02:00Z,71.243,PASS,0,0,CATALOG_CLEAN_BUT_STRICT_DATA_GATE_FAIL,Failed: T0 disk position,NO
SHRGT45_严格阴性对照前推检索_20260807,NOAA11429_X5.4_20120307,1449,11429,2012-03-04T00:59:26Z,2012.03.04_01:00:00_TAI,"[2012.03.03_22:00:00_TAI, 2012.03.04_01:00:00_TAI]",16,16,PASS,PASS,PASS,FAIL,-68.528725,17.342827,FAIL,Failed: T0 disk position,-0.127162,-0.521,NOT_AVAILABLE_IN_INPUT,This query does not include CMASK/effective-pixel fields. It does not claim that measurement-driven trends are excluded.,NOT_FORMAL_INDEPENDENT_CONTROL,2012-03-07T00:02:00Z,71.043,PASS,0,0,CATALOG_CLEAN_BUT_STRICT_DATA_GATE_FAIL,Failed: T0 disk position,NO
SHRGT45_严格阴性对照前推检索_20260807,NOAA11429_X5.4_20120307,1449,11429,2012-03-04T01:11:26Z,2012.03.04_01:12:00_TAI,"[2012.03.03_22:12:00_TAI, 2012.03.04_01:12:00_TAI]",16,16,PASS,PASS,PASS,FAIL,-68.417603,17.331175,FAIL,Failed: T0 disk position,-0.063963,-0.366,NOT_AVAILABLE_IN_INPUT,This query does not include CMASK/effective-pixel fields. It does not claim that measurement-driven trends are excluded.,NOT_FORMAL_INDEPENDENT_CONTROL,2012-03-07T00:02:00Z,70.843,PASS,0,0,CATALOG_CLEAN_BUT_STRICT_DATA_GATE_FAIL,Failed: T0 disk position,NO
SHRGT45_严格阴性对照前推检索_20260807,NOAA11429_X5.4_20120307,1449,11429,2012-03-04T01:23:26Z,2012.03.04_01:24:00_TAI,"[2012.03.03_22:24:00_TAI, 2012.03.04_01:24:00_TAI]",16,16,PASS,PASS,PASS,FAIL,-68.292809,17.333084,FAIL,Failed: T0 disk position,-0.031007,-0.216,NOT_AVAILABLE_IN_INPUT,This query does not include CMASK/effective-pixel fields. It does not claim that measurement-driven trends are excluded.,NOT_FORMAL_INDEPENDENT_CONTROL,2012-03-07T00:02:00Z,70.643,PASS,0,0,CATALOG_CLEAN_BUT_STRICT_DATA_GATE_FAIL,Failed: T0 disk position,NO
SHRGT45_严格阴性对照前推检索_20260807,NOAA11429_X5.4_20120307,1449,11429,2012-03-04T01:35:26Z,2012.03.04_01:36:00_TAI,"[2012.03.03_22:36:00_TAI, 2012.03.04_01:36:00_TAI]",16,16,PASS,PASS,PASS,FAIL,-68.184189,17.331825,FAIL,Failed: T0 disk position,-0.037559,0.075,NOT_AVAILABLE_IN_INPUT,This query does not include CMASK/effective-pixel fields. It does not claim that measurement-driven trends are excluded.,NOT_FORMAL_INDEPENDENT_CONTROL,2012-03-07T00:02:00Z,70.443,PASS,0,0,CATALOG_CLEAN_BUT_STRICT_DATA_GATE_FAIL,Failed: T0 disk position,NO
SHRGT45_严格阴性对照前推检索_20260807,NOAA11429_X5.4_20120307,1449,11429,2012-03-04T01:47:26Z,2012.03.04_01:48:00_TAI,"[2012.03.03_22:48:00_TAI, 2012.03.04_01:48:00_TAI]",16,16,PASS,PASS,PASS,FAIL,-68.059059,17.329018,FAIL,Failed: T0 disk position,-0.105103,-1.171,NOT_AVAILABLE_IN_INPUT,This query does not include CMASK/effective-pixel fields. It does not claim that measurement-driven trends are excluded.,NOT_FORMAL_INDEPENDENT_CONTROL,2012-03-07T00:02:00Z,70.243,PASS,0,0,CATALOG_CLEAN_BUT_STRICT_DATA_GATE_FAIL,Failed: T0 disk position,NO
SHRGT45_严格阴性对照前推检索_20260807,NOAA11429_X5.4_20120307,1449,11429,2012-03-04T01:59:26Z,2012.03.04_02:00:00_TAI,"[2012.03.03_23:00:00_TAI, 2012.03.04_02:00:00_TAI]",16,16,PASS,PASS,PASS,FAIL,-67.938560,17.340549,FAIL,Failed: T0 disk position,0.007588,0.758,NOT_AVAILABLE_IN_INPUT,This query does not include CMASK/effective-pixel fields. It does not claim that measurement-driven trends are excluded.,NOT_FORMAL_INDEPENDENT_CONTROL,2012-03-07T00:02:00Z,70.043,PASS,0,0,CATALOG_CLEAN_BUT_STRICT_DATA_GATE_FAIL,Failed: T0 disk position,NO
SHRGT45_严格阴性对照前推检索_20260807,NOAA11429_X5.4_20120307,1449,11429,2012-03-04T02:11:26Z,2012.03.04_02:12:00_TAI,"[2012.03.03_23:12:00_TAI, 2012.03.04_02:12:00_TAI]",16,16,PASS,PASS,PASS,FAIL,-67.831764,17.339628,FAIL,Failed: T0 disk position,-0.082779,0.220,NOT_AVAILABLE_IN_INPUT,This query does not include CMASK/effective-pixel fields. It does not claim that measurement-driven trends are excluded.,NOT_FORMAL_INDEPENDENT_CONTROL,2012-03-07T00:02:00Z,69.843,PASS,0,0,CATALOG_CLEAN_BUT_STRICT_DATA_GATE_FAIL,Failed: T0 disk position,NO
SHRGT45_严格阴性对照前推检索_20260807,NOAA11429_X5.4_20120307,1449,11429,2012-03-04T02:23:26Z,2012.03.04_02:24:00_TAI,"[2012.03.03_23:24:00_TAI, 2012.03.04_02:24:00_TAI]",16,16,PASS,PASS,PASS,FAIL,-67.733086,17.332827,FAIL,Failed: T0 disk position,-0.102485,0.320,NOT_AVAILABLE_IN_INPUT,This query does not include CMASK/effective-pixel fields. It does not claim that measurement-driven trends are excluded.,NOT_FORMAL_INDEPENDENT_CONTROL,2012-03-07T00:02:00Z,69.643,PASS,0,0,CATALOG_CLEAN_BUT_STRICT_DATA_GATE_FAIL,Failed: T0 disk position,NO
SHRGT45_严格阴性对照前推检索_20260807,NOAA11429_X5.4_20120307,1449,11429,2012-03-04T02:35:26Z,2012.03.04_02:36:00_TAI,"[2012.03.03_23:36:00_TAI, 2012.03.04_02:36:00_TAI]",16,16,PASS,PASS,PASS,FAIL,-67.629662,17.326429,FAIL,Failed: T0 disk position,-0.189765,-1.362,NOT_AVAILABLE_IN_INPUT,This query does not include CMASK/effective-pixel fields. It does not claim that measurement-driven trends are excluded.,NOT_FORMAL_INDEPENDENT_CONTROL,2012-03-07T00:02:00Z,69.443,PASS,0,0,CATALOG_CLEAN_BUT_STRICT_DATA_GATE_FAIL,Failed: T0 disk position,NO
SHRGT45_严格阴性对照前推检索_20260807,NOAA11429_X5.4_20120307,1449,11429,2012-03-04T02:47:26Z,2012.03.04_02:48:00_TAI,"[2012.03.03_23:48:00_TAI, 2012.03.04_02:48:00_TAI]",16,16,PASS,PASS,PASS,FAIL,-67.513672,17.322495,FAIL,Failed: T0 disk position,-0.144184,-0.703,NOT_AVAILABLE_IN_INPUT,This query does not include CMASK/effective-pixel fields. It does not claim that measurement-driven trends are excluded.,NOT_FORMAL_INDEPENDENT_CONTROL,2012-03-07T00:02:00Z,69.243,PASS,0,0,CATALOG_CLEAN_BUT_STRICT_DATA_GATE_FAIL,Failed: T0 disk position,NO
SHRGT45_严格阴性对照前推检索_20260807,NOAA11429_X5.4_20120307,1449,11429,2012-03-04T02:59:26Z,2012.03.04_03:00:00_TAI,"[2012.03.04_00:00:00_TAI, 2012.03.04_03:00:00_TAI]",16,16,PASS,PASS,PASS,FAIL,-67.408875,17.320829,FAIL,Failed: T0 disk position,-0.050985,-0.189,NOT_AVAILABLE_IN_INPUT,This query does not include CMASK/effective-pixel fields. It does not claim that measurement-driven trends are excluded.,NOT_FORMAL_INDEPENDENT_CONTROL,2012-03-07T00:02:00Z,69.043,PASS,0,0,CATALOG_CLEAN_BUT_STRICT_DATA_GATE_FAIL,Failed: T0 disk position,NO
SHRGT45_严格阴性对照前推检索_20260807,NOAA11429_X5.4_20120307,1449,11429,2012-03-04T03:11:26Z,2012.03.04_03:12:00_TAI,"[2012.03.04_00:12:00_TAI, 2012.03.04_03:12:00_TAI]",16,16,PASS,PASS,PASS,FAIL,-67.281761,17.315243,FAIL,Failed: T0 disk position,-0.056478,-0.286,NOT_AVAILABLE_IN_INPUT,This query does not include CMASK/effective-pixel fields. It does not claim that measurement-driven trends are excluded.,NOT_FORMAL_INDEPENDENT_CONTROL,2012-03-07T00:02:00Z,68.843,PASS,0,0,CATALOG_CLEAN_BUT_STRICT_DATA_GATE_FAIL,Failed: T0 disk position,NO
SHRGT45_严格阴性对照前推检索_20260807,NOAA11429_X5.4_20120307,1449,11429,2012-03-04T03:23:26Z,2012.03.04_03:24:00_TAI,"[2012.03.04_00:24:00_TAI, 2012.03.04_03:24:00_TAI]",16,16,PASS,PASS,PASS,FAIL,-67.169937,17.315300,FAIL,Failed: T0 disk position,-0.139493,-0.463,NOT_AVAILABLE_IN_INPUT,This query does not include CMASK/effective-pixel fields. It does not claim that measurement-driven trends are excluded.,NOT_FORMAL_INDEPENDENT_CONTROL,2012-03-07T00:02:00Z,68.643,PASS,0,0,CATALOG_CLEAN_BUT_STRICT_DATA_GATE_FAIL,Failed: T0 disk position,NO
SHRGT45_严格阴性对照前推检索_20260807,NOAA11429_X5.4_20120307,1449,11429,2012-03-04T16:23:26Z,2012.03.04_16:24:00_TAI,"[2012.03.04_13:24:00_TAI, 2012.03.04_16:24:00_TAI]",16,16,PASS,PASS,PASS,FAIL,-58.243656,17.406460,FAIL,Failed: T0 disk position,-0.089074,-0.948,NOT_AVAILABLE_IN_INPUT,This query does not include CMASK/effective-pixel fields. It does not claim that measurement-driven trends are excluded.,NOT_FORMAL_INDEPENDENT_CONTROL,2012-03-07T00:02:00Z,55.643,PASS,0,0,CATALOG_CLEAN_BUT_STRICT_DATA_GATE_FAIL,Failed: T0 disk position,NO
SHRGT45_严格阴性对照前推检索_20260807,NOAA11429_X5.4_20120307,1449,11429,2012-03-04T16:35:26Z,2012.03.04_16:36:00_TAI,"[2012.03.04_13:36:00_TAI, 2012.03.04_16:36:00_TAI]",16,16,PASS,PASS,PASS,FAIL,-58.117336,17.407879,FAIL,Failed: T0 disk position,-0.079309,-0.751,NOT_AVAILABLE_IN_INPUT,This query does not include CMASK/effective-pixel fields. It does not claim that measurement-driven trends are excluded.,NOT_FORMAL_INDEPENDENT_CONTROL,2012-03-07T00:02:00Z,55.443,PASS,0,0,CATALOG_CLEAN_BUT_STRICT_DATA_GATE_FAIL,Failed: T0 disk position,NO
SHRGT45_严格阴性对照前推检索_20260807,NOAA11429_X5.4_20120307,1449,11429,2012-03-04T16:47:26Z,2012.03.04_16:48:00_TAI,"[2012.03.04_13:48:00_TAI, 2012.03.04_16:48:00_TAI]",16,16,PASS,PASS,PASS,FAIL,-58.015274,17.401218,FAIL,Failed: T0 disk position,-0.067324,-0.225,NOT_AVAILABLE_IN_INPUT,This query does not include CMASK/effective-pixel fields. It does not claim that measurement-driven trends are excluded.,NOT_FORMAL_INDEPENDENT_CONTROL,2012-03-07T00:02:00Z,55.243,PASS,0,0,CATALOG_CLEAN_BUT_STRICT_DATA_GATE_FAIL,Failed: T0 disk position,NO
SHRGT45_严格阴性对照前推检索_20260807,NOAA11429_X5.4_20120307,1449,11429,2012-03-04T16:59:26Z,2012.03.04_17:00:00_TAI,"[2012.03.04_14:00:00_TAI, 2012.03.04_17:00:00_TAI]",16,16,PASS,PASS,PASS,FAIL,-57.897224,17.394373,FAIL,Failed: T0 disk position,-0.195081,-0.669,NOT_AVAILABLE_IN_INPUT,This query does not include CMASK/effective-pixel fields. It does not claim that measurement-driven trends are excluded.,NOT_FORMAL_INDEPENDENT_CONTROL,2012-03-07T00:02:00Z,55.043,PASS,0,0,CATALOG_CLEAN_BUT_STRICT_DATA_GATE_FAIL,Failed: T0 disk position,NO
SHRGT45_严格阴性对照前推检索_20260807,NOAA11429_X5.4_20120307,1449,11429,2012-03-04T17:11:26Z,2012.03.04_17:12:00_TAI,"[2012.03.04_14:12:00_TAI, 2012.03.04_17:12:00_TAI]",16,16,PASS,PASS,PASS,FAIL,-57.773865,17.390575,FAIL,Failed: T0 disk position,-0.413257,-2.102,NOT_AVAILABLE_IN_INPUT,This query does not include CMASK/effective-pixel fields. It does not claim that measurement-driven trends are excluded.,NOT_FORMAL_INDEPENDENT_CONTROL,2012-03-07T00:02:00Z,54.843,PASS,0,0,CATALOG_CLEAN_BUT_STRICT_DATA_GATE_FAIL,Failed: T0 disk position,NO
SHRGT45_严格阴性对照前推检索_20260807,NOAA11429_X5.4_20120307,1449,11429,2012-03-04T17:23:26Z,2012.03.04_17:24:00_TAI,"[2012.03.04_14:24:00_TAI, 2012.03.04_17:24:00_TAI]",16,16,PASS,PASS,PASS,FAIL,-57.606369,17.397444,FAIL,Failed: T0 disk position,-0.447213,-1.552,NOT_AVAILABLE_IN_INPUT,This query does not include CMASK/effective-pixel fields. It does not claim that measurement-driven trends are excluded.,NOT_FORMAL_INDEPENDENT_CONTROL,2012-03-07T00:02:00Z,54.643,PASS,0,0,CATALOG_CLEAN_BUT_STRICT_DATA_GATE_FAIL,Failed: T0 disk position,NO
SHRGT45_严格阴性对照前推检索_20260807,NOAA11429_X5.4_20120307,1449,11429,2012-03-04T17:35:26Z,2012.03.04_17:36:00_TAI,"[2012.03.04_14:36:00_TAI, 2012.03.04_17:36:00_TAI]",16,16,PASS,PASS,PASS,FAIL,-57.458408,17.402002,FAIL,Failed: T0 disk position,-0.435956,-0.655,NOT_AVAILABLE_IN_INPUT,This query does not include CMASK/effective-pixel fields. It does not claim that measurement-driven trends are excluded.,NOT_FORMAL_INDEPENDENT_CONTROL,2012-03-07T00:02:00Z,54.443,PASS,0,0,CATALOG_CLEAN_BUT_STRICT_DATA_GATE_FAIL,Failed: T0 disk position,NO
SHRGT45_严格阴性对照前推检索_20260807,NOAA11429_X5.4_20120307,1449,11429,2012-03-04T17:47:26Z,2012.03.04_17:48:00_TAI,"[2012.03.04_14:48:00_TAI, 2012.03.04_17:48:00_TAI]",16,16,PASS,PASS,PASS,FAIL,-57.260590,17.413473,FAIL,Failed: T0 disk position,-0.566831,-1.247,NOT_AVAILABLE_IN_INPUT,This query does not include CMASK/effective-pixel fields. It does not claim that measurement-driven trends are excluded.,NOT_FORMAL_INDEPENDENT_CONTROL,2012-03-07T00:02:00Z,54.243,PASS,0,0,CATALOG_CLEAN_BUT_STRICT_DATA_GATE_FAIL,Failed: T0 disk position,NO
SHRGT45_严格阴性对照前推检索_20260807,NOAA11429_X5.4_20120307,1449,11429,2012-03-04T17:59:26Z,2012.03.04_18:00:00_TAI,"[2012.03.04_15:00:00_TAI, 2012.03.04_18:00:00_TAI]",16,16,PASS,PASS,FAIL,FAIL,-57.086433,17.421909,FAIL,Failed: all QUALITY=0; T0 disk position,-0.722713,-1.780,NOT_AVAILABLE_IN_INPUT,This query does not include CMASK/effective-pixel fields. It does not claim that measurement-driven trends are excluded.,NOT_FORMAL_INDEPENDENT_CONTROL,2012-03-07T00:02:00Z,54.043,PASS,0,0,CATALOG_CLEAN_BUT_STRICT_DATA_GATE_FAIL,Failed: all QUALITY=0; T0 disk position,NO
SHRGT45_严格阴性对照前推检索_20260807,NOAA11429_X5.4_20120307,1449,11429,2012-03-04T18:11:26Z,2012.03.04_18:12:00_TAI,"[2012.03.04_15:12:00_TAI, 2012.03.04_18:12:00_TAI]",16,16,PASS,PASS,FAIL,FAIL,-56.941784,17.420416,FAIL,Failed: all QUALITY=0; T0 disk position,-0.748412,-1.562,NOT_AVAILABLE_IN_INPUT,This query does not include CMASK/effective-pixel fields. It does not claim that measurement-driven trends are excluded.,NOT_FORMAL_INDEPENDENT_CONTROL,2012-03-07T00:02:00Z,53.843,PASS,0,0,CATALOG_CLEAN_BUT_STRICT_DATA_GATE_FAIL,Failed: all QUALITY=0; T0 disk position,NO
SHRGT45_严格阴性对照前推检索_20260807,NOAA11429_X5.4_20120307,1449,11429,2012-03-04T18:23:26Z,2012.03.04_18:24:00_TAI,"[2012.03.04_15:24:00_TAI, 2012.03.04_18:24:00_TAI]",16,16,PASS,PASS,FAIL,FAIL,-56.808517,17.429806,FAIL,Failed: all QUALITY=0; T0 disk position,-0.717941,-1.860,NOT_AVAILABLE_IN_INPUT,This query does not include CMASK/effective-pixel fields. It does not claim that measurement-driven trends are excluded.,NOT_FORMAL_INDEPENDENT_CONTROL,2012-03-07T00:02:00Z,53.643,PASS,0,0,CATALOG_CLEAN_BUT_STRICT_DATA_GATE_FAIL,Failed: all QUALITY=0; T0 disk position,NO
SHRGT45_严格阴性对照前推检索_20260807,NOAA11429_X5.4_20120307,1449,11429,2012-03-04T18:35:26Z,2012.03.04_18:36:00_TAI,"[2012.03.04_15:36:00_TAI, 2012.03.04_18:36:00_TAI]",16,16,PASS,PASS,FAIL,FAIL,-56.681114,17.425556,FAIL,Failed: all QUALITY=0; T0 disk position,-0.616110,-1.272,NOT_AVAILABLE_IN_INPUT,This query does not include CMASK/effective-pixel fields. It does not claim that measurement-driven trends are excluded.,NOT_FORMAL_INDEPENDENT_CONTROL,2012-03-07T00:02:00Z,53.443,PASS,0,0,CATALOG_CLEAN_BUT_STRICT_DATA_GATE_FAIL,Failed: all QUALITY=0; T0 disk position,NO
SHRGT45_严格阴性对照前推检索_20260807,NOAA11429_X5.4_20120307,1449,11429,2012-03-04T18:47:26Z,2012.03.04_18:48:00_TAI,"[2012.03.04_15:48:00_TAI, 2012.03.04_18:48:00_TAI]",16,16,PASS,PASS,FAIL,FAIL,-56.609676,17.414152,FAIL,Failed: all QUALITY=0; T0 disk position,-0.403368,-0.076,NOT_AVAILABLE_IN_INPUT,This query does not include CMASK/effective-pixel fields. It does not claim that measurement-driven trends are excluded.,NOT_FORMAL_INDEPENDENT_CONTROL,2012-03-07T00:02:00Z,53.243,PASS,0,0,CATALOG_CLEAN_BUT_STRICT_DATA_GATE_FAIL,Failed: all QUALITY=0; T0 disk position,NO
SHRGT45_严格阴性对照前推检索_20260807,NOAA11429_X5.4_20120307,1449,11429,2012-03-04T18:59:26Z,2012.03.04_19:00:00_TAI,"[2012.03.04_16:00:00_TAI, 2012.03.04_19:00:00_TAI]",16,16,PASS,PASS,FAIL,FAIL,-56.495995,17.409952,FAIL,Failed: all QUALITY=0; T0 disk position,-0.191493,0.169,NOT_AVAILABLE_IN_INPUT,This query does not include CMASK/effective-pixel fields. It does not claim that measurement-driven trends are excluded.,NOT_FORMAL_INDEPENDENT_CONTROL,2012-03-07T00:02:00Z,53.043,PASS,0,0,CATALOG_CLEAN_BUT_STRICT_DATA_GATE_FAIL,Failed: all QUALITY=0; T0 disk position,NO
SHRGT45_严格阴性对照前推检索_20260807,NOAA11429_X5.4_20120307,1449,11429,2012-03-04T19:11:26Z,2012.03.04_19:12:00_TAI,"[2012.03.04_16:12:00_TAI, 2012.03.04_19:12:00_TAI]",16,16,PASS,PASS,FAIL,FAIL,-56.359020,17.407795,FAIL,Failed: all QUALITY=0; T0 disk position,-0.117985,-1.137,NOT_AVAILABLE_IN_INPUT,This query does not include CMASK/effective-pixel fields. It does not claim that measurement-driven trends are excluded.,NOT_FORMAL_INDEPENDENT_CONTROL,2012-03-07T00:02:00Z,52.843,PASS,0,0,CATALOG_CLEAN_BUT_STRICT_DATA_GATE_FAIL,Failed: all QUALITY=0; T0 disk position,NO
SHRGT45_严格阴性对照前推检索_20260807,NOAA11520_X1.4_20120712,1834,11520,2012-07-09T15:47:25Z,2012.07.09_15:48:00_TAI,"[2012.07.09_12:48:00_TAI, 2012.07.09_15:48:00_TAI]",16,16,PASS,FAIL,PASS,PASS,-32.260914,-17.505701,FAIL,Failed: HARP/NOAA mapping,-0.025235,0.001,NOT_AVAILABLE_IN_INPUT,This query does not include CMASK/effective-pixel fields. It does not claim that measurement-driven trends are excluded.,NOT_FORMAL_INDEPENDENT_CONTROL,2012-07-12T15:37:00Z,71.826,PASS,0,0,CATALOG_CLEAN_BUT_STRICT_DATA_GATE_FAIL,Failed: HARP/NOAA mapping,NO
SHRGT45_严格阴性对照前推检索_20260807,NOAA11520_X1.4_20120712,1834,11520,2012-07-10T17:59:25Z,2012.07.10_18:00:00_TAI,"[2012.07.10_15:00:00_TAI, 2012.07.10_18:00:00_TAI]",16,0,FAIL,FAIL,FAIL,FAIL,,,FAIL,Failed: history records 0/16; field completeness; HARP/NOAA mapping; all QUALITY=0; T0 disk position,,,NOT_AVAILABLE_IN_INPUT,This query does not include CMASK/effective-pixel fields. It does not claim that measurement-driven trends are excluded.,NOT_FORMAL_INDEPENDENT_CONTROL,2012-07-12T15:37:00Z,45.626,PASS,0,0,CATALOG_CLEAN_BUT_STRICT_DATA_GATE_FAIL,Failed: history records 0/16; field completeness; HARP/NOAA mapping; all QUALITY=0; T0 disk position,NO
SHRGT45_严格阴性对照前推检索_20260807,NOAA11520_X1.4_20120712,1834,11520,2012-07-10T18:11:25Z,2012.07.10_18:12:00_TAI,"[2012.07.10_15:12:00_TAI, 2012.07.10_18:12:00_TAI]",16,0,FAIL,FAIL,FAIL,FAIL,,,FAIL,Failed: history records 0/16; field completeness; HARP/NOAA mapping; all QUALITY=0; T0 disk position,,,NOT_AVAILABLE_IN_INPUT,This query does not include CMASK/effective-pixel fields. It does not claim that measurement-driven trends are excluded.,NOT_FORMAL_INDEPENDENT_CONTROL,2012-07-12T15:37:00Z,45.426,PASS,0,0,CATALOG_CLEAN_BUT_STRICT_DATA_GATE_FAIL,Failed: history records 0/16; field completeness; HARP/NOAA mapping; all QUALITY=0; T0 disk position,NO
SHRGT45_严格阴性对照前推检索_20260807,NOAA11520_X1.4_20120712,1834,11520,2012-07-10T18:23:25Z,2012.07.10_18:24:00_TAI,"[2012.07.10_15:24:00_TAI, 2012.07.10_18:24:00_TAI]",16,0,FAIL,FAIL,FAIL,FAIL,,,FAIL,Failed: history records 0/16; field completeness; HARP/NOAA mapping; all QUALITY=0; T0 disk position,,,NOT_AVAILABLE_IN_INPUT,This query does not include CMASK/effective-pixel fields. It does not claim that measurement-driven trends are excluded.,NOT_FORMAL_INDEPENDENT_CONTROL,2012-07-12T15:37:00Z,45.226,PASS,0,0,CATALOG_CLEAN_BUT_STRICT_DATA_GATE_FAIL,Failed: history records 0/16; field completeness; HARP/NOAA mapping; all QUALITY=0; T0 disk position,NO
SHRGT45_严格阴性对照前推检索_20260807,NOAA11520_X1.4_20120712,1834,11520,2012-07-10T18:35:25Z,2012.07.10_18:36:00_TAI,"[2012.07.10_15:36:00_TAI, 2012.07.10_18:36:00_TAI]",16,0,FAIL,FAIL,FAIL,FAIL,,,FAIL,Failed: history records 0/16; field completeness; HARP/NOAA mapping; all QUALITY=0; T0 disk position,,,NOT_AVAILABLE_IN_INPUT,This query does not include CMASK/effective-pixel fields. It does not claim that measurement-driven trends are excluded.,NOT_FORMAL_INDEPENDENT_CONTROL,2012-07-12T15:37:00Z,45.026,PASS,0,0,CATALOG_CLEAN_BUT_STRICT_DATA_GATE_FAIL,Failed: history records 0/16; field completeness; HARP/NOAA mapping; all QUALITY=0; T0 disk position,NO
SHRGT45_严格阴性对照前推检索_20260807,NOAA11520_X1.4_20120712,1834,11520,2012-07-10T18:47:25Z,2012.07.10_18:48:00_TAI,"[2012.07.10_15:48:00_TAI, 2012.07.10_18:48:00_TAI]",16,0,FAIL,FAIL,FAIL,FAIL,,,FAIL,Failed: history records 0/16; field completeness; HARP/NOAA mapping; all QUALITY=0; T0 disk position,,,NOT_AVAILABLE_IN_INPUT,This query does not include CMASK/effective-pixel fields. It does not claim that measurement-driven trends are excluded.,NOT_FORMAL_INDEPENDENT_CONTROL,2012-07-12T15:37:00Z,44.826,PASS,0,0,CATALOG_CLEAN_BUT_STRICT_DATA_GATE_FAIL,Failed: history records 0/16; field completeness; HARP/NOAA mapping; all QUALITY=0; T0 disk position,NO
SHRGT45_严格阴性对照前推检索_20260807,NOAA11520_X1.4_20120712,1834,11520,2012-07-10T18:59:25Z,2012.07.10_19:00:00_TAI,"[2012.07.10_16:00:00_TAI, 2012.07.10_19:00:00_TAI]",16,0,FAIL,FAIL,FAIL,FAIL,,,FAIL,Failed: history records 0/16; field completeness; HARP/NOAA mapping; all QUALITY=0; T0 disk position,,,NOT_AVAILABLE_IN_INPUT,This query does not include CMASK/effective-pixel fields. It does not claim that measurement-driven trends are excluded.,NOT_FORMAL_INDEPENDENT_CONTROL,2012-07-12T15:37:00Z,44.626,PASS,0,0,CATALOG_CLEAN_BUT_STRICT_DATA_GATE_FAIL,Failed: history records 0/16; field completeness; HARP/NOAA mapping; all QUALITY=0; T0 disk position,NO
SHRGT45_严格阴性对照前推检索_20260807,NOAA11520_X1.4_20120712,1834,11520,2012-07-10T19:11:25Z,2012.07.10_19:12:00_TAI,"[2012.07.10_16:12:00_TAI, 2012.07.10_19:12:00_TAI]",16,0,FAIL,FAIL,FAIL,FAIL,,,FAIL,Failed: history records 0/16; field completeness; HARP/NOAA mapping; all QUALITY=0; T0 disk position,,,NOT_AVAILABLE_IN_INPUT,This query does not include CMASK/effective-pixel fields. It does not claim that measurement-driven trends are excluded.,NOT_FORMAL_INDEPENDENT_CONTROL,2012-07-12T15:37:00Z,44.426,PASS,0,0,CATALOG_CLEAN_BUT_STRICT_DATA_GATE_FAIL,Failed: history records 0/16; field completeness; HARP/NOAA mapping; all QUALITY=0; T0 disk position,NO
SHRGT45_严格阴性对照前推检索_20260807,NOAA11520_X1.4_20120712,1834,11520,2012-07-10T19:23:25Z,2012.07.10_19:24:00_TAI,"[2012.07.10_16:24:00_TAI, 2012.07.10_19:24:00_TAI]",16,0,FAIL,FAIL,FAIL,FAIL,,,FAIL,Failed: history records 0/16; field completeness; HARP/NOAA mapping; all QUALITY=0; T0 disk position,,,NOT_AVAILABLE_IN_INPUT,This query does not include CMASK/effective-pixel fields. It does not claim that measurement-driven trends are excluded.,NOT_FORMAL_INDEPENDENT_CONTROL,2012-07-12T15:37:00Z,44.226,PASS,0,0,CATALOG_CLEAN_BUT_STRICT_DATA_GATE_FAIL,Failed: history records 0/16; field completeness; HARP/NOAA mapping; all QUALITY=0; T0 disk position,NO
SHRGT45_严格阴性对照前推检索_20260807,NOAA11520_X1.4_20120712,1834,11520,2012-07-10T19:35:25Z,2012.07.10_19:36:00_TAI,"[2012.07.10_16:36:00_TAI, 2012.07.10_19:36:00_TAI]",16,1,FAIL,FAIL,FAIL,PASS,-17.212463,-17.561489,FAIL,Failed: history records 1/16; field completeness; HARP/NOAA mapping; all QUALITY=0,,,NOT_AVAILABLE_IN_INPUT,This query does not include CMASK/effective-pixel fields. It does not claim that measurement-driven trends are excluded.,NOT_FORMAL_INDEPENDENT_CONTROL,2012-07-12T15:37:00Z,44.026,PASS,0,0,CATALOG_CLEAN_BUT_STRICT_DATA_GATE_FAIL,Failed: history records 1/16; field completeness; HARP/NOAA mapping; all QUALITY=0,NO
SHRGT45_严格阴性对照前推检索_20260807,NOAA11520_X1.4_20120712,1834,11520,2012-07-10T19:47:25Z,2012.07.10_19:48:00_TAI,"[2012.07.10_16:48:00_TAI, 2012.07.10_19:48:00_TAI]",16,2,FAIL,FAIL,FAIL,PASS,-17.110481,-17.558506,FAIL,Failed: history records 2/16; field completeness; HARP/NOAA mapping; all QUALITY=0,,,NOT_AVAILABLE_IN_INPUT,This query does not include CMASK/effective-pixel fields. It does not claim that measurement-driven trends are excluded.,NOT_FORMAL_INDEPENDENT_CONTROL,2012-07-12T15:37:00Z,43.826,PASS,0,0,CATALOG_CLEAN_BUT_STRICT_DATA_GATE_FAIL,Failed: history records 2/16; field completeness; HARP/NOAA mapping; all QUALITY=0,NO
SHRGT45_严格阴性对照前推检索_20260807,NOAA11520_X1.4_20120712,1834,11520,2012-07-10T19:59:25Z,2012.07.10_20:00:00_TAI,"[2012.07.10_17:00:00_TAI, 2012.07.10_20:00:00_TAI]",16,3,FAIL,FAIL,FAIL,PASS,-17.007267,-17.560497,FAIL,Failed: history records 3/16; field completeness; HARP/NOAA mapping; all QUALITY=0,,,NOT_AVAILABLE_IN_INPUT,This query does not include CMASK/effective-pixel fields. It does not claim that measurement-driven trends are excluded.,NOT_FORMAL_INDEPENDENT_CONTROL,2012-07-12T15:37:00Z,43.626,PASS,0,0,CATALOG_CLEAN_BUT_STRICT_DATA_GATE_FAIL,Failed: history records 3/16; field completeness; HARP/NOAA mapping; all QUALITY=0,NO
SHRGT45_严格阴性对照前推检索_20260807,NOAA11520_X1.4_20120712,1834,11520,2012-07-10T20:11:25Z,2012.07.10_20:12:00_TAI,"[2012.07.10_17:12:00_TAI, 2012.07.10_20:12:00_TAI]",16,4,FAIL,FAIL,FAIL,PASS,-16.888002,-17.564753,FAIL,Failed: history records 4/16; field completeness; HARP/NOAA mapping; all QUALITY=0,,,NOT_AVAILABLE_IN_INPUT,This query does not include CMASK/effective-pixel fields. It does not claim that measurement-driven trends are excluded.,NOT_FORMAL_INDEPENDENT_CONTROL,2012-07-12T15:37:00Z,43.426,PASS,0,0,CATALOG_CLEAN_BUT_STRICT_DATA_GATE_FAIL,Failed: history records 4/16; field completeness; HARP/NOAA mapping; all QUALITY=0,NO
SHRGT45_严格阴性对照前推检索_20260807,NOAA11520_X1.4_20120712,1834,11520,2012-07-10T20:23:25Z,2012.07.10_20:24:00_TAI,"[2012.07.10_17:24:00_TAI, 2012.07.10_20:24:00_TAI]",16,5,FAIL,FAIL,FAIL,PASS,-16.785452,-17.554005,FAIL,Failed: history records 5/16; field completeness; HARP/NOAA mapping; all QUALITY=0,,,NOT_AVAILABLE_IN_INPUT,This query does not include CMASK/effective-pixel fields. It does not claim that measurement-driven trends are excluded.,NOT_FORMAL_INDEPENDENT_CONTROL,2012-07-12T15:37:00Z,43.226,PASS,0,0,CATALOG_CLEAN_BUT_STRICT_DATA_GATE_FAIL,Failed: history records 5/16; field completeness; HARP/NOAA mapping; all QUALITY=0,NO
SHRGT45_严格阴性对照前推检索_20260807,NOAA11520_X1.4_20120712,1834,11520,2012-07-10T20:35:25Z,2012.07.10_20:36:00_TAI,"[2012.07.10_17:36:00_TAI, 2012.07.10_20:36:00_TAI]",16,6,FAIL,FAIL,FAIL,PASS,-16.682400,-17.549574,FAIL,Failed: history records 6/16; field completeness; HARP/NOAA mapping; all QUALITY=0,,,NOT_AVAILABLE_IN_INPUT,This query does not include CMASK/effective-pixel fields. It does not claim that measurement-driven trends are excluded.,NOT_FORMAL_INDEPENDENT_CONTROL,2012-07-12T15:37:00Z,43.026,PASS,0,0,CATALOG_CLEAN_BUT_STRICT_DATA_GATE_FAIL,Failed: history records 6/16; field completeness; HARP/NOAA mapping; all QUALITY=0,NO
SHRGT45_严格阴性对照前推检索_20260807,NOAA11520_X1.4_20120712,1834,11520,2012-07-10T20:47:25Z,2012.07.10_20:48:00_TAI,"[2012.07.10_17:48:00_TAI, 2012.07.10_20:48:00_TAI]",16,7,FAIL,FAIL,FAIL,PASS,-16.586363,-17.547709,FAIL,Failed: history records 7/16; field completeness; HARP/NOAA mapping; all QUALITY=0,,,NOT_AVAILABLE_IN_INPUT,This query does not include CMASK/effective-pixel fields. It does not claim that measurement-driven trends are excluded.,NOT_FORMAL_INDEPENDENT_CONTROL,2012-07-12T15:37:00Z,42.826,PASS,0,0,CATALOG_CLEAN_BUT_STRICT_DATA_GATE_FAIL,Failed: history records 7/16; field completeness; HARP/NOAA mapping; all QUALITY=0,NO
SHRGT45_严格阴性对照前推检索_20260807,NOAA11520_X1.4_20120712,1834,11520,2012-07-10T20:59:25Z,2012.07.10_21:00:00_TAI,"[2012.07.10_18:00:00_TAI, 2012.07.10_21:00:00_TAI]",16,8,FAIL,FAIL,FAIL,PASS,-16.487532,-17.537653,FAIL,Failed: history records 8/16; field completeness; HARP/NOAA mapping; all QUALITY=0,,,NOT_AVAILABLE_IN_INPUT,This query does not include CMASK/effective-pixel fields. It does not claim that measurement-driven trends are excluded.,NOT_FORMAL_INDEPENDENT_CONTROL,2012-07-12T15:37:00Z,42.626,PASS,0,0,CATALOG_CLEAN_BUT_STRICT_DATA_GATE_FAIL,Failed: history records 8/16; field completeness; HARP/NOAA mapping; all QUALITY=0,NO
SHRGT45_严格阴性对照前推检索_20260807,NOAA11520_X1.4_20120712,1834,11520,2012-07-10T21:11:25Z,2012.07.10_21:12:00_TAI,"[2012.07.10_18:12:00_TAI, 2012.07.10_21:12:00_TAI]",16,9,FAIL,FAIL,FAIL,PASS,-16.372721,-17.538565,FAIL,Failed: history records 9/16; field completeness; HARP/NOAA mapping; all QUALITY=0,,,NOT_AVAILABLE_IN_INPUT,This query does not include CMASK/effective-pixel fields. It does not claim that measurement-driven trends are excluded.,NOT_FORMAL_INDEPENDENT_CONTROL,2012-07-12T15:37:00Z,42.426,PASS,0,0,CATALOG_CLEAN_BUT_STRICT_DATA_GATE_FAIL,Failed: history records 9/16; field completeness; HARP/NOAA mapping; all QUALITY=0,NO
SHRGT45_严格阴性对照前推检索_20260807,NOAA11520_X1.4_20120712,1834,11520,2012-07-10T21:23:25Z,2012.07.10_21:24:00_TAI,"[2012.07.10_18:24:00_TAI, 2012.07.10_21:24:00_TAI]",16,10,FAIL,FAIL,FAIL,PASS,-16.275648,-17.532829,FAIL,Failed: history records 10/16; field completeness; HARP/NOAA mapping; all QUALITY=0,,,NOT_AVAILABLE_IN_INPUT,This query does not include CMASK/effective-pixel fields. It does not claim that measurement-driven trends are excluded.,NOT_FORMAL_INDEPENDENT_CONTROL,2012-07-12T15:37:00Z,42.226,PASS,0,0,CATALOG_CLEAN_BUT_STRICT_DATA_GATE_FAIL,Failed: history records 10/16; field completeness; HARP/NOAA mapping; all QUALITY=0,NO
SHRGT45_严格阴性对照前推检索_20260807,NOAA11520_X1.4_20120712,1834,11520,2012-07-10T21:35:25Z,2012.07.10_21:36:00_TAI,"[2012.07.10_18:36:00_TAI, 2012.07.10_21:36:00_TAI]",16,11,FAIL,FAIL,FAIL,PASS,-16.185774,-17.531313,FAIL,Failed: history records 11/16; field completeness; HARP/NOAA mapping; all QUALITY=0,,,NOT_AVAILABLE_IN_INPUT,This query does not include CMASK/effective-pixel fields. It does not claim that measurement-driven trends are excluded.,NOT_FORMAL_INDEPENDENT_CONTROL,2012-07-12T15:37:00Z,42.026,PASS,0,0,CATALOG_CLEAN_BUT_STRICT_DATA_GATE_FAIL,Failed: history records 11/16; field completeness; HARP/NOAA mapping; all QUALITY=0,NO
SHRGT45_严格阴性对照前推检索_20260807,NOAA11520_X1.4_20120712,1834,11520,2012-07-10T21:47:25Z,2012.07.10_21:48:00_TAI,"[2012.07.10_18:48:00_TAI, 2012.07.10_21:48:00_TAI]",16,12,FAIL,FAIL,FAIL,PASS,-16.068888,-17.533617,FAIL,Failed: history records 12/16; field completeness; HARP/NOAA mapping; all QUALITY=0,,,NOT_AVAILABLE_IN_INPUT,This query does not include CMASK/effective-pixel fields. It does not claim that measurement-driven trends are excluded.,NOT_FORMAL_INDEPENDENT_CONTROL,2012-07-12T15:37:00Z,41.826,PASS,0,0,CATALOG_CLEAN_BUT_STRICT_DATA_GATE_FAIL,Failed: history records 12/16; field completeness; HARP/NOAA mapping; all QUALITY=0,NO
SHRGT45_严格阴性对照前推检索_20260807,NOAA11520_X1.4_20120712,1834,11520,2012-07-10T21:59:25Z,2012.07.10_22:00:00_TAI,"[2012.07.10_19:00:00_TAI, 2012.07.10_22:00:00_TAI]",16,13,FAIL,FAIL,FAIL,PASS,-15.989135,-17.530523,FAIL,Failed: history records 13/16; field completeness; HARP/NOAA mapping; all QUALITY=0,,,NOT_AVAILABLE_IN_INPUT,This query does not include CMASK/effective-pixel fields. It does not claim that measurement-driven trends are excluded.,NOT_FORMAL_INDEPENDENT_CONTROL,2012-07-12T15:37:00Z,41.626,PASS,0,0,CATALOG_CLEAN_BUT_STRICT_DATA_GATE_FAIL,Failed: history records 13/16; field completeness; HARP/NOAA mapping; all QUALITY=0,NO
SHRGT45_严格阴性对照前推检索_20260807,NOAA11520_X1.4_20120712,1834,11520,2012-07-10T22:11:25Z,2012.07.10_22:12:00_TAI,"[2012.07.10_19:12:00_TAI, 2012.07.10_22:12:00_TAI]",16,14,FAIL,FAIL,FAIL,PASS,-15.895289,-17.522017,FAIL,Failed: history records 14/16; field completeness; HARP/NOAA mapping; all QUALITY=0,,,NOT_AVAILABLE_IN_INPUT,This query does not include CMASK/effective-pixel fields. It does not claim that measurement-driven trends are excluded.,NOT_FORMAL_INDEPENDENT_CONTROL,2012-07-12T15:37:00Z,41.426,PASS,0,0,CATALOG_CLEAN_BUT_STRICT_DATA_GATE_FAIL,Failed: history records 14/16; field completeness; HARP/NOAA mapping; all QUALITY=0,NO
SHRGT45_严格阴性对照前推检索_20260807,NOAA11520_X1.4_20120712,1834,11520,2012-07-10T22:23:25Z,2012.07.10_22:24:00_TAI,"[2012.07.10_19:24:00_TAI, 2012.07.10_22:24:00_TAI]",16,15,FAIL,FAIL,FAIL,PASS,-15.811960,-17.513985,FAIL,Failed: history records 15/16; field completeness; HARP/NOAA mapping; all QUALITY=0,,,NOT_AVAILABLE_IN_INPUT,This query does not include CMASK/effective-pixel fields. It does not claim that measurement-driven trends are excluded.,NOT_FORMAL_INDEPENDENT_CONTROL,2012-07-12T15:37:00Z,41.226,PASS,0,0,CATALOG_CLEAN_BUT_STRICT_DATA_GATE_FAIL,Failed: history records 15/16; field completeness; HARP/NOAA mapping; all QUALITY=0,NO
SHRGT45_严格阴性对照前推检索_20260807,NOAA11520_X1.4_20120712,1834,11520,2012-07-10T22:35:25Z,2012.07.10_22:36:00_TAI,"[2012.07.10_19:36:00_TAI, 2012.07.10_22:36:00_TAI]",16,16,PASS,FAIL,FAIL,PASS,-15.704851,-17.512251,FAIL,Failed: HARP/NOAA mapping; all QUALITY=0,0.214853,0.003,NOT_AVAILABLE_IN_INPUT,This query does not include CMASK/effective-pixel fields. It does not claim that measurement-driven trends are excluded.,NOT_FORMAL_INDEPENDENT_CONTROL,2012-07-12T15:37:00Z,41.026,PASS,0,0,CATALOG_CLEAN_BUT_STRICT_DATA_GATE_FAIL,Failed: HARP/NOAA mapping; all QUALITY=0,NO
SHRGT45_严格阴性对照前推检索_20260807,NOAA11520_X1.4_20120712,1834,11520,2012-07-10T22:47:25Z,2012.07.10_22:48:00_TAI,"[2012.07.10_19:48:00_TAI, 2012.07.10_22:48:00_TAI]",16,16,PASS,FAIL,PASS,PASS,-15.605655,-17.518932,FAIL,Failed: HARP/NOAA mapping,0.369574,0.483,NOT_AVAILABLE_IN_INPUT,This query does not include CMASK/effective-pixel fields. It does not claim that measurement-driven trends are excluded.,NOT_FORMAL_INDEPENDENT_CONTROL,2012-07-12T15:37:00Z,40.826,PASS,0,0,CATALOG_CLEAN_BUT_STRICT_DATA_GATE_FAIL,Failed: HARP/NOAA mapping,NO
SHRGT45_严格阴性对照前推检索_20260807,NOAA11520_X1.4_20120712,1834,11520,2012-07-10T22:59:25Z,2012.07.10_23:00:00_TAI,"[2012.07.10_20:00:00_TAI, 2012.07.10_23:00:00_TAI]",16,16,PASS,FAIL,PASS,PASS,-15.496356,-17.509436,FAIL,Failed: HARP/NOAA mapping,0.463478,0.538,NOT_AVAILABLE_IN_INPUT,This query does not include CMASK/effective-pixel fields. It does not claim that measurement-driven trends are excluded.,NOT_FORMAL_INDEPENDENT_CONTROL,2012-07-12T15:37:00Z,40.626,PASS,0,0,CATALOG_CLEAN_BUT_STRICT_DATA_GATE_FAIL,Failed: HARP/NOAA mapping,NO
SHRGT45_严格阴性对照前推检索_20260807,NOAA11520_X1.4_20120712,1834,11520,2012-07-10T23:11:25Z,2012.07.10_23:12:00_TAI,"[2012.07.10_20:12:00_TAI, 2012.07.10_23:12:00_TAI]",16,16,PASS,FAIL,PASS,PASS,-15.396554,-17.498472,FAIL,Failed: HARP/NOAA mapping,0.551787,1.064,NOT_AVAILABLE_IN_INPUT,This query does not include CMASK/effective-pixel fields. It does not claim that measurement-driven trends are excluded.,NOT_FORMAL_INDEPENDENT_CONTROL,2012-07-12T15:37:00Z,40.426,PASS,0,0,CATALOG_CLEAN_BUT_STRICT_DATA_GATE_FAIL,Failed: HARP/NOAA mapping,NO
SHRGT45_严格阴性对照前推检索_20260807,NOAA11520_X1.4_20120712,1834,11520,2012-07-10T23:23:25Z,2012.07.10_23:24:00_TAI,"[2012.07.10_20:24:00_TAI, 2012.07.10_23:24:00_TAI]",16,16,PASS,FAIL,PASS,PASS,-15.298019,-17.494785,FAIL,Failed: HARP/NOAA mapping,0.580551,1.423,NOT_AVAILABLE_IN_INPUT,This query does not include CMASK/effective-pixel fields. It does not claim that measurement-driven trends are excluded.,NOT_FORMAL_INDEPENDENT_CONTROL,2012-07-12T15:37:00Z,40.226,PASS,0,0,CATALOG_CLEAN_BUT_STRICT_DATA_GATE_FAIL,Failed: HARP/NOAA mapping,NO
SHRGT45_严格阴性对照前推检索_20260807,NOAA11520_X1.4_20120712,1834,11520,2012-07-10T23:35:25Z,2012.07.10_23:36:00_TAI,"[2012.07.10_20:36:00_TAI, 2012.07.10_23:36:00_TAI]",16,16,PASS,FAIL,PASS,PASS,-15.199858,-17.491179,FAIL,Failed: HARP/NOAA mapping,0.569750,1.622,NOT_AVAILABLE_IN_INPUT,This query does not include CMASK/effective-pixel fields. It does not claim that measurement-driven trends are excluded.,NOT_FORMAL_INDEPENDENT_CONTROL,2012-07-12T15:37:00Z,40.026,PASS,0,0,CATALOG_CLEAN_BUT_STRICT_DATA_GATE_FAIL,Failed: HARP/NOAA mapping,NO
SHRGT45_严格阴性对照前推检索_20260807,NOAA11520_X1.4_20120712,1834,11520,2012-07-10T23:47:25Z,2012.07.10_23:48:00_TAI,"[2012.07.10_20:48:00_TAI, 2012.07.10_23:48:00_TAI]",16,16,PASS,FAIL,PASS,PASS,-15.107306,-17.488091,FAIL,Failed: HARP/NOAA mapping,0.529250,1.640,NOT_AVAILABLE_IN_INPUT,This query does not include CMASK/effective-pixel fields. It does not claim that measurement-driven trends are excluded.,NOT_FORMAL_INDEPENDENT_CONTROL,2012-07-12T15:37:00Z,39.826,PASS,0,0,CATALOG_CLEAN_BUT_STRICT_DATA_GATE_FAIL,Failed: HARP/NOAA mapping,NO
SHRGT45_严格阴性对照前推检索_20260807,NOAA11520_X1.4_20120712,1834,11520,2012-07-10T23:59:25Z,2012.07.11_00:00:00_TAI,"[2012.07.10_21:00:00_TAI, 2012.07.11_00:00:00_TAI]",16,16,PASS,FAIL,PASS,PASS,-15.013443,-17.477438,FAIL,Failed: HARP/NOAA mapping,0.467169,1.464,NOT_AVAILABLE_IN_INPUT,This query does not include CMASK/effective-pixel fields. It does not claim that measurement-driven trends are excluded.,NOT_FORMAL_INDEPENDENT_CONTROL,2012-07-12T15:37:00Z,39.626,PASS,0,0,CATALOG_CLEAN_BUT_STRICT_DATA_GATE_FAIL,Failed: HARP/NOAA mapping,NO
SHRGT45_严格阴性对照前推检索_20260807,NOAA11520_X1.4_20120712,1834,11520,2012-07-11T00:11:25Z,2012.07.11_00:12:00_TAI,"[2012.07.10_21:12:00_TAI, 2012.07.11_00:12:00_TAI]",16,16,PASS,FAIL,PASS,PASS,-14.904778,-17.480974,FAIL,Failed: HARP/NOAA mapping,0.414882,1.323,NOT_AVAILABLE_IN_INPUT,This query does not include CMASK/effective-pixel fields. It does not claim that measurement-driven trends are excluded.,NOT_FORMAL_INDEPENDENT_CONTROL,2012-07-12T15:37:00Z,39.426,PASS,0,0,CATALOG_CLEAN_BUT_STRICT_DATA_GATE_FAIL,Failed: HARP/NOAA mapping,NO
SHRGT45_严格阴性对照前推检索_20260807,NOAA11520_X1.4_20120712,1834,11520,2012-07-11T00:23:25Z,2012.07.11_00:24:00_TAI,"[2012.07.10_21:24:00_TAI, 2012.07.11_00:24:00_TAI]",16,16,PASS,FAIL,PASS,PASS,-14.815193,-17.466869,FAIL,Failed: HARP/NOAA mapping,0.365529,1.349,NOT_AVAILABLE_IN_INPUT,This query does not include CMASK/effective-pixel fields. It does not claim that measurement-driven trends are excluded.,NOT_FORMAL_INDEPENDENT_CONTROL,2012-07-12T15:37:00Z,39.226,PASS,0,0,CATALOG_CLEAN_BUT_STRICT_DATA_GATE_FAIL,Failed: HARP/NOAA mapping,NO
SHRGT45_严格阴性对照前推检索_20260807,NOAA11520_X1.4_20120712,1834,11520,2012-07-11T00:35:25Z,2012.07.11_00:36:00_TAI,"[2012.07.10_21:36:00_TAI, 2012.07.11_00:36:00_TAI]",16,16,PASS,FAIL,PASS,PASS,-14.723609,-17.456070,FAIL,Failed: HARP/NOAA mapping,0.290934,0.987,NOT_AVAILABLE_IN_INPUT,This query does not include CMASK/effective-pixel fields. It does not claim that measurement-driven trends are excluded.,NOT_FORMAL_INDEPENDENT_CONTROL,2012-07-12T15:37:00Z,39.026,PASS,0,0,CATALOG_CLEAN_BUT_STRICT_DATA_GATE_FAIL,Failed: HARP/NOAA mapping,NO
SHRGT45_严格阴性对照前推检索_20260807,NOAA11520_X1.4_20120712,1834,11520,2012-07-11T00:47:25Z,2012.07.11_00:48:00_TAI,"[2012.07.10_21:48:00_TAI, 2012.07.11_00:48:00_TAI]",16,16,PASS,FAIL,PASS,PASS,-14.620782,-17.461281,FAIL,Failed: HARP/NOAA mapping,0.256860,1.078,NOT_AVAILABLE_IN_INPUT,This query does not include CMASK/effective-pixel fields. It does not claim that measurement-driven trends are excluded.,NOT_FORMAL_INDEPENDENT_CONTROL,2012-07-12T15:37:00Z,38.826,PASS,0,0,CATALOG_CLEAN_BUT_STRICT_DATA_GATE_FAIL,Failed: HARP/NOAA mapping,NO
SHRGT45_严格阴性对照前推检索_20260807,NOAA11520_X1.4_20120712,1834,11520,2012-07-11T00:59:25Z,2012.07.11_01:00:00_TAI,"[2012.07.10_22:00:00_TAI, 2012.07.11_01:00:00_TAI]",16,16,PASS,FAIL,PASS,PASS,-14.506317,-17.459877,FAIL,Failed: HARP/NOAA mapping,0.214654,0.593,NOT_AVAILABLE_IN_INPUT,This query does not include CMASK/effective-pixel fields. It does not claim that measurement-driven trends are excluded.,NOT_FORMAL_INDEPENDENT_CONTROL,2012-07-12T15:37:00Z,38.626,PASS,0,0,CATALOG_CLEAN_BUT_STRICT_DATA_GATE_FAIL,Failed: HARP/NOAA mapping,NO
SHRGT45_严格阴性对照前推检索_20260807,NOAA11520_X1.4_20120712,1834,11520,2012-07-11T01:11:25Z,2012.07.11_01:12:00_TAI,"[2012.07.10_22:12:00_TAI, 2012.07.11_01:12:00_TAI]",16,16,PASS,FAIL,PASS,PASS,-14.385612,-17.465477,FAIL,Failed: HARP/NOAA mapping,0.222515,0.697,NOT_AVAILABLE_IN_INPUT,This query does not include CMASK/effective-pixel fields. It does not claim that measurement-driven trends are excluded.,NOT_FORMAL_INDEPENDENT_CONTROL,2012-07-12T15:37:00Z,38.426,PASS,0,0,CATALOG_CLEAN_BUT_STRICT_DATA_GATE_FAIL,Failed: HARP/NOAA mapping,NO
SHRGT45_严格阴性对照前推检索_20260807,NOAA11520_X1.4_20120712,1834,11520,2012-07-11T01:23:25Z,2012.07.11_01:24:00_TAI,"[2012.07.10_22:24:00_TAI, 2012.07.11_01:24:00_TAI]",16,16,PASS,FAIL,PASS,PASS,-14.289759,-17.465284,FAIL,Failed: HARP/NOAA mapping,0.208654,0.453,NOT_AVAILABLE_IN_INPUT,This query does not include CMASK/effective-pixel fields. It does not claim that measurement-driven trends are excluded.,NOT_FORMAL_INDEPENDENT_CONTROL,2012-07-12T15:37:00Z,38.226,PASS,0,0,CATALOG_CLEAN_BUT_STRICT_DATA_GATE_FAIL,Failed: HARP/NOAA mapping,NO
SHRGT45_严格阴性对照前推检索_20260807,NOAA11520_X1.4_20120712,1834,11520,2012-07-11T12:47:25Z,2012.07.11_12:48:00_TAI,"[2012.07.11_09:48:00_TAI, 2012.07.11_12:48:00_TAI]",16,16,PASS,FAIL,PASS,PASS,-8.433737,-17.268660,FAIL,Failed: HARP/NOAA mapping,-0.262919,-0.634,NOT_AVAILABLE_IN_INPUT,This query does not include CMASK/effective-pixel fields. It does not claim that measurement-driven trends are excluded.,NOT_FORMAL_INDEPENDENT_CONTROL,2012-07-12T15:37:00Z,26.826,PASS,0,0,CATALOG_CLEAN_BUT_STRICT_DATA_GATE_FAIL,Failed: HARP/NOAA mapping,NO
SHRGT45_严格阴性对照前推检索_20260807,NOAA11520_X1.4_20120712,1834,11520,2012-07-11T12:59:25Z,2012.07.11_13:00:00_TAI,"[2012.07.11_10:00:00_TAI, 2012.07.11_13:00:00_TAI]",16,16,PASS,FAIL,PASS,PASS,-8.335526,-17.261641,FAIL,Failed: HARP/NOAA mapping,-0.273390,-0.853,NOT_AVAILABLE_IN_INPUT,This query does not include CMASK/effective-pixel fields. It does not claim that measurement-driven trends are excluded.,NOT_FORMAL_INDEPENDENT_CONTROL,2012-07-12T15:37:00Z,26.626,PASS,0,0,CATALOG_CLEAN_BUT_STRICT_DATA_GATE_FAIL,Failed: HARP/NOAA mapping,NO
SHRGT45_严格阴性对照前推检索_20260807,NOAA11520_X1.4_20120712,1834,11520,2012-07-11T13:11:25Z,2012.07.11_13:12:00_TAI,"[2012.07.11_10:12:00_TAI, 2012.07.11_13:12:00_TAI]",16,16,PASS,FAIL,PASS,PASS,-8.231603,-17.252722,FAIL,Failed: HARP/NOAA mapping,-0.258522,-0.732,NOT_AVAILABLE_IN_INPUT,This query does not include CMASK/effective-pixel fields. It does not claim that measurement-driven trends are excluded.,NOT_FORMAL_INDEPENDENT_CONTROL,2012-07-12T15:37:00Z,26.426,PASS,0,0,CATALOG_CLEAN_BUT_STRICT_DATA_GATE_FAIL,Failed: HARP/NOAA mapping,NO
SHRGT45_严格阴性对照前推检索_20260807,NOAA11520_X1.4_20120712,1834,11520,2012-07-11T13:23:25Z,2012.07.11_13:24:00_TAI,"[2012.07.11_10:24:00_TAI, 2012.07.11_13:24:00_TAI]",16,16,PASS,FAIL,PASS,PASS,-8.114122,-17.254482,FAIL,Failed: HARP/NOAA mapping,-0.249765,-0.826,NOT_AVAILABLE_IN_INPUT,This query does not include CMASK/effective-pixel fields. It does not claim that measurement-driven trends are excluded.,NOT_FORMAL_INDEPENDENT_CONTROL,2012-07-12T15:37:00Z,26.226,PASS,0,0,CATALOG_CLEAN_BUT_STRICT_DATA_GATE_FAIL,Failed: HARP/NOAA mapping,NO
SHRGT45_严格阴性对照前推检索_20260807,NOAA11520_X1.4_20120712,1834,11520,2012-07-11T13:35:25Z,2012.07.11_13:36:00_TAI,"[2012.07.11_10:36:00_TAI, 2012.07.11_13:36:00_TAI]",16,16,PASS,FAIL,PASS,PASS,-8.009140,-17.255569,FAIL,Failed: HARP/NOAA mapping,-0.212757,-0.553,NOT_AVAILABLE_IN_INPUT,This query does not include CMASK/effective-pixel fields. It does not claim that measurement-driven trends are excluded.,NOT_FORMAL_INDEPENDENT_CONTROL,2012-07-12T15:37:00Z,26.026,PASS,0,0,CATALOG_CLEAN_BUT_STRICT_DATA_GATE_FAIL,Failed: HARP/NOAA mapping,NO
SHRGT45_严格阴性对照前推检索_20260807,NOAA11520_X1.4_20120712,1834,11520,2012-07-11T13:47:25Z,2012.07.11_13:48:00_TAI,"[2012.07.11_10:48:00_TAI, 2012.07.11_13:48:00_TAI]",16,16,PASS,FAIL,PASS,PASS,-7.914758,-17.256292,FAIL,Failed: HARP/NOAA mapping,-0.174235,-0.612,NOT_AVAILABLE_IN_INPUT,This query does not include CMASK/effective-pixel fields. It does not claim that measurement-driven trends are excluded.,NOT_FORMAL_INDEPENDENT_CONTROL,2012-07-12T15:37:00Z,25.826,PASS,0,0,CATALOG_CLEAN_BUT_STRICT_DATA_GATE_FAIL,Failed: HARP/NOAA mapping,NO
SHRGT45_严格阴性对照前推检索_20260807,NOAA11520_X1.4_20120712,1834,11520,2012-07-11T13:59:25Z,2012.07.11_14:00:00_TAI,"[2012.07.11_11:00:00_TAI, 2012.07.11_14:00:00_TAI]",16,16,PASS,FAIL,PASS,PASS,-7.819176,-17.252365,FAIL,Failed: HARP/NOAA mapping,-0.112596,-0.271,NOT_AVAILABLE_IN_INPUT,This query does not include CMASK/effective-pixel fields. It does not claim that measurement-driven trends are excluded.,NOT_FORMAL_INDEPENDENT_CONTROL,2012-07-12T15:37:00Z,25.626,PASS,0,0,CATALOG_CLEAN_BUT_STRICT_DATA_GATE_FAIL,Failed: HARP/NOAA mapping,NO
SHRGT45_严格阴性对照前推检索_20260807,NOAA11520_X1.4_20120712,1834,11520,2012-07-11T14:11:25Z,2012.07.11_14:12:00_TAI,"[2012.07.11_11:12:00_TAI, 2012.07.11_14:12:00_TAI]",16,16,PASS,FAIL,PASS,PASS,-7.710077,-17.242004,FAIL,Failed: HARP/NOAA mapping,-0.073772,-0.210,NOT_AVAILABLE_IN_INPUT,This query does not include CMASK/effective-pixel fields. It does not claim that measurement-driven trends are excluded.,NOT_FORMAL_INDEPENDENT_CONTROL,2012-07-12T15:37:00Z,25.426,PASS,0,0,CATALOG_CLEAN_BUT_STRICT_DATA_GATE_FAIL,Failed: HARP/NOAA mapping,NO
SHRGT45_严格阴性对照前推检索_20260807,NOAA11520_X1.4_20120712,1834,11520,2012-07-11T14:23:25Z,2012.07.11_14:24:00_TAI,"[2012.07.11_11:24:00_TAI, 2012.07.11_14:24:00_TAI]",16,16,PASS,FAIL,PASS,PASS,-7.604731,-17.245224,FAIL,Failed: HARP/NOAA mapping,-0.039691,-0.287,NOT_AVAILABLE_IN_INPUT,This query does not include CMASK/effective-pixel fields. It does not claim that measurement-driven trends are excluded.,NOT_FORMAL_INDEPENDENT_CONTROL,2012-07-12T15:37:00Z,25.226,PASS,0,0,CATALOG_CLEAN_BUT_STRICT_DATA_GATE_FAIL,Failed: HARP/NOAA mapping,NO
SHRGT45_严格阴性对照前推检索_20260807,NOAA11520_X1.4_20120712,1834,11520,2012-07-11T14:35:25Z,2012.07.11_14:36:00_TAI,"[2012.07.11_11:36:00_TAI, 2012.07.11_14:36:00_TAI]",16,16,PASS,FAIL,PASS,PASS,-7.493416,-17.244909,FAIL,Failed: HARP/NOAA mapping,0.017360,0.135,NOT_AVAILABLE_IN_INPUT,This query does not include CMASK/effective-pixel fields. It does not claim that measurement-driven trends are excluded.,NOT_FORMAL_INDEPENDENT_CONTROL,2012-07-12T15:37:00Z,25.026,PASS,0,0,CATALOG_CLEAN_BUT_STRICT_DATA_GATE_FAIL,Failed: HARP/NOAA mapping,NO
SHRGT45_严格阴性对照前推检索_20260807,NOAA11520_X1.4_20120712,1834,11520,2012-07-11T14:47:25Z,2012.07.11_14:48:00_TAI,"[2012.07.11_11:48:00_TAI, 2012.07.11_14:48:00_TAI]",16,16,PASS,FAIL,PASS,PASS,-7.392534,-17.239103,FAIL,Failed: HARP/NOAA mapping,0.035257,0.137,NOT_AVAILABLE_IN_INPUT,This query does not include CMASK/effective-pixel fields. It does not claim that measurement-driven trends are excluded.,NOT_FORMAL_INDEPENDENT_CONTROL,2012-07-12T15:37:00Z,24.826,PASS,0,0,CATALOG_CLEAN_BUT_STRICT_DATA_GATE_FAIL,Failed: HARP/NOAA mapping,NO
SHRGT45_严格阴性对照前推检索_20260807,NOAA11520_X1.4_20120712,1834,11520,2012-07-11T14:59:25Z,2012.07.11_15:00:00_TAI,"[2012.07.11_12:00:00_TAI, 2012.07.11_15:00:00_TAI]",16,16,PASS,FAIL,PASS,PASS,-7.295167,-17.237015,FAIL,Failed: HARP/NOAA mapping,0.084669,0.549,NOT_AVAILABLE_IN_INPUT,This query does not include CMASK/effective-pixel fields. It does not claim that measurement-driven trends are excluded.,NOT_FORMAL_INDEPENDENT_CONTROL,2012-07-12T15:37:00Z,24.626,PASS,0,0,CATALOG_CLEAN_BUT_STRICT_DATA_GATE_FAIL,Failed: HARP/NOAA mapping,NO
SHRGT45_严格阴性对照前推检索_20260807,NOAA11520_X1.4_20120712,1834,11520,2012-07-11T15:11:25Z,2012.07.11_15:12:00_TAI,"[2012.07.11_12:12:00_TAI, 2012.07.11_15:12:00_TAI]",16,16,PASS,FAIL,PASS,PASS,-7.201611,-17.237373,FAIL,Failed: HARP/NOAA mapping,0.142441,0.694,NOT_AVAILABLE_IN_INPUT,This query does not include CMASK/effective-pixel fields. It does not claim that measurement-driven trends are excluded.,NOT_FORMAL_INDEPENDENT_CONTROL,2012-07-12T15:37:00Z,24.426,PASS,0,0,CATALOG_CLEAN_BUT_STRICT_DATA_GATE_FAIL,Failed: HARP/NOAA mapping,NO
SHRGT45_严格阴性对照前推检索_20260807,NOAA11520_X1.4_20120712,1834,11520,2012-07-11T15:23:25Z,2012.07.11_15:24:00_TAI,"[2012.07.11_12:24:00_TAI, 2012.07.11_15:24:00_TAI]",16,16,PASS,FAIL,PASS,PASS,-7.107792,-17.234180,FAIL,Failed: HARP/NOAA mapping,0.204125,0.589,NOT_AVAILABLE_IN_INPUT,This query does not include CMASK/effective-pixel fields. It does not claim that measurement-driven trends are excluded.,NOT_FORMAL_INDEPENDENT_CONTROL,2012-07-12T15:37:00Z,24.226,PASS,0,0,CATALOG_CLEAN_BUT_STRICT_DATA_GATE_FAIL,Failed: HARP/NOAA mapping,NO
SHRGT45_严格阴性对照前推检索_20260807,NOAA11520_X1.4_20120712,1834,11520,2012-07-11T15:35:25Z,2012.07.11_15:36:00_TAI,"[2012.07.11_12:36:00_TAI, 2012.07.11_15:36:00_TAI]",16,16,PASS,FAIL,PASS,PASS,-6.997313,-17.228783,FAIL,Failed: HARP/NOAA mapping,0.282074,0.700,NOT_AVAILABLE_IN_INPUT,This query does not include CMASK/effective-pixel fields. It does not claim that measurement-driven trends are excluded.,NOT_FORMAL_INDEPENDENT_CONTROL,2012-07-12T15:37:00Z,24.026,PASS,0,0,CATALOG_CLEAN_BUT_STRICT_DATA_GATE_FAIL,Failed: HARP/NOAA mapping,NO
SHRGT45_严格阴性对照前推检索_20260807,NOAA11520_X1.4_20120712,1834,11520,2012-07-11T15:47:25Z,2012.07.11_15:48:00_TAI,"[2012.07.11_12:48:00_TAI, 2012.07.11_15:48:00_TAI]",16,16,PASS,FAIL,PASS,PASS,-6.889144,-17.219591,FAIL,Failed: HARP/NOAA mapping,0.385684,1.180,NOT_AVAILABLE_IN_INPUT,This query does not include CMASK/effective-pixel fields. It does not claim that measurement-driven trends are excluded.,NOT_FORMAL_INDEPENDENT_CONTROL,2012-07-12T15:37:00Z,23.826,PASS,0,0,CATALOG_CLEAN_BUT_STRICT_DATA_GATE_FAIL,Failed: HARP/NOAA mapping,NO
SHRGT45_严格阴性对照前推检索_20260807,NOAA11520_X1.4_20120712,1834,11520,2012-07-11T15:59:25Z,2012.07.11_16:00:00_TAI,"[2012.07.11_13:00:00_TAI, 2012.07.11_16:00:00_TAI]",16,16,PASS,FAIL,PASS,PASS,-6.772884,-17.229280,FAIL,Failed: HARP/NOAA mapping,0.469625,1.442,NOT_AVAILABLE_IN_INPUT,This query does not include CMASK/effective-pixel fields. It does not claim that measurement-driven trends are excluded.,NOT_FORMAL_INDEPENDENT_CONTROL,2012-07-12T15:37:00Z,23.626,PASS,0,0,CATALOG_CLEAN_BUT_STRICT_DATA_GATE_FAIL,Failed: HARP/NOAA mapping,NO
SHRGT45_严格阴性对照前推检索_20260807,NOAA11520_X1.4_20120712,1834,11520,2012-07-11T16:11:25Z,2012.07.11_16:12:00_TAI,"[2012.07.11_13:12:00_TAI, 2012.07.11_16:12:00_TAI]",16,16,PASS,FAIL,PASS,PASS,-6.674242,-17.235872,FAIL,Failed: HARP/NOAA mapping,0.530154,1.525,NOT_AVAILABLE_IN_INPUT,This query does not include CMASK/effective-pixel fields. It does not claim that measurement-driven trends are excluded.,NOT_FORMAL_INDEPENDENT_CONTROL,2012-07-12T15:37:00Z,23.426,PASS,0,0,CATALOG_CLEAN_BUT_STRICT_DATA_GATE_FAIL,Failed: HARP/NOAA mapping,NO
SHRGT45_严格阴性对照前推检索_20260807,NOAA11520_X1.4_20120712,1834,11520,2012-07-11T16:23:25Z,2012.07.11_16:24:00_TAI,"[2012.07.11_13:24:00_TAI, 2012.07.11_16:24:00_TAI]",16,16,PASS,FAIL,PASS,PASS,-6.572784,-17.234703,FAIL,Failed: HARP/NOAA mapping,0.601346,1.857,NOT_AVAILABLE_IN_INPUT,This query does not include CMASK/effective-pixel fields. It does not claim that measurement-driven trends are excluded.,NOT_FORMAL_INDEPENDENT_CONTROL,2012-07-12T15:37:00Z,23.226,PASS,0,0,CATALOG_CLEAN_BUT_STRICT_DATA_GATE_FAIL,Failed: HARP/NOAA mapping,NO
SHRGT45_严格阴性对照前推检索_20260807,NOAA11520_X1.4_20120712,1834,11520,2012-07-11T16:35:25Z,2012.07.11_16:36:00_TAI,"[2012.07.11_13:36:00_TAI, 2012.07.11_16:36:00_TAI]",16,16,PASS,FAIL,PASS,PASS,-6.450953,-17.237524,FAIL,Failed: HARP/NOAA mapping,0.647434,1.825,NOT_AVAILABLE_IN_INPUT,This query does not include CMASK/effective-pixel fields. It does not claim that measurement-driven trends are excluded.,NOT_FORMAL_INDEPENDENT_CONTROL,2012-07-12T15:37:00Z,23.026,PASS,0,0,CATALOG_CLEAN_BUT_STRICT_DATA_GATE_FAIL,Failed: HARP/NOAA mapping,NO
SHRGT45_严格阴性对照前推检索_20260807,NOAA11520_X1.4_20120712,1834,11520,2012-07-11T16:47:25Z,2012.07.11_16:48:00_TAI,"[2012.07.11_13:48:00_TAI, 2012.07.11_16:48:00_TAI]",16,16,PASS,FAIL,PASS,PASS,-6.360364,-17.236568,FAIL,Failed: HARP/NOAA mapping,0.697125,1.888,NOT_AVAILABLE_IN_INPUT,This query does not include CMASK/effective-pixel fields. It does not claim that measurement-driven trends are excluded.,NOT_FORMAL_INDEPENDENT_CONTROL,2012-07-12T15:37:00Z,22.826,PASS,0,0,CATALOG_CLEAN_BUT_STRICT_DATA_GATE_FAIL,Failed: HARP/NOAA mapping,NO
SHRGT45_严格阴性对照前推检索_20260807,NOAA11520_X1.4_20120712,1834,11520,2012-07-11T16:59:25Z,2012.07.11_17:00:00_TAI,"[2012.07.11_14:00:00_TAI, 2012.07.11_17:00:00_TAI]",16,16,PASS,FAIL,FAIL,PASS,-6.246885,-17.233837,FAIL,Failed: HARP/NOAA mapping; all QUALITY=0,0.711993,1.755,NOT_AVAILABLE_IN_INPUT,This query does not include CMASK/effective-pixel fields. It does not claim that measurement-driven trends are excluded.,NOT_FORMAL_INDEPENDENT_CONTROL,2012-07-12T15:37:00Z,22.626,PASS,0,0,CATALOG_CLEAN_BUT_STRICT_DATA_GATE_FAIL,Failed: HARP/NOAA mapping; all QUALITY=0,NO
SHRGT45_严格阴性对照前推检索_20260807,NOAA11520_X1.4_20120712,1834,11520,2012-07-11T17:11:25Z,2012.07.11_17:12:00_TAI,"[2012.07.11_14:12:00_TAI, 2012.07.11_17:12:00_TAI]",16,16,PASS,FAIL,FAIL,PASS,-6.129940,-17.227415,FAIL,Failed: HARP/NOAA mapping; all QUALITY=0,0.697853,1.628,NOT_AVAILABLE_IN_INPUT,This query does not include CMASK/effective-pixel fields. It does not claim that measurement-driven trends are excluded.,NOT_FORMAL_INDEPENDENT_CONTROL,2012-07-12T15:37:00Z,22.426,PASS,0,0,CATALOG_CLEAN_BUT_STRICT_DATA_GATE_FAIL,Failed: HARP/NOAA mapping; all QUALITY=0,NO
SHRGT45_严格阴性对照前推检索_20260807,NOAA11520_X1.4_20120712,1834,11520,2012-07-11T17:23:25Z,2012.07.11_17:24:00_TAI,"[2012.07.11_14:24:00_TAI, 2012.07.11_17:24:00_TAI]",16,16,PASS,FAIL,FAIL,PASS,-6.029498,-17.224808,FAIL,Failed: HARP/NOAA mapping; all QUALITY=0,0.684147,1.859,NOT_AVAILABLE_IN_INPUT,This query does not include CMASK/effective-pixel fields. It does not claim that measurement-driven trends are excluded.,NOT_FORMAL_INDEPENDENT_CONTROL,2012-07-12T15:37:00Z,22.226,PASS,0,0,CATALOG_CLEAN_BUT_STRICT_DATA_GATE_FAIL,Failed: HARP/NOAA mapping; all QUALITY=0,NO
SHRGT45_严格阴性对照前推检索_20260807,NOAA11520_X1.4_20120712,1834,11520,2012-07-11T17:35:25Z,2012.07.11_17:36:00_TAI,"[2012.07.11_14:36:00_TAI, 2012.07.11_17:36:00_TAI]",16,16,PASS,FAIL,FAIL,PASS,-5.926779,-17.222408,FAIL,Failed: HARP/NOAA mapping; all QUALITY=0,0.660860,1.927,NOT_AVAILABLE_IN_INPUT,This query does not include CMASK/effective-pixel fields. It does not claim that measurement-driven trends are excluded.,NOT_FORMAL_INDEPENDENT_CONTROL,2012-07-12T15:37:00Z,22.026,PASS,0,0,CATALOG_CLEAN_BUT_STRICT_DATA_GATE_FAIL,Failed: HARP/NOAA mapping; all QUALITY=0,NO
SHRGT45_严格阴性对照前推检索_20260807,NOAA11520_X1.4_20120712,1834,11520,2012-07-11T17:47:25Z,2012.07.11_17:48:00_TAI,"[2012.07.11_14:48:00_TAI, 2012.07.11_17:48:00_TAI]",16,16,PASS,FAIL,FAIL,PASS,-5.812366,-17.224415,FAIL,Failed: HARP/NOAA mapping; all QUALITY=0,0.646625,2.181,NOT_AVAILABLE_IN_INPUT,This query does not include CMASK/effective-pixel fields. It does not claim that measurement-driven trends are excluded.,NOT_FORMAL_INDEPENDENT_CONTROL,2012-07-12T15:37:00Z,21.826,PASS,0,0,CATALOG_CLEAN_BUT_STRICT_DATA_GATE_FAIL,Failed: HARP/NOAA mapping; all QUALITY=0,NO
SHRGT45_严格阴性对照前推检索_20260807,NOAA11520_X1.4_20120712,1834,11520,2012-07-11T17:59:25Z,2012.07.11_18:00:00_TAI,"[2012.07.11_15:00:00_TAI, 2012.07.11_18:00:00_TAI]",16,16,PASS,FAIL,FAIL,PASS,-5.706432,-17.224199,FAIL,Failed: HARP/NOAA mapping; all QUALITY=0,0.566676,1.570,NOT_AVAILABLE_IN_INPUT,This query does not include CMASK/effective-pixel fields. It does not claim that measurement-driven trends are excluded.,NOT_FORMAL_INDEPENDENT_CONTROL,2012-07-12T15:37:00Z,21.626,PASS,0,0,CATALOG_CLEAN_BUT_STRICT_DATA_GATE_FAIL,Failed: HARP/NOAA mapping; all QUALITY=0,NO
SHRGT45_严格阴性对照前推检索_20260807,NOAA11520_X1.4_20120712,1834,11520,2012-07-11T18:11:25Z,2012.07.11_18:12:00_TAI,"[2012.07.11_15:12:00_TAI, 2012.07.11_18:12:00_TAI]",16,16,PASS,FAIL,FAIL,PASS,-5.609663,-17.217287,FAIL,Failed: HARP/NOAA mapping; all QUALITY=0,0.491324,1.260,NOT_AVAILABLE_IN_INPUT,This query does not include CMASK/effective-pixel fields. It does not claim that measurement-driven trends are excluded.,NOT_FORMAL_INDEPENDENT_CONTROL,2012-07-12T15:37:00Z,21.426,PASS,0,0,CATALOG_CLEAN_BUT_STRICT_DATA_GATE_FAIL,Failed: HARP/NOAA mapping; all QUALITY=0,NO
SHRGT45_严格阴性对照前推检索_20260807,NOAA11520_X1.4_20120712,1834,11520,2012-07-11T18:23:25Z,2012.07.11_18:24:00_TAI,"[2012.07.11_15:24:00_TAI, 2012.07.11_18:24:00_TAI]",16,16,PASS,FAIL,FAIL,PASS,-5.513462,-17.219677,FAIL,Failed: HARP/NOAA mapping; all QUALITY=0,0.396118,0.975,NOT_AVAILABLE_IN_INPUT,This query does not include CMASK/effective-pixel fields. It does not claim that measurement-driven trends are excluded.,NOT_FORMAL_INDEPENDENT_CONTROL,2012-07-12T15:37:00Z,21.226,PASS,0,0,CATALOG_CLEAN_BUT_STRICT_DATA_GATE_FAIL,Failed: HARP/NOAA mapping; all QUALITY=0,NO
SHRGT45_严格阴性对照前推检索_20260807,NOAA11520_X1.4_20120712,1834,11520,2012-07-11T18:35:25Z,2012.07.11_18:36:00_TAI,"[2012.07.11_15:36:00_TAI, 2012.07.11_18:36:00_TAI]",16,16,PASS,FAIL,FAIL,PASS,-5.410552,-17.216869,FAIL,Failed: HARP/NOAA mapping; all QUALITY=0,0.292860,0.911,NOT_AVAILABLE_IN_INPUT,This query does not include CMASK/effective-pixel fields. It does not claim that measurement-driven trends are excluded.,NOT_FORMAL_INDEPENDENT_CONTROL,2012-07-12T15:37:00Z,21.026,PASS,0,0,CATALOG_CLEAN_BUT_STRICT_DATA_GATE_FAIL,Failed: HARP/NOAA mapping; all QUALITY=0,NO
SHRGT45_严格阴性对照前推检索_20260807,NOAA11520_X1.4_20120712,1834,11520,2012-07-11T18:47:25Z,2012.07.11_18:48:00_TAI,"[2012.07.11_15:48:00_TAI, 2012.07.11_18:48:00_TAI]",16,16,PASS,FAIL,FAIL,PASS,-5.287009,-17.215462,FAIL,Failed: HARP/NOAA mapping; all QUALITY=0,0.150176,0.238,NOT_AVAILABLE_IN_INPUT,This query does not include CMASK/effective-pixel fields. It does not claim that measurement-driven trends are excluded.,NOT_FORMAL_INDEPENDENT_CONTROL,2012-07-12T15:37:00Z,20.826,PASS,0,0,CATALOG_CLEAN_BUT_STRICT_DATA_GATE_FAIL,Failed: HARP/NOAA mapping; all QUALITY=0,NO
SHRGT45_严格阴性对照前推检索_20260807,NOAA11520_X1.4_20120712,1834,11520,2012-07-11T18:59:25Z,2012.07.11_19:00:00_TAI,"[2012.07.11_16:00:00_TAI, 2012.07.11_19:00:00_TAI]",16,16,PASS,FAIL,FAIL,PASS,-5.200101,-17.202724,FAIL,Failed: HARP/NOAA mapping; all QUALITY=0,0.051640,0.211,NOT_AVAILABLE_IN_INPUT,This query does not include CMASK/effective-pixel fields. It does not claim that measurement-driven trends are excluded.,NOT_FORMAL_INDEPENDENT_CONTROL,2012-07-12T15:37:00Z,20.626,PASS,0,0,CATALOG_CLEAN_BUT_STRICT_DATA_GATE_FAIL,Failed: HARP/NOAA mapping; all QUALITY=0,NO
SHRGT45_严格阴性对照前推检索_20260807,NOAA11520_X1.4_20120712,1834,11520,2012-07-11T19:11:25Z,2012.07.11_19:12:00_TAI,"[2012.07.11_16:12:00_TAI, 2012.07.11_19:12:00_TAI]",16,16,PASS,FAIL,FAIL,PASS,-5.110811,-17.193422,FAIL,Failed: HARP/NOAA mapping; all QUALITY=0,-0.071949,-0.230,NOT_AVAILABLE_IN_INPUT,This query does not include CMASK/effective-pixel fields. It does not claim that measurement-driven trends are excluded.,NOT_FORMAL_INDEPENDENT_CONTROL,2012-07-12T15:37:00Z,20.426,PASS,0,0,CATALOG_CLEAN_BUT_STRICT_DATA_GATE_FAIL,Failed: HARP/NOAA mapping; all QUALITY=0,NO
SHRGT45_严格阴性对照前推检索_20260807,NOAA11520_X1.4_20120712,1834,11520,2012-07-11T19:23:25Z,2012.07.11_19:24:00_TAI,"[2012.07.11_16:24:00_TAI, 2012.07.11_19:24:00_TAI]",16,16,PASS,FAIL,FAIL,PASS,-4.998746,-17.195858,FAIL,Failed: HARP/NOAA mapping; all QUALITY=0,-0.166015,-0.376,NOT_AVAILABLE_IN_INPUT,This query does not include CMASK/effective-pixel fields. It does not claim that measurement-driven trends are excluded.,NOT_FORMAL_INDEPENDENT_CONTROL,2012-07-12T15:37:00Z,20.226,PASS,0,0,CATALOG_CLEAN_BUT_STRICT_DATA_GATE_FAIL,Failed: HARP/NOAA mapping; all QUALITY=0,NO
SHRGT45_严格阴性对照前推检索_20260807,NOAA11520_X1.4_20120712,1834,11520,2012-07-11T19:35:25Z,2012.07.11_19:36:00_TAI,"[2012.07.11_16:36:00_TAI, 2012.07.11_19:36:00_TAI]",16,16,PASS,FAIL,FAIL,PASS,-4.888573,-17.195141,FAIL,Failed: HARP/NOAA mapping; all QUALITY=0,-0.279257,-0.952,NOT_AVAILABLE_IN_INPUT,This query does not include CMASK/effective-pixel fields. It does not claim that measurement-driven trends are excluded.,NOT_FORMAL_INDEPENDENT_CONTROL,2012-07-12T15:37:00Z,20.026,PASS,0,0,CATALOG_CLEAN_BUT_STRICT_DATA_GATE_FAIL,Failed: HARP/NOAA mapping; all QUALITY=0,NO
SHRGT45_严格阴性对照前推检索_20260807,NOAA11520_X1.4_20120712,1834,11520,2012-07-11T19:47:25Z,2012.07.11_19:48:00_TAI,"[2012.07.11_16:48:00_TAI, 2012.07.11_19:48:00_TAI]",16,16,PASS,FAIL,FAIL,PASS,-4.774470,-17.196888,FAIL,Failed: HARP/NOAA mapping; all QUALITY=0,-0.385338,-1.258,NOT_AVAILABLE_IN_INPUT,This query does not include CMASK/effective-pixel fields. It does not claim that measurement-driven trends are excluded.,NOT_FORMAL_INDEPENDENT_CONTROL,2012-07-12T15:37:00Z,19.826,PASS,0,0,CATALOG_CLEAN_BUT_STRICT_DATA_GATE_FAIL,Failed: HARP/NOAA mapping; all QUALITY=0,NO
SHRGT45_严格阴性对照前推检索_20260807,NOAA11520_X1.4_20120712,1834,11520,2012-07-11T19:59:25Z,2012.07.11_20:00:00_TAI,"[2012.07.11_17:00:00_TAI, 2012.07.11_20:00:00_TAI]",16,16,PASS,FAIL,FAIL,PASS,-4.670460,-17.193481,FAIL,Failed: HARP/NOAA mapping; all QUALITY=0,-0.507110,-1.567,NOT_AVAILABLE_IN_INPUT,This query does not include CMASK/effective-pixel fields. It does not claim that measurement-driven trends are excluded.,NOT_FORMAL_INDEPENDENT_CONTROL,2012-07-12T15:37:00Z,19.626,PASS,0,0,CATALOG_CLEAN_BUT_STRICT_DATA_GATE_FAIL,Failed: HARP/NOAA mapping; all QUALITY=0,NO
SHRGT45_严格阴性对照前推检索_20260807,NOAA11520_X1.4_20120712,1834,11520,2012-07-11T20:11:25Z,2012.07.11_20:12:00_TAI,"[2012.07.11_17:12:00_TAI, 2012.07.11_20:12:00_TAI]",16,16,PASS,FAIL,FAIL,PASS,-4.546695,-17.190636,FAIL,Failed: HARP/NOAA mapping; all QUALITY=0,-0.617750,-1.513,NOT_AVAILABLE_IN_INPUT,This query does not include CMASK/effective-pixel fields. It does not claim that measurement-driven trends are excluded.,NOT_FORMAL_INDEPENDENT_CONTROL,2012-07-12T15:37:00Z,19.426,PASS,0,0,CATALOG_CLEAN_BUT_STRICT_DATA_GATE_FAIL,Failed: HARP/NOAA mapping; all QUALITY=0,NO
SHRGT45_严格阴性对照前推检索_20260807,NOAA11520_X1.4_20120712,1834,11520,2012-07-11T20:23:25Z,2012.07.11_20:24:00_TAI,"[2012.07.11_17:24:00_TAI, 2012.07.11_20:24:00_TAI]",16,16,PASS,FAIL,FAIL,PASS,-4.447845,-17.192694,FAIL,Failed: HARP/NOAA mapping; all QUALITY=0,-0.464485,0.584,NOT_AVAILABLE_IN_INPUT,This query does not include CMASK/effective-pixel fields. It does not claim that measurement-driven trends are excluded.,NOT_FORMAL_INDEPENDENT_CONTROL,2012-07-12T15:37:00Z,19.226,PASS,0,0,CATALOG_CLEAN_BUT_STRICT_DATA_GATE_FAIL,Failed: HARP/NOAA mapping; all QUALITY=0,NO
SHRGT45_严格阴性对照前推检索_20260807,NOAA11520_X1.4_20120712,1834,11520,2012-07-11T20:35:25Z,2012.07.11_20:36:00_TAI,"[2012.07.11_17:36:00_TAI, 2012.07.11_20:36:00_TAI]",16,16,PASS,FAIL,FAIL,PASS,-4.348741,-17.192654,FAIL,Failed: HARP/NOAA mapping; all QUALITY=0,-0.548669,-1.883,NOT_AVAILABLE_IN_INPUT,This query does not include CMASK/effective-pixel fields. It does not claim that measurement-driven trends are excluded.,NOT_FORMAL_INDEPENDENT_CONTROL,2012-07-12T15:37:00Z,19.026,PASS,0,0,CATALOG_CLEAN_BUT_STRICT_DATA_GATE_FAIL,Failed: HARP/NOAA mapping; all QUALITY=0,NO
SHRGT45_严格阴性对照前推检索_20260807,NOAA11520_X1.4_20120712,1834,11520,2012-07-11T20:47:25Z,2012.07.11_20:48:00_TAI,"[2012.07.11_17:48:00_TAI, 2012.07.11_20:48:00_TAI]",16,16,PASS,FAIL,FAIL,PASS,-4.236269,-17.190695,FAIL,Failed: HARP/NOAA mapping; all QUALITY=0,-0.538654,-1.687,NOT_AVAILABLE_IN_INPUT,This query does not include CMASK/effective-pixel fields. It does not claim that measurement-driven trends are excluded.,NOT_FORMAL_INDEPENDENT_CONTROL,2012-07-12T15:37:00Z,18.826,PASS,0,0,CATALOG_CLEAN_BUT_STRICT_DATA_GATE_FAIL,Failed: HARP/NOAA mapping; all QUALITY=0,NO
SHRGT45_严格阴性对照前推检索_20260807,NOAA11520_X1.4_20120712,1834,11520,2012-07-11T20:59:25Z,2012.07.11_21:00:00_TAI,"[2012.07.11_18:00:00_TAI, 2012.07.11_21:00:00_TAI]",16,16,PASS,FAIL,FAIL,PASS,-4.140395,-17.185001,FAIL,Failed: HARP/NOAA mapping; all QUALITY=0,-0.469529,-1.325,NOT_AVAILABLE_IN_INPUT,This query does not include CMASK/effective-pixel fields. It does not claim that measurement-driven trends are excluded.,NOT_FORMAL_INDEPENDENT_CONTROL,2012-07-12T15:37:00Z,18.626,PASS,0,0,CATALOG_CLEAN_BUT_STRICT_DATA_GATE_FAIL,Failed: HARP/NOAA mapping; all QUALITY=0,NO
SHRGT45_严格阴性对照前推检索_20260807,NOAA11520_X1.4_20120712,1834,11520,2012-07-11T21:11:25Z,2012.07.11_21:12:00_TAI,"[2012.07.11_18:12:00_TAI, 2012.07.11_21:12:00_TAI]",16,16,PASS,FAIL,FAIL,PASS,-4.026940,-17.190357,FAIL,Failed: HARP/NOAA mapping; all QUALITY=0,-0.379706,-0.954,NOT_AVAILABLE_IN_INPUT,This query does not include CMASK/effective-pixel fields. It does not claim that measurement-driven trends are excluded.,NOT_FORMAL_INDEPENDENT_CONTROL,2012-07-12T15:37:00Z,18.426,PASS,0,0,CATALOG_CLEAN_BUT_STRICT_DATA_GATE_FAIL,Failed: HARP/NOAA mapping; all QUALITY=0,NO
SHRGT45_严格阴性对照前推检索_20260807,NOAA11520_X1.4_20120712,1834,11520,2012-07-11T21:23:25Z,2012.07.11_21:24:00_TAI,"[2012.07.11_18:24:00_TAI, 2012.07.11_21:24:00_TAI]",16,16,PASS,FAIL,FAIL,PASS,-3.933300,-17.192535,FAIL,Failed: HARP/NOAA mapping; all QUALITY=0,-0.285669,-0.721,NOT_AVAILABLE_IN_INPUT,This query does not include CMASK/effective-pixel fields. It does not claim that measurement-driven trends are excluded.,NOT_FORMAL_INDEPENDENT_CONTROL,2012-07-12T15:37:00Z,18.226,PASS,0,0,CATALOG_CLEAN_BUT_STRICT_DATA_GATE_FAIL,Failed: HARP/NOAA mapping; all QUALITY=0,NO
SHRGT45_严格阴性对照前推检索_20260807,NOAA11520_X1.4_20120712,1834,11520,2012-07-11T21:35:25Z,2012.07.11_21:36:00_TAI,"[2012.07.11_18:36:00_TAI, 2012.07.11_21:36:00_TAI]",16,16,PASS,FAIL,FAIL,PASS,-3.831950,-17.191809,FAIL,Failed: HARP/NOAA mapping; all QUALITY=0,-0.189853,-0.573,NOT_AVAILABLE_IN_INPUT,This query does not include CMASK/effective-pixel fields. It does not claim that measurement-driven trends are excluded.,NOT_FORMAL_INDEPENDENT_CONTROL,2012-07-12T15:37:00Z,18.026,PASS,0,0,CATALOG_CLEAN_BUT_STRICT_DATA_GATE_FAIL,Failed: HARP/NOAA mapping; all QUALITY=0,NO
SHRGT45_严格阴性对照前推检索_20260807,NOAA11520_X1.4_20120712,1834,11520,2012-07-11T21:47:25Z,2012.07.11_21:48:00_TAI,"[2012.07.11_18:48:00_TAI, 2012.07.11_21:48:00_TAI]",16,16,PASS,FAIL,FAIL,PASS,-3.724457,-17.198349,FAIL,Failed: HARP/NOAA mapping; all QUALITY=0,-0.063551,-0.073,NOT_AVAILABLE_IN_INPUT,This query does not include CMASK/effective-pixel fields. It does not claim that measurement-driven trends are excluded.,NOT_FORMAL_INDEPENDENT_CONTROL,2012-07-12T15:37:00Z,17.826,PASS,0,0,CATALOG_CLEAN_BUT_STRICT_DATA_GATE_FAIL,Failed: HARP/NOAA mapping; all QUALITY=0,NO
SHRGT45_严格阴性对照前推检索_20260807,NOAA11520_X1.4_20120712,1834,11520,2012-07-11T21:59:25Z,2012.07.11_22:00:00_TAI,"[2012.07.11_19:00:00_TAI, 2012.07.11_22:00:00_TAI]",16,16,PASS,FAIL,FAIL,PASS,-3.637550,-17.196775,FAIL,Failed: HARP/NOAA mapping; all QUALITY=0,0.031838,-0.122,NOT_AVAILABLE_IN_INPUT,This query does not include CMASK/effective-pixel fields. It does not claim that measurement-driven trends are excluded.,NOT_FORMAL_INDEPENDENT_CONTROL,2012-07-12T15:37:00Z,17.626,PASS,0,0,CATALOG_CLEAN_BUT_STRICT_DATA_GATE_FAIL,Failed: HARP/NOAA mapping; all QUALITY=0,NO
SHRGT45_严格阴性对照前推检索_20260807,NOAA11520_X1.4_20120712,1834,11520,2012-07-11T22:11:25Z,2012.07.11_22:12:00_TAI,"[2012.07.11_19:12:00_TAI, 2012.07.11_22:12:00_TAI]",16,16,PASS,FAIL,FAIL,PASS,-3.524245,-17.199047,FAIL,Failed: HARP/NOAA mapping; all QUALITY=0,0.167625,0.454,NOT_AVAILABLE_IN_INPUT,This query does not include CMASK/effective-pixel fields. It does not claim that measurement-driven trends are excluded.,NOT_FORMAL_INDEPENDENT_CONTROL,2012-07-12T15:37:00Z,17.426,PASS,0,0,CATALOG_CLEAN_BUT_STRICT_DATA_GATE_FAIL,Failed: HARP/NOAA mapping; all QUALITY=0,NO
SHRGT45_严格阴性对照前推检索_20260807,NOAA11520_X1.4_20120712,1834,11520,2012-07-11T22:23:25Z,2012.07.11_22:24:00_TAI,"[2012.07.11_19:24:00_TAI, 2012.07.11_22:24:00_TAI]",16,16,PASS,FAIL,FAIL,PASS,-3.402947,-17.204510,FAIL,Failed: HARP/NOAA mapping; all QUALITY=0,0.292434,0.619,NOT_AVAILABLE_IN_INPUT,This query does not include CMASK/effective-pixel fields. It does not claim that measurement-driven trends are excluded.,NOT_FORMAL_INDEPENDENT_CONTROL,2012-07-12T15:37:00Z,17.226,PASS,0,0,CATALOG_CLEAN_BUT_STRICT_DATA_GATE_FAIL,Failed: HARP/NOAA mapping; all QUALITY=0,NO
SHRGT45_严格阴性对照前推检索_20260807,NOAA11520_X1.4_20120712,1834,11520,2012-07-11T22:35:25Z,2012.07.11_22:36:00_TAI,"[2012.07.11_19:36:00_TAI, 2012.07.11_22:36:00_TAI]",16,16,PASS,FAIL,FAIL,PASS,-3.298404,-17.202005,FAIL,Failed: HARP/NOAA mapping; all QUALITY=0,0.416522,1.065,NOT_AVAILABLE_IN_INPUT,This query does not include CMASK/effective-pixel fields. It does not claim that measurement-driven trends are excluded.,NOT_FORMAL_INDEPENDENT_CONTROL,2012-07-12T15:37:00Z,17.026,PASS,0,0,CATALOG_CLEAN_BUT_STRICT_DATA_GATE_FAIL,Failed: HARP/NOAA mapping; all QUALITY=0,NO
SHRGT45_严格阴性对照前推检索_20260807,NOAA11520_X1.4_20120712,1834,11520,2012-07-11T22:47:25Z,2012.07.11_22:48:00_TAI,"[2012.07.11_19:48:00_TAI, 2012.07.11_22:48:00_TAI]",16,16,PASS,FAIL,FAIL,PASS,-3.188721,-17.212358,FAIL,Failed: HARP/NOAA mapping; all QUALITY=0,0.480610,1.301,NOT_AVAILABLE_IN_INPUT,This query does not include CMASK/effective-pixel fields. It does not claim that measurement-driven trends are excluded.,NOT_FORMAL_INDEPENDENT_CONTROL,2012-07-12T15:37:00Z,16.826,PASS,0,0,CATALOG_CLEAN_BUT_STRICT_DATA_GATE_FAIL,Failed: HARP/NOAA mapping; all QUALITY=0,NO
SHRGT45_严格阴性对照前推检索_20260807,NOAA11520_X1.4_20120712,1834,11520,2012-07-11T22:59:25Z,2012.07.11_23:00:00_TAI,"[2012.07.11_20:00:00_TAI, 2012.07.11_23:00:00_TAI]",16,16,PASS,FAIL,FAIL,PASS,-3.087786,-17.212061,FAIL,Failed: HARP/NOAA mapping; all QUALITY=0,0.508029,1.758,NOT_AVAILABLE_IN_INPUT,This query does not include CMASK/effective-pixel fields. It does not claim that measurement-driven trends are excluded.,NOT_FORMAL_INDEPENDENT_CONTROL,2012-07-12T15:37:00Z,16.626,PASS,0,0,CATALOG_CLEAN_BUT_STRICT_DATA_GATE_FAIL,Failed: HARP/NOAA mapping; all QUALITY=0,NO
SHRGT45_严格阴性对照前推检索_20260807,NOAA11520_X1.4_20120712,1834,11520,2012-07-11T23:11:25Z,2012.07.11_23:12:00_TAI,"[2012.07.11_20:12:00_TAI, 2012.07.11_23:12:00_TAI]",16,16,PASS,FAIL,FAIL,PASS,-2.982630,-17.211828,FAIL,Failed: HARP/NOAA mapping; all QUALITY=0,0.480368,1.910,NOT_AVAILABLE_IN_INPUT,This query does not include CMASK/effective-pixel fields. It does not claim that measurement-driven trends are excluded.,NOT_FORMAL_INDEPENDENT_CONTROL,2012-07-12T15:37:00Z,16.426,PASS,0,0,CATALOG_CLEAN_BUT_STRICT_DATA_GATE_FAIL,Failed: HARP/NOAA mapping; all QUALITY=0,NO
SHRGT45_严格阴性对照前推检索_20260807,NOAA11520_X1.4_20120712,1834,11520,2012-07-11T23:23:25Z,2012.07.11_23:24:00_TAI,"[2012.07.11_20:24:00_TAI, 2012.07.11_23:24:00_TAI]",16,16,PASS,FAIL,FAIL,PASS,-2.876498,-17.209864,FAIL,Failed: HARP/NOAA mapping; all QUALITY=0,0.429360,-0.292,NOT_AVAILABLE_IN_INPUT,This query does not include CMASK/effective-pixel fields. It does not claim that measurement-driven trends are excluded.,NOT_FORMAL_INDEPENDENT_CONTROL,2012-07-12T15:37:00Z,16.226,PASS,0,0,CATALOG_CLEAN_BUT_STRICT_DATA_GATE_FAIL,Failed: HARP/NOAA mapping; all QUALITY=0,NO
SHRGT45_严格阴性对照前推检索_20260807,NOAA11520_X1.4_20120712,1834,11520,2012-07-11T23:35:25Z,2012.07.11_23:36:00_TAI,"[2012.07.11_20:36:00_TAI, 2012.07.11_23:36:00_TAI]",16,16,PASS,FAIL,PASS,PASS,-2.759863,-17.211512,FAIL,Failed: HARP/NOAA mapping,0.634118,1.966,NOT_AVAILABLE_IN_INPUT,This query does not include CMASK/effective-pixel fields. It does not claim that measurement-driven trends are excluded.,NOT_FORMAL_INDEPENDENT_CONTROL,2012-07-12T15:37:00Z,16.026,PASS,0,0,CATALOG_CLEAN_BUT_STRICT_DATA_GATE_FAIL,Failed: HARP/NOAA mapping,NO
SHRGT45_严格阴性对照前推检索_20260807,NOAA11520_X1.4_20120712,1834,11520,2012-07-11T23:47:25Z,2012.07.11_23:48:00_TAI,"[2012.07.11_20:48:00_TAI, 2012.07.11_23:48:00_TAI]",16,16,PASS,FAIL,PASS,PASS,-2.652797,-17.214363,FAIL,Failed: HARP/NOAA mapping,0.573493,1.686,NOT_AVAILABLE_IN_INPUT,This query does not include CMASK/effective-pixel fields. It does not claim that measurement-driven trends are excluded.,NOT_FORMAL_INDEPENDENT_CONTROL,2012-07-12T15:37:00Z,15.826,PASS,0,0,CATALOG_CLEAN_BUT_STRICT_DATA_GATE_FAIL,Failed: HARP/NOAA mapping,NO
SHRGT45_严格阴性对照前推检索_20260807,NOAA11520_X1.4_20120712,1834,11520,2012-07-11T23:59:25Z,2012.07.12_00:00:00_TAI,"[2012.07.11_21:00:00_TAI, 2012.07.12_00:00:00_TAI]",16,16,PASS,FAIL,PASS,PASS,-2.547610,-17.214443,FAIL,Failed: HARP/NOAA mapping,0.527890,1.540,NOT_AVAILABLE_IN_INPUT,This query does not include CMASK/effective-pixel fields. It does not claim that measurement-driven trends are excluded.,NOT_FORMAL_INDEPENDENT_CONTROL,2012-07-12T15:37:00Z,15.626,PASS,0,0,CATALOG_CLEAN_BUT_STRICT_DATA_GATE_FAIL,Failed: HARP/NOAA mapping,NO
SHRGT45_严格阴性对照前推检索_20260807,NOAA11520_X1.4_20120712,1834,11520,2012-07-12T00:11:25Z,2012.07.12_00:12:00_TAI,"[2012.07.11_21:12:00_TAI, 2012.07.12_00:12:00_TAI]",16,16,PASS,FAIL,PASS,PASS,-2.433453,-17.209085,FAIL,Failed: HARP/NOAA mapping,0.458978,1.161,NOT_AVAILABLE_IN_INPUT,This query does not include CMASK/effective-pixel fields. It does not claim that measurement-driven trends are excluded.,NOT_FORMAL_INDEPENDENT_CONTROL,2012-07-12T15:37:00Z,15.426,PASS,0,0,CATALOG_CLEAN_BUT_STRICT_DATA_GATE_FAIL,Failed: HARP/NOAA mapping,NO
SHRGT45_严格阴性对照前推检索_20260807,NOAA11520_X1.4_20120712,1834,11520,2012-07-12T00:23:25Z,2012.07.12_00:24:00_TAI,"[2012.07.11_21:24:00_TAI, 2012.07.12_00:24:00_TAI]",16,16,PASS,FAIL,PASS,PASS,-2.318097,-17.216665,FAIL,Failed: HARP/NOAA mapping,0.420529,1.310,NOT_AVAILABLE_IN_INPUT,This query does not include CMASK/effective-pixel fields. It does not claim that measurement-driven trends are excluded.,NOT_FORMAL_INDEPENDENT_CONTROL,2012-07-12T15:37:00Z,15.226,PASS,0,0,CATALOG_CLEAN_BUT_STRICT_DATA_GATE_FAIL,Failed: HARP/NOAA mapping,NO
SHRGT45_严格阴性对照前推检索_20260807,NOAA11520_X1.4_20120712,1834,11520,2012-07-12T00:35:25Z,2012.07.12_00:36:00_TAI,"[2012.07.11_21:36:00_TAI, 2012.07.12_00:36:00_TAI]",16,16,PASS,FAIL,PASS,PASS,-2.191044,-17.221373,FAIL,Failed: HARP/NOAA mapping,0.365243,1.179,NOT_AVAILABLE_IN_INPUT,This query does not include CMASK/effective-pixel fields. It does not claim that measurement-driven trends are excluded.,NOT_FORMAL_INDEPENDENT_CONTROL,2012-07-12T15:37:00Z,15.026,PASS,0,0,CATALOG_CLEAN_BUT_STRICT_DATA_GATE_FAIL,Failed: HARP/NOAA mapping,NO
SHRGT45_严格阴性对照前推检索_20260807,NOAA11520_X1.4_20120712,1834,11520,2012-07-12T00:47:25Z,2012.07.12_00:48:00_TAI,"[2012.07.11_21:48:00_TAI, 2012.07.12_00:48:00_TAI]",16,16,PASS,FAIL,PASS,PASS,-2.070374,-17.228178,FAIL,Failed: HARP/NOAA mapping,0.280706,0.723,NOT_AVAILABLE_IN_INPUT,This query does not include CMASK/effective-pixel fields. It does not claim that measurement-driven trends are excluded.,NOT_FORMAL_INDEPENDENT_CONTROL,2012-07-12T15:37:00Z,14.826,PASS,0,0,CATALOG_CLEAN_BUT_STRICT_DATA_GATE_FAIL,Failed: HARP/NOAA mapping,NO
SHRGT45_严格阴性对照前推检索_20260807,NOAA11520_X1.4_20120712,1834,11520,2012-07-12T00:59:25Z,2012.07.12_01:00:00_TAI,"[2012.07.11_22:00:00_TAI, 2012.07.12_01:00:00_TAI]",16,16,PASS,FAIL,PASS,PASS,-1.978069,-17.225821,FAIL,Failed: HARP/NOAA mapping,0.229213,0.909,NOT_AVAILABLE_IN_INPUT,This query does not include CMASK/effective-pixel fields. It does not claim that measurement-driven trends are excluded.,NOT_FORMAL_INDEPENDENT_CONTROL,2012-07-12T15:37:00Z,14.626,PASS,0,0,CATALOG_CLEAN_BUT_STRICT_DATA_GATE_FAIL,Failed: HARP/NOAA mapping,NO
SHRGT45_严格阴性对照前推检索_20260807,NOAA11520_X1.4_20120712,1834,11520,2012-07-12T01:11:25Z,2012.07.12_01:12:00_TAI,"[2012.07.11_22:12:00_TAI, 2012.07.12_01:12:00_TAI]",16,16,PASS,FAIL,PASS,PASS,-1.867433,-17.230408,FAIL,Failed: HARP/NOAA mapping,0.178140,0.733,NOT_AVAILABLE_IN_INPUT,This query does not include CMASK/effective-pixel fields. It does not claim that measurement-driven trends are excluded.,NOT_FORMAL_INDEPENDENT_CONTROL,2012-07-12T15:37:00Z,14.426,PASS,0,0,CATALOG_CLEAN_BUT_STRICT_DATA_GATE_FAIL,Failed: HARP/NOAA mapping,NO
SHRGT45_严格阴性对照前推检索_20260807,NOAA11520_X1.4_20120712,1834,11520,2012-07-12T01:23:25Z,2012.07.12_01:24:00_TAI,"[2012.07.11_22:24:00_TAI, 2012.07.12_01:24:00_TAI]",16,16,PASS,FAIL,PASS,PASS,-1.765035,-17.219925,FAIL,Failed: HARP/NOAA mapping,0.162610,0.616,NOT_AVAILABLE_IN_INPUT,This query does not include CMASK/effective-pixel fields. It does not claim that measurement-driven trends are excluded.,NOT_FORMAL_INDEPENDENT_CONTROL,2012-07-12T15:37:00Z,14.226,PASS,0,0,CATALOG_CLEAN_BUT_STRICT_DATA_GATE_FAIL,Failed: HARP/NOAA mapping,NO
SHRGT45_严格阴性对照前推检索_20260807,NOAA11520_X1.4_20120712,1834,11520,2012-07-12T01:35:25Z,2012.07.12_01:36:00_TAI,"[2012.07.11_22:36:00_TAI, 2012.07.12_01:36:00_TAI]",16,16,PASS,FAIL,PASS,PASS,-1.639255,-17.228067,FAIL,Failed: HARP/NOAA mapping,0.196588,0.906,NOT_AVAILABLE_IN_INPUT,This query does not include CMASK/effective-pixel fields. It does not claim that measurement-driven trends are excluded.,NOT_FORMAL_INDEPENDENT_CONTROL,2012-07-12T15:37:00Z,14.026,PASS,0,0,CATALOG_CLEAN_BUT_STRICT_DATA_GATE_FAIL,Failed: HARP/NOAA mapping,NO
SHRGT45_严格阴性对照前推检索_20260807,NOAA11520_X1.4_20120712,1834,11520,2012-07-12T01:47:25Z,2012.07.12_01:48:00_TAI,"[2012.07.11_22:48:00_TAI, 2012.07.12_01:48:00_TAI]",16,16,PASS,FAIL,PASS,PASS,-1.514107,-17.219339,FAIL,Failed: HARP/NOAA mapping,0.163529,0.375,NOT_AVAILABLE_IN_INPUT,This query does not include CMASK/effective-pixel fields. It does not claim that measurement-driven trends are excluded.,NOT_FORMAL_INDEPENDENT_CONTROL,2012-07-12T15:37:00Z,13.826,PASS,0,0,CATALOG_CLEAN_BUT_STRICT_DATA_GATE_FAIL,Failed: HARP/NOAA mapping,NO
SHRGT45_严格阴性对照前推检索_20260807,NOAA11520_X1.4_20120712,1834,11520,2012-07-12T01:59:25Z,2012.07.12_02:00:00_TAI,"[2012.07.11_23:00:00_TAI, 2012.07.12_02:00:00_TAI]",16,16,PASS,FAIL,PASS,PASS,-1.410539,-17.221256,FAIL,Failed: HARP/NOAA mapping,0.135103,0.390,NOT_AVAILABLE_IN_INPUT,This query does not include CMASK/effective-pixel fields. It does not claim that measurement-driven trends are excluded.,NOT_FORMAL_INDEPENDENT_CONTROL,2012-07-12T15:37:00Z,13.626,PASS,0,0,CATALOG_CLEAN_BUT_STRICT_DATA_GATE_FAIL,Failed: HARP/NOAA mapping,NO
SHRGT45_严格阴性对照前推检索_20260807,NOAA11520_X1.4_20120712,1834,11520,2012-07-12T02:11:25Z,2012.07.12_02:12:00_TAI,"[2012.07.11_23:12:00_TAI, 2012.07.12_02:12:00_TAI]",16,16,PASS,FAIL,PASS,PASS,-1.302286,-17.221478,FAIL,Failed: HARP/NOAA mapping,0.124875,0.415,NOT_AVAILABLE_IN_INPUT,This query does not include CMASK/effective-pixel fields. It does not claim that measurement-driven trends are excluded.,NOT_FORMAL_INDEPENDENT_CONTROL,2012-07-12T15:37:00Z,13.426,PASS,0,0,CATALOG_CLEAN_BUT_STRICT_DATA_GATE_FAIL,Failed: HARP/NOAA mapping,NO
SHRGT45_严格阴性对照前推检索_20260807,NOAA11520_X1.4_20120712,1834,11520,2012-07-12T02:23:25Z,2012.07.12_02:24:00_TAI,"[2012.07.11_23:24:00_TAI, 2012.07.12_02:24:00_TAI]",16,16,PASS,FAIL,PASS,PASS,-1.188866,-17.226379,FAIL,Failed: HARP/NOAA mapping,0.122993,0.351,NOT_AVAILABLE_IN_INPUT,This query does not include CMASK/effective-pixel fields. It does not claim that measurement-driven trends are excluded.,NOT_FORMAL_INDEPENDENT_CONTROL,2012-07-12T15:37:00Z,13.226,PASS,0,0,CATALOG_CLEAN_BUT_STRICT_DATA_GATE_FAIL,Failed: HARP/NOAA mapping,NO
SHRGT45_严格阴性对照前推检索_20260807,NOAA11520_X1.4_20120712,1834,11520,2012-07-12T02:35:25Z,2012.07.12_02:36:00_TAI,"[2012.07.11_23:36:00_TAI, 2012.07.12_02:36:00_TAI]",16,16,PASS,FAIL,PASS,PASS,-1.082307,-17.216587,FAIL,Failed: HARP/NOAA mapping,0.108559,0.206,NOT_AVAILABLE_IN_INPUT,This query does not include CMASK/effective-pixel fields. It does not claim that measurement-driven trends are excluded.,NOT_FORMAL_INDEPENDENT_CONTROL,2012-07-12T15:37:00Z,13.026,PASS,0,0,CATALOG_CLEAN_BUT_STRICT_DATA_GATE_FAIL,Failed: HARP/NOAA mapping,NO
SHRGT45_严格阴性对照前推检索_20260807,NOAA11520_X1.4_20120712,1834,11520,2012-07-12T02:47:25Z,2012.07.12_02:48:00_TAI,"[2012.07.11_23:48:00_TAI, 2012.07.12_02:48:00_TAI]",16,16,PASS,FAIL,PASS,PASS,-0.974057,-17.209963,FAIL,Failed: HARP/NOAA mapping,0.094625,0.124,NOT_AVAILABLE_IN_INPUT,This query does not include CMASK/effective-pixel fields. It does not claim that measurement-driven trends are excluded.,NOT_FORMAL_INDEPENDENT_CONTROL,2012-07-12T15:37:00Z,12.826,PASS,0,0,CATALOG_CLEAN_BUT_STRICT_DATA_GATE_FAIL,Failed: HARP/NOAA mapping,NO
SHRGT45_严格阴性对照前推检索_20260807,NOAA11520_X1.4_20120712,1834,11520,2012-07-12T02:59:25Z,2012.07.12_03:00:00_TAI,"[2012.07.12_00:00:00_TAI, 2012.07.12_03:00:00_TAI]",16,16,PASS,FAIL,PASS,PASS,-0.869565,-17.207523,FAIL,Failed: HARP/NOAA mapping,0.088132,0.127,NOT_AVAILABLE_IN_INPUT,This query does not include CMASK/effective-pixel fields. It does not claim that measurement-driven trends are excluded.,NOT_FORMAL_INDEPENDENT_CONTROL,2012-07-12T15:37:00Z,12.626,PASS,0,0,CATALOG_CLEAN_BUT_STRICT_DATA_GATE_FAIL,Failed: HARP/NOAA mapping,NO
SHRGT45_严格阴性对照前推检索_20260807,NOAA11520_X1.4_20120712,1834,11520,2012-07-12T03:11:25Z,2012.07.12_03:12:00_TAI,"[2012.07.12_00:12:00_TAI, 2012.07.12_03:12:00_TAI]",16,16,PASS,FAIL,PASS,PASS,-0.755493,-17.194773,FAIL,Failed: HARP/NOAA mapping,0.050544,0.014,NOT_AVAILABLE_IN_INPUT,This query does not include CMASK/effective-pixel fields. It does not claim that measurement-driven trends are excluded.,NOT_FORMAL_INDEPENDENT_CONTROL,2012-07-12T15:37:00Z,12.426,PASS,0,0,CATALOG_CLEAN_BUT_STRICT_DATA_GATE_FAIL,Failed: HARP/NOAA mapping,NO
SHRGT45_严格阴性对照前推检索_20260807,NOAA11520_X1.4_20120712,1834,11520,2012-07-12T03:23:25Z,2012.07.12_03:24:00_TAI,"[2012.07.12_00:24:00_TAI, 2012.07.12_03:24:00_TAI]",16,16,PASS,FAIL,PASS,PASS,-0.648620,-17.192154,FAIL,Failed: HARP/NOAA mapping,-0.000596,-0.159,NOT_AVAILABLE_IN_INPUT,This query does not include CMASK/effective-pixel fields. It does not claim that measurement-driven trends are excluded.,NOT_FORMAL_INDEPENDENT_CONTROL,2012-07-12T15:37:00Z,12.226,PASS,0,0,CATALOG_CLEAN_BUT_STRICT_DATA_GATE_FAIL,Failed: HARP/NOAA mapping,NO
SHRGT45_严格阴性对照前推检索_20260807,NOAA12192_X1.1_20141019,4698,12192,2014-10-16T17:11:25Z,2014.10.16_17:12:00_TAI,"[2014.10.16_14:12:00_TAI, 2014.10.16_17:12:00_TAI]",16,16,PASS,PASS,PASS,FAIL,-82.224312,-14.308385,FAIL,Failed: T0 disk position,1.266449,6.325,NOT_AVAILABLE_IN_INPUT,This query does not include CMASK/effective-pixel fields. It does not claim that measurement-driven trends are excluded.,NOT_FORMAL_INDEPENDENT_CONTROL,2014-10-19T04:17:00Z,59.093,PASS,0,0,CATALOG_CLEAN_BUT_STRICT_DATA_GATE_FAIL,Failed: T0 disk position,NO
SHRGT45_严格阴性对照前推检索_20260807,NOAA12192_X1.1_20141019,4698,12192,2014-10-16T17:23:25Z,2014.10.16_17:24:00_TAI,"[2014.10.16_14:24:00_TAI, 2014.10.16_17:24:00_TAI]",16,16,PASS,PASS,PASS,FAIL,-82.248627,-14.196268,FAIL,Failed: T0 disk position,1.120912,5.740,NOT_AVAILABLE_IN_INPUT,This query does not include CMASK/effective-pixel fields. It does not claim that measurement-driven trends are excluded.,NOT_FORMAL_INDEPENDENT_CONTROL,2014-10-19T04:17:00Z,58.893,PASS,0,0,CATALOG_CLEAN_BUT_STRICT_DATA_GATE_FAIL,Failed: T0 disk position,NO
SHRGT45_严格阴性对照前推检索_20260807,NOAA12192_X1.1_20141019,4698,12192,2014-10-16T17:35:25Z,2014.10.16_17:36:00_TAI,"[2014.10.16_14:36:00_TAI, 2014.10.16_17:36:00_TAI]",16,16,PASS,PASS,PASS,FAIL,-82.266678,-14.096629,FAIL,Failed: T0 disk position,0.339493,-1.974,NOT_AVAILABLE_IN_INPUT,This query does not include CMASK/effective-pixel fields. It does not claim that measurement-driven trends are excluded.,NOT_FORMAL_INDEPENDENT_CONTROL,2014-10-19T04:17:00Z,58.693,PASS,0,0,CATALOG_CLEAN_BUT_STRICT_DATA_GATE_FAIL,Failed: T0 disk position,NO
SHRGT45_严格阴性对照前推检索_20260807,NOAA12192_X1.1_20141019,4698,12192,2014-10-16T17:47:25Z,2014.10.16_17:48:00_TAI,"[2014.10.16_14:48:00_TAI, 2014.10.16_17:48:00_TAI]",16,16,PASS,PASS,PASS,FAIL,-82.303299,-13.954387,FAIL,Failed: T0 disk position,0.576221,-1.121,NOT_AVAILABLE_IN_INPUT,This query does not include CMASK/effective-pixel fields. It does not claim that measurement-driven trends are excluded.,NOT_FORMAL_INDEPENDENT_CONTROL,2014-10-19T04:17:00Z,58.493,PASS,0,0,CATALOG_CLEAN_BUT_STRICT_DATA_GATE_FAIL,Failed: T0 disk position,NO
SHRGT45_严格阴性对照前推检索_20260807,NOAA12192_X1.1_20141019,4698,12192,2014-10-16T17:59:25Z,2014.10.16_18:00:00_TAI,"[2014.10.16_15:00:00_TAI, 2014.10.16_18:00:00_TAI]",16,16,PASS,PASS,FAIL,FAIL,-82.251183,-13.841381,FAIL,Failed: all QUALITY=0; T0 disk position,0.655941,-2.348,NOT_AVAILABLE_IN_INPUT,This query does not include CMASK/effective-pixel fields. It does not claim that measurement-driven trends are excluded.,NOT_FORMAL_INDEPENDENT_CONTROL,2014-10-19T04:17:00Z,58.293,PASS,0,0,CATALOG_CLEAN_BUT_STRICT_DATA_GATE_FAIL,Failed: all QUALITY=0; T0 disk position,NO
SHRGT45_严格阴性对照前推检索_20260807,NOAA12192_X1.1_20141019,4698,12192,2014-10-16T18:11:25Z,2014.10.16_18:12:00_TAI,"[2014.10.16_15:12:00_TAI, 2014.10.16_18:12:00_TAI]",16,16,PASS,PASS,FAIL,FAIL,-82.283958,-13.753545,FAIL,Failed: all QUALITY=0; T0 disk position,0.849493,3.206,NOT_AVAILABLE_IN_INPUT,This query does not include CMASK/effective-pixel fields. It does not claim that measurement-driven trends are excluded.,NOT_FORMAL_INDEPENDENT_CONTROL,2014-10-19T04:17:00Z,58.093,PASS,0,0,CATALOG_CLEAN_BUT_STRICT_DATA_GATE_FAIL,Failed: all QUALITY=0; T0 disk position,NO
SHRGT45_严格阴性对照前推检索_20260807,NOAA12192_X1.1_20141019,4698,12192,2014-10-16T18:23:25Z,2014.10.16_18:24:00_TAI,"[2014.10.16_15:24:00_TAI, 2014.10.16_18:24:00_TAI]",16,16,PASS,PASS,FAIL,FAIL,-82.341324,-13.616760,FAIL,Failed: all QUALITY=0; T0 disk position,0.617368,2.213,NOT_AVAILABLE_IN_INPUT,This query does not include CMASK/effective-pixel fields. It does not claim that measurement-driven trends are excluded.,NOT_FORMAL_INDEPENDENT_CONTROL,2014-10-19T04:17:00Z,57.893,PASS,0,0,CATALOG_CLEAN_BUT_STRICT_DATA_GATE_FAIL,Failed: all QUALITY=0; T0 disk position,NO
SHRGT45_严格阴性对照前推检索_20260807,NOAA12192_X1.1_20141019,4698,12192,2014-10-16T18:35:25Z,2014.10.16_18:36:00_TAI,"[2014.10.16_15:36:00_TAI, 2014.10.16_18:36:00_TAI]",16,16,PASS,PASS,FAIL,FAIL,-82.334167,-13.527362,FAIL,Failed: all QUALITY=0; T0 disk position,0.596669,2.506,NOT_AVAILABLE_IN_INPUT,This query does not include CMASK/effective-pixel fields. It does not claim that measurement-driven trends are excluded.,NOT_FORMAL_INDEPENDENT_CONTROL,2014-10-19T04:17:00Z,57.693,PASS,0,0,CATALOG_CLEAN_BUT_STRICT_DATA_GATE_FAIL,Failed: all QUALITY=0; T0 disk position,NO
SHRGT45_严格阴性对照前推检索_20260807,NOAA12192_X1.1_20141019,4698,12192,2014-10-16T18:47:25Z,2014.10.16_18:48:00_TAI,"[2014.10.16_15:48:00_TAI, 2014.10.16_18:48:00_TAI]",16,16,PASS,PASS,FAIL,FAIL,-82.321358,-13.452066,FAIL,Failed: all QUALITY=0; T0 disk position,0.506250,2.062,NOT_AVAILABLE_IN_INPUT,This query does not include CMASK/effective-pixel fields. It does not claim that measurement-driven trends are excluded.,NOT_FORMAL_INDEPENDENT_CONTROL,2014-10-19T04:17:00Z,57.493,PASS,0,0,CATALOG_CLEAN_BUT_STRICT_DATA_GATE_FAIL,Failed: all QUALITY=0; T0 disk position,NO
SHRGT45_严格阴性对照前推检索_20260807,NOAA12192_X1.1_20141019,4698,12192,2014-10-16T18:59:25Z,2014.10.16_19:00:00_TAI,"[2014.10.16_16:00:00_TAI, 2014.10.16_19:00:00_TAI]",16,16,PASS,PASS,FAIL,FAIL,-82.326820,-13.383675,FAIL,Failed: all QUALITY=0; T0 disk position,0.459625,2.443,NOT_AVAILABLE_IN_INPUT,This query does not include CMASK/effective-pixel fields. It does not claim that measurement-driven trends are excluded.,NOT_FORMAL_INDEPENDENT_CONTROL,2014-10-19T04:17:00Z,57.293,PASS,0,0,CATALOG_CLEAN_BUT_STRICT_DATA_GATE_FAIL,Failed: all QUALITY=0; T0 disk position,NO
SHRGT45_严格阴性对照前推检索_20260807,NOAA12192_X1.1_20141019,4698,12192,2014-10-16T19:11:25Z,2014.10.16_19:12:00_TAI,"[2014.10.16_16:12:00_TAI, 2014.10.16_19:12:00_TAI]",16,16,PASS,PASS,FAIL,FAIL,-82.304329,-13.312916,FAIL,Failed: all QUALITY=0; T0 disk position,0.503581,4.378,NOT_AVAILABLE_IN_INPUT,This query does not include CMASK/effective-pixel fields. It does not claim that measurement-driven trends are excluded.,NOT_FORMAL_INDEPENDENT_CONTROL,2014-10-19T04:17:00Z,57.093,PASS,0,0,CATALOG_CLEAN_BUT_STRICT_DATA_GATE_FAIL,Failed: all QUALITY=0; T0 disk position,NO
SHRGT45_严格阴性对照前推检索_20260807,NOAA12192_X1.1_20141019,4698,12192,2014-10-16T19:23:25Z,2014.10.16_19:24:00_TAI,"[2014.10.16_16:24:00_TAI, 2014.10.16_19:24:00_TAI]",16,16,PASS,PASS,FAIL,FAIL,-82.303696,-13.261956,FAIL,Failed: all QUALITY=0; T0 disk position,0.158890,1.806,NOT_AVAILABLE_IN_INPUT,This query does not include CMASK/effective-pixel fields. It does not claim that measurement-driven trends are excluded.,NOT_FORMAL_INDEPENDENT_CONTROL,2014-10-19T04:17:00Z,56.893,PASS,0,0,CATALOG_CLEAN_BUT_STRICT_DATA_GATE_FAIL,Failed: all QUALITY=0; T0 disk position,NO
SHRGT45_严格阴性对照前推检索_20260807,NOAA12192_X1.1_20141019,4698,12192,2014-10-16T19:35:25Z,2014.10.16_19:36:00_TAI,"[2014.10.16_16:36:00_TAI, 2014.10.16_19:36:00_TAI]",16,16,PASS,PASS,FAIL,FAIL,-82.302284,-13.226207,FAIL,Failed: all QUALITY=0; T0 disk position,-0.157875,-2.749,NOT_AVAILABLE_IN_INPUT,This query does not include CMASK/effective-pixel fields. It does not claim that measurement-driven trends are excluded.,NOT_FORMAL_INDEPENDENT_CONTROL,2014-10-19T04:17:00Z,56.693,PASS,0,0,CATALOG_CLEAN_BUT_STRICT_DATA_GATE_FAIL,Failed: all QUALITY=0; T0 disk position,NO
SHRGT45_严格阴性对照前推检索_20260807,NOAA12192_X1.1_20141019,4698,12192,2014-10-16T19:47:25Z,2014.10.16_19:48:00_TAI,"[2014.10.16_16:48:00_TAI, 2014.10.16_19:48:00_TAI]",16,16,PASS,PASS,FAIL,FAIL,-82.263046,-13.204178,FAIL,Failed: all QUALITY=0; T0 disk position,0.107221,1.593,NOT_AVAILABLE_IN_INPUT,This query does not include CMASK/effective-pixel fields. It does not claim that measurement-driven trends are excluded.,NOT_FORMAL_INDEPENDENT_CONTROL,2014-10-19T04:17:00Z,56.493,PASS,0,0,CATALOG_CLEAN_BUT_STRICT_DATA_GATE_FAIL,Failed: all QUALITY=0; T0 disk position,NO
SHRGT45_严格阴性对照前推检索_20260807,NOAA12192_X1.1_20141019,4698,12192,2014-10-16T19:59:25Z,2014.10.16_20:00:00_TAI,"[2014.10.16_17:00:00_TAI, 2014.10.16_20:00:00_TAI]",16,16,PASS,PASS,FAIL,FAIL,-82.237801,-13.150711,FAIL,Failed: all QUALITY=0; T0 disk position,-0.019272,0.122,NOT_AVAILABLE_IN_INPUT,This query does not include CMASK/effective-pixel fields. It does not claim that measurement-driven trends are excluded.,NOT_FORMAL_INDEPENDENT_CONTROL,2014-10-19T04:17:00Z,56.293,PASS,0,0,CATALOG_CLEAN_BUT_STRICT_DATA_GATE_FAIL,Failed: all QUALITY=0; T0 disk position,NO
SHRGT45_严格阴性对照前推检索_20260807,NOAA12192_X1.1_20141019,4698,12192,2014-10-16T20:11:25Z,2014.10.16_20:12:00_TAI,"[2014.10.16_17:12:00_TAI, 2014.10.16_20:12:00_TAI]",16,16,PASS,PASS,FAIL,FAIL,-82.234428,-13.123693,FAIL,Failed: all QUALITY=0; T0 disk position,-0.160022,-5.724,NOT_AVAILABLE_IN_INPUT,This query does not include CMASK/effective-pixel fields. It does not claim that measurement-driven trends are excluded.,NOT_FORMAL_INDEPENDENT_CONTROL,2014-10-19T04:17:00Z,56.093,PASS,0,0,CATALOG_CLEAN_BUT_STRICT_DATA_GATE_FAIL,Failed: all QUALITY=0; T0 disk position,NO
SHRGT45_严格阴性对照前推检索_20260807,NOAA12192_X1.1_20141019,4698,12192,2014-10-16T20:23:25Z,2014.10.16_20:24:00_TAI,"[2014.10.16_17:24:00_TAI, 2014.10.16_20:24:00_TAI]",16,16,PASS,PASS,FAIL,FAIL,-82.166153,-13.156231,FAIL,Failed: all QUALITY=0; T0 disk position,0.306419,0.844,NOT_AVAILABLE_IN_INPUT,This query does not include CMASK/effective-pixel fields. It does not claim that measurement-driven trends are excluded.,NOT_FORMAL_INDEPENDENT_CONTROL,2014-10-19T04:17:00Z,55.893,PASS,0,0,CATALOG_CLEAN_BUT_STRICT_DATA_GATE_FAIL,Failed: all QUALITY=0; T0 disk position,NO
SHRGT45_严格阴性对照前推检索_20260807,NOAA12192_X1.1_20141019,4698,12192,2014-10-16T20:35:25Z,2014.10.16_20:36:00_TAI,"[2014.10.16_17:36:00_TAI, 2014.10.16_20:36:00_TAI]",16,16,PASS,PASS,FAIL,FAIL,-82.149872,-13.126595,FAIL,Failed: all QUALITY=0; T0 disk position,0.140265,0.806,NOT_AVAILABLE_IN_INPUT,This query does not include CMASK/effective-pixel fields. It does not claim that measurement-driven trends are excluded.,NOT_FORMAL_INDEPENDENT_CONTROL,2014-10-19T04:17:00Z,55.693,PASS,0,0,CATALOG_CLEAN_BUT_STRICT_DATA_GATE_FAIL,Failed: all QUALITY=0; T0 disk position,NO
SHRGT45_严格阴性对照前推检索_20260807,NOAA12192_X1.1_20141019,4698,12192,2014-10-16T20:47:25Z,2014.10.16_20:48:00_TAI,"[2014.10.16_17:48:00_TAI, 2014.10.16_20:48:00_TAI]",16,16,PASS,PASS,FAIL,FAIL,-82.101501,-13.142436,FAIL,Failed: all QUALITY=0; T0 disk position,0.172257,1.456,NOT_AVAILABLE_IN_INPUT,This query does not include CMASK/effective-pixel fields. It does not claim that measurement-driven trends are excluded.,NOT_FORMAL_INDEPENDENT_CONTROL,2014-10-19T04:17:00Z,55.493,PASS,0,0,CATALOG_CLEAN_BUT_STRICT_DATA_GATE_FAIL,Failed: all QUALITY=0; T0 disk position,NO
SHRGT45_严格阴性对照前推检索_20260807,NOAA12192_X1.1_20141019,4698,12192,2014-10-16T20:59:25Z,2014.10.16_21:00:00_TAI,"[2014.10.16_18:00:00_TAI, 2014.10.16_21:00:00_TAI]",16,16,PASS,PASS,FAIL,FAIL,-82.045563,-13.131873,FAIL,Failed: all QUALITY=0; T0 disk position,0.130007,1.697,NOT_AVAILABLE_IN_INPUT,This query does not include CMASK/effective-pixel fields. It does not claim that measurement-driven trends are excluded.,NOT_FORMAL_INDEPENDENT_CONTROL,2014-10-19T04:17:00Z,55.293,PASS,0,0,CATALOG_CLEAN_BUT_STRICT_DATA_GATE_FAIL,Failed: all QUALITY=0; T0 disk position,NO
SHRGT45_严格阴性对照前推检索_20260807,NOAA12192_X1.1_20141019,4698,12192,2014-10-16T21:11:25Z,2014.10.16_21:12:00_TAI,"[2014.10.16_18:12:00_TAI, 2014.10.16_21:12:00_TAI]",16,16,PASS,PASS,FAIL,FAIL,-82.014519,-13.092489,FAIL,Failed: all QUALITY=0; T0 disk position,-0.138375,0.381,NOT_AVAILABLE_IN_INPUT,This query does not include CMASK/effective-pixel fields. It does not claim that measurement-driven trends are excluded.,NOT_FORMAL_INDEPENDENT_CONTROL,2014-10-19T04:17:00Z,55.093,PASS,0,0,CATALOG_CLEAN_BUT_STRICT_DATA_GATE_FAIL,Failed: all QUALITY=0; T0 disk position,NO
SHRGT45_严格阴性对照前推检索_20260807,NOAA12192_X1.1_20141019,4698,12192,2014-10-16T21:23:25Z,2014.10.16_21:24:00_TAI,"[2014.10.16_18:24:00_TAI, 2014.10.16_21:24:00_TAI]",16,16,PASS,PASS,PASS,FAIL,-81.964951,-13.085835,FAIL,Failed: T0 disk position,-0.192985,0.248,NOT_AVAILABLE_IN_INPUT,This query does not include CMASK/effective-pixel fields. It does not claim that measurement-driven trends are excluded.,NOT_FORMAL_INDEPENDENT_CONTROL,2014-10-19T04:17:00Z,54.893,PASS,0,0,CATALOG_CLEAN_BUT_STRICT_DATA_GATE_FAIL,Failed: T0 disk position,NO
SHRGT45_严格阴性对照前推检索_20260807,NOAA12192_X1.1_20141019,4698,12192,2014-10-16T21:35:25Z,2014.10.16_21:36:00_TAI,"[2014.10.16_18:36:00_TAI, 2014.10.16_21:36:00_TAI]",16,16,PASS,PASS,PASS,FAIL,-81.948441,-13.110084,FAIL,Failed: T0 disk position,-0.213632,-0.630,NOT_AVAILABLE_IN_INPUT,This query does not include CMASK/effective-pixel fields. It does not claim that measurement-driven trends are excluded.,NOT_FORMAL_INDEPENDENT_CONTROL,2014-10-19T04:17:00Z,54.693,PASS,0,0,CATALOG_CLEAN_BUT_STRICT_DATA_GATE_FAIL,Failed: T0 disk position,NO
SHRGT45_严格阴性对照前推检索_20260807,NOAA12192_X1.1_20141019,4698,12192,2014-10-16T21:47:25Z,2014.10.16_21:48:00_TAI,"[2014.10.16_18:48:00_TAI, 2014.10.16_21:48:00_TAI]",16,16,PASS,PASS,PASS,FAIL,-81.888275,-13.059123,FAIL,Failed: T0 disk position,-0.111853,0.401,NOT_AVAILABLE_IN_INPUT,This query does not include CMASK/effective-pixel fields. It does not claim that measurement-driven trends are excluded.,NOT_FORMAL_INDEPENDENT_CONTROL,2014-10-19T04:17:00Z,54.493,PASS,0,0,CATALOG_CLEAN_BUT_STRICT_DATA_GATE_FAIL,Failed: T0 disk position,NO
SHRGT45_严格阴性对照前推检索_20260807,NOAA12192_X1.1_20141019,4698,12192,2014-10-16T21:59:25Z,2014.10.16_22:00:00_TAI,"[2014.10.16_19:00:00_TAI, 2014.10.16_22:00:00_TAI]",16,16,PASS,PASS,PASS,FAIL,-81.827271,-13.056167,FAIL,Failed: T0 disk position,-0.133765,-0.895,NOT_AVAILABLE_IN_INPUT,This query does not include CMASK/effective-pixel fields. It does not claim that measurement-driven trends are excluded.,NOT_FORMAL_INDEPENDENT_CONTROL,2014-10-19T04:17:00Z,54.293,PASS,0,0,CATALOG_CLEAN_BUT_STRICT_DATA_GATE_FAIL,Failed: T0 disk position,NO
SHRGT45_严格阴性对照前推检索_20260807,NOAA12192_X1.1_20141019,4698,12192,2014-10-16T22:11:25Z,2014.10.16_22:12:00_TAI,"[2014.10.16_19:12:00_TAI, 2014.10.16_22:12:00_TAI]",16,16,PASS,PASS,PASS,FAIL,-81.764023,-13.021158,FAIL,Failed: T0 disk position,0.167632,0.389,NOT_AVAILABLE_IN_INPUT,This query does not include CMASK/effective-pixel fields. It does not claim that measurement-driven trends are excluded.,NOT_FORMAL_INDEPENDENT_CONTROL,2014-10-19T04:17:00Z,54.093,PASS,0,0,CATALOG_CLEAN_BUT_STRICT_DATA_GATE_FAIL,Failed: T0 disk position,NO
SHRGT45_严格阴性对照前推检索_20260807,NOAA12192_X1.1_20141019,4698,12192,2014-10-16T22:23:25Z,2014.10.16_22:24:00_TAI,"[2014.10.16_19:24:00_TAI, 2014.10.16_22:24:00_TAI]",16,16,PASS,PASS,PASS,FAIL,-81.689751,-12.989397,FAIL,Failed: T0 disk position,0.509301,1.811,NOT_AVAILABLE_IN_INPUT,This query does not include CMASK/effective-pixel fields. It does not claim that measurement-driven trends are excluded.,NOT_FORMAL_INDEPENDENT_CONTROL,2014-10-19T04:17:00Z,53.893,PASS,0,0,CATALOG_CLEAN_BUT_STRICT_DATA_GATE_FAIL,Failed: T0 disk position,NO
SHRGT45_严格阴性对照前推检索_20260807,NOAA12192_X1.1_20141019,4698,12192,2014-10-16T22:35:25Z,2014.10.16_22:36:00_TAI,"[2014.10.16_19:36:00_TAI, 2014.10.16_22:36:00_TAI]",16,16,PASS,PASS,PASS,FAIL,-81.583588,-13.004122,FAIL,Failed: T0 disk position,0.457390,0.562,NOT_AVAILABLE_IN_INPUT,This query does not include CMASK/effective-pixel fields. It does not claim that measurement-driven trends are excluded.,NOT_FORMAL_INDEPENDENT_CONTROL,2014-10-19T04:17:00Z,53.693,PASS,0,0,CATALOG_CLEAN_BUT_STRICT_DATA_GATE_FAIL,Failed: T0 disk position,NO
SHRGT45_严格阴性对照前推检索_20260807,NOAA12192_X1.1_20141019,4698,12192,2014-10-16T22:47:25Z,2014.10.16_22:48:00_TAI,"[2014.10.16_19:48:00_TAI, 2014.10.16_22:48:00_TAI]",16,16,PASS,PASS,PASS,FAIL,-81.514679,-13.003262,FAIL,Failed: T0 disk position,0.493279,1.079,NOT_AVAILABLE_IN_INPUT,This query does not include CMASK/effective-pixel fields. It does not claim that measurement-driven trends are excluded.,NOT_FORMAL_INDEPENDENT_CONTROL,2014-10-19T04:17:00Z,53.493,PASS,0,0,CATALOG_CLEAN_BUT_STRICT_DATA_GATE_FAIL,Failed: T0 disk position,NO
SHRGT45_严格阴性对照前推检索_20260807,NOAA12192_X1.1_20141019,4698,12192,2014-10-16T22:59:25Z,2014.10.16_23:00:00_TAI,"[2014.10.16_20:00:00_TAI, 2014.10.16_23:00:00_TAI]",16,16,PASS,PASS,PASS,FAIL,-81.401550,-13.028552,FAIL,Failed: T0 disk position,0.720213,1.951,NOT_AVAILABLE_IN_INPUT,This query does not include CMASK/effective-pixel fields. It does not claim that measurement-driven trends are excluded.,NOT_FORMAL_INDEPENDENT_CONTROL,2014-10-19T04:17:00Z,53.293,PASS,0,0,CATALOG_CLEAN_BUT_STRICT_DATA_GATE_FAIL,Failed: T0 disk position,NO
SHRGT45_严格阴性对照前推检索_20260807,NOAA12192_X1.1_20141019,4698,12192,2014-10-16T23:11:25Z,2014.10.16_23:12:00_TAI,"[2014.10.16_20:12:00_TAI, 2014.10.16_23:12:00_TAI]",16,16,PASS,PASS,PASS,FAIL,-81.266808,-13.021469,FAIL,Failed: T0 disk position,1.044632,4.679,NOT_AVAILABLE_IN_INPUT,This query does not include CMASK/effective-pixel fields. It does not claim that measurement-driven trends are excluded.,NOT_FORMAL_INDEPENDENT_CONTROL,2014-10-19T04:17:00Z,53.093,PASS,0,0,CATALOG_CLEAN_BUT_STRICT_DATA_GATE_FAIL,Failed: T0 disk position,NO
SHRGT45_严格阴性对照前推检索_20260807,NOAA12192_X1.1_20141019,4698,12192,2014-10-16T23:23:25Z,2014.10.16_23:24:00_TAI,"[2014.10.16_20:24:00_TAI, 2014.10.16_23:24:00_TAI]",16,16,PASS,PASS,PASS,FAIL,-81.162491,-13.013577,FAIL,Failed: T0 disk position,0.948625,2.595,NOT_AVAILABLE_IN_INPUT,This query does not include CMASK/effective-pixel fields. It does not claim that measurement-driven trends are excluded.,NOT_FORMAL_INDEPENDENT_CONTROL,2014-10-19T04:17:00Z,52.893,PASS,0,0,CATALOG_CLEAN_BUT_STRICT_DATA_GATE_FAIL,Failed: T0 disk position,NO
SHRGT45_严格阴性对照前推检索_20260807,NOAA12192_X1.1_20141019,4698,12192,2014-10-16T23:35:25Z,2014.10.16_23:36:00_TAI,"[2014.10.16_20:36:00_TAI, 2014.10.16_23:36:00_TAI]",16,16,PASS,PASS,PASS,FAIL,-81.063499,-13.027856,FAIL,Failed: T0 disk position,1.123941,4.456,NOT_AVAILABLE_IN_INPUT,This query does not include CMASK/effective-pixel fields. It does not claim that measurement-driven trends are excluded.,NOT_FORMAL_INDEPENDENT_CONTROL,2014-10-19T04:17:00Z,52.693,PASS,0,0,CATALOG_CLEAN_BUT_STRICT_DATA_GATE_FAIL,Failed: T0 disk position,NO
SHRGT45_严格阴性对照前推检索_20260807,NOAA12192_X1.1_20141019,4698,12192,2014-10-16T23:47:25Z,2014.10.16_23:48:00_TAI,"[2014.10.16_20:48:00_TAI, 2014.10.16_23:48:00_TAI]",16,16,PASS,PASS,PASS,FAIL,-80.940247,-12.995625,FAIL,Failed: T0 disk position,1.164794,1.965,NOT_AVAILABLE_IN_INPUT,This query does not include CMASK/effective-pixel fields. It does not claim that measurement-driven trends are excluded.,NOT_FORMAL_INDEPENDENT_CONTROL,2014-10-19T04:17:00Z,52.493,PASS,0,0,CATALOG_CLEAN_BUT_STRICT_DATA_GATE_FAIL,Failed: T0 disk position,NO
SHRGT45_严格阴性对照前推检索_20260807,NOAA12192_X1.1_20141019,4698,12192,2014-10-16T23:59:25Z,2014.10.17_00:00:00_TAI,"[2014.10.16_21:00:00_TAI, 2014.10.17_00:00:00_TAI]",16,16,PASS,PASS,PASS,FAIL,-80.814308,-12.979664,FAIL,Failed: T0 disk position,1.245684,2.419,NOT_AVAILABLE_IN_INPUT,This query does not include CMASK/effective-pixel fields. It does not claim that measurement-driven trends are excluded.,NOT_FORMAL_INDEPENDENT_CONTROL,2014-10-19T04:17:00Z,52.293,PASS,0,0,CATALOG_CLEAN_BUT_STRICT_DATA_GATE_FAIL,Failed: T0 disk position,NO
SHRGT45_严格阴性对照前推检索_20260807,NOAA12192_X1.1_20141019,4698,12192,2014-10-17T00:11:25Z,2014.10.17_00:12:00_TAI,"[2014.10.16_21:12:00_TAI, 2014.10.17_00:12:00_TAI]",16,16,PASS,PASS,PASS,FAIL,-80.740158,-12.990676,FAIL,Failed: T0 disk position,1.111551,2.375,NOT_AVAILABLE_IN_INPUT,This query does not include CMASK/effective-pixel fields. It does not claim that measurement-driven trends are excluded.,NOT_FORMAL_INDEPENDENT_CONTROL,2014-10-19T04:17:00Z,52.093,PASS,0,0,CATALOG_CLEAN_BUT_STRICT_DATA_GATE_FAIL,Failed: T0 disk position,NO
SHRGT45_严格阴性对照前推检索_20260807,NOAA12192_X1.1_20141019,4698,12192,2014-10-17T00:23:25Z,2014.10.17_00:24:00_TAI,"[2014.10.16_21:24:00_TAI, 2014.10.17_00:24:00_TAI]",16,16,PASS,PASS,PASS,FAIL,-80.629875,-12.988369,FAIL,Failed: T0 disk position,0.974147,1.989,NOT_AVAILABLE_IN_INPUT,This query does not include CMASK/effective-pixel fields. It does not claim that measurement-driven trends are excluded.,NOT_FORMAL_INDEPENDENT_CONTROL,2014-10-19T04:17:00Z,51.893,PASS,0,0,CATALOG_CLEAN_BUT_STRICT_DATA_GATE_FAIL,Failed: T0 disk position,NO
SHRGT45_严格阴性对照前推检索_20260807,NOAA12192_X1.1_20141019,4698,12192,2014-10-17T00:35:25Z,2014.10.17_00:36:00_TAI,"[2014.10.16_21:36:00_TAI, 2014.10.17_00:36:00_TAI]",16,16,PASS,PASS,PASS,FAIL,-80.536713,-12.944370,FAIL,Failed: T0 disk position,0.896610,2.589,NOT_AVAILABLE_IN_INPUT,This query does not include CMASK/effective-pixel fields. It does not claim that measurement-driven trends are excluded.,NOT_FORMAL_INDEPENDENT_CONTROL,2014-10-19T04:17:00Z,51.693,PASS,0,0,CATALOG_CLEAN_BUT_STRICT_DATA_GATE_FAIL,Failed: T0 disk position,NO
SHRGT45_严格阴性对照前推检索_20260807,NOAA12192_X1.1_20141019,4698,12192,2014-10-17T00:47:25Z,2014.10.17_00:48:00_TAI,"[2014.10.16_21:48:00_TAI, 2014.10.17_00:48:00_TAI]",16,16,PASS,PASS,PASS,FAIL,-80.394234,-12.959052,FAIL,Failed: T0 disk position,0.761037,2.260,NOT_AVAILABLE_IN_INPUT,This query does not include CMASK/effective-pixel fields. It does not claim that measurement-driven trends are excluded.,NOT_FORMAL_INDEPENDENT_CONTROL,2014-10-19T04:17:00Z,51.493,PASS,0,0,CATALOG_CLEAN_BUT_STRICT_DATA_GATE_FAIL,Failed: T0 disk position,NO
SHRGT45_严格阴性对照前推检索_20260807,NOAA12192_X1.1_20141019,4698,12192,2014-10-17T00:59:25Z,2014.10.17_01:00:00_TAI,"[2014.10.16_22:00:00_TAI, 2014.10.17_01:00:00_TAI]",16,16,PASS,PASS,PASS,FAIL,-80.317169,-12.953486,FAIL,Failed: T0 disk position,0.826824,4.424,NOT_AVAILABLE_IN_INPUT,This query does not include CMASK/effective-pixel fields. It does not claim that measurement-driven trends are excluded.,NOT_FORMAL_INDEPENDENT_CONTROL,2014-10-19T04:17:00Z,51.293,PASS,0,0,CATALOG_CLEAN_BUT_STRICT_DATA_GATE_FAIL,Failed: T0 disk position,NO
SHRGT45_严格阴性对照前推检索_20260807,NOAA12192_X1.1_20141019,4698,12192,2014-10-17T01:11:25Z,2014.10.17_01:12:00_TAI,"[2014.10.16_22:12:00_TAI, 2014.10.17_01:12:00_TAI]",16,16,PASS,PASS,PASS,FAIL,-80.235344,-12.944746,FAIL,Failed: T0 disk position,0.825456,2.889,NOT_AVAILABLE_IN_INPUT,This query does not include CMASK/effective-pixel fields. It does not claim that measurement-driven trends are excluded.,NOT_FORMAL_INDEPENDENT_CONTROL,2014-10-19T04:17:00Z,51.093,PASS,0,0,CATALOG_CLEAN_BUT_STRICT_DATA_GATE_FAIL,Failed: T0 disk position,NO
SHRGT45_严格阴性对照前推检索_20260807,NOAA12192_X1.1_20141019,4698,12192,2014-10-17T01:23:25Z,2014.10.17_01:24:00_TAI,"[2014.10.16_22:24:00_TAI, 2014.10.17_01:24:00_TAI]",16,16,PASS,PASS,PASS,FAIL,-80.130890,-12.927108,FAIL,Failed: T0 disk position,1.088993,3.975,NOT_AVAILABLE_IN_INPUT,This query does not include CMASK/effective-pixel fields. It does not claim that measurement-driven trends are excluded.,NOT_FORMAL_INDEPENDENT_CONTROL,2014-10-19T04:17:00Z,50.893,PASS,0,0,CATALOG_CLEAN_BUT_STRICT_DATA_GATE_FAIL,Failed: T0 disk position,NO
SHRGT45_严格阴性对照前推检索_20260807,NOAA12192_X1.1_20141019,4698,12192,2014-10-17T01:35:25Z,2014.10.17_01:36:00_TAI,"[2014.10.16_22:36:00_TAI, 2014.10.17_01:36:00_TAI]",16,16,PASS,PASS,PASS,FAIL,-80.014435,-12.895603,FAIL,Failed: T0 disk position,1.101721,4.136,NOT_AVAILABLE_IN_INPUT,This query does not include CMASK/effective-pixel fields. It does not claim that measurement-driven trends are excluded.,NOT_FORMAL_INDEPENDENT_CONTROL,2014-10-19T04:17:00Z,50.693,PASS,0,0,CATALOG_CLEAN_BUT_STRICT_DATA_GATE_FAIL,Failed: T0 disk position,NO
SHRGT45_严格阴性对照前推检索_20260807,NOAA12192_X1.1_20141019,4698,12192,2014-10-17T01:47:25Z,2014.10.17_01:48:00_TAI,"[2014.10.16_22:48:00_TAI, 2014.10.17_01:48:00_TAI]",16,16,PASS,PASS,PASS,FAIL,-79.892387,-12.949470,FAIL,Failed: T0 disk position,1.147154,5.362,NOT_AVAILABLE_IN_INPUT,This query does not include CMASK/effective-pixel fields. It does not claim that measurement-driven trends are excluded.,NOT_FORMAL_INDEPENDENT_CONTROL,2014-10-19T04:17:00Z,50.493,PASS,0,0,CATALOG_CLEAN_BUT_STRICT_DATA_GATE_FAIL,Failed: T0 disk position,NO
SHRGT45_严格阴性对照前推检索_20260807,NOAA12192_X1.1_20141019,4698,12192,2014-10-17T01:59:25Z,2014.10.17_02:00:00_TAI,"[2014.10.16_23:00:00_TAI, 2014.10.17_02:00:00_TAI]",16,16,PASS,PASS,PASS,FAIL,-79.829109,-12.914656,FAIL,Failed: T0 disk position,1.182338,3.591,NOT_AVAILABLE_IN_INPUT,This query does not include CMASK/effective-pixel fields. It does not claim that measurement-driven trends are excluded.,NOT_FORMAL_INDEPENDENT_CONTROL,2014-10-19T04:17:00Z,50.293,PASS,0,0,CATALOG_CLEAN_BUT_STRICT_DATA_GATE_FAIL,Failed: T0 disk position,NO
SHRGT45_严格阴性对照前推检索_20260807,NOAA12192_X1.1_20141019,4698,12192,2014-10-17T02:11:25Z,2014.10.17_02:12:00_TAI,"[2014.10.16_23:12:00_TAI, 2014.10.17_02:12:00_TAI]",16,16,PASS,PASS,PASS,FAIL,-79.738052,-12.906793,FAIL,Failed: T0 disk position,1.341846,3.181,NOT_AVAILABLE_IN_INPUT,This query does not include CMASK/effective-pixel fields. It does not claim that measurement-driven trends are excluded.,NOT_FORMAL_INDEPENDENT_CONTROL,2014-10-19T04:17:00Z,50.093,PASS,0,0,CATALOG_CLEAN_BUT_STRICT_DATA_GATE_FAIL,Failed: T0 disk position,NO
SHRGT45_严格阴性对照前推检索_20260807,NOAA12192_X1.1_20141019,4698,12192,2014-10-17T02:23:25Z,2014.10.17_02:24:00_TAI,"[2014.10.16_23:24:00_TAI, 2014.10.17_02:24:00_TAI]",16,16,PASS,PASS,PASS,FAIL,-79.654434,-12.961795,FAIL,Failed: T0 disk position,1.664463,5.544,NOT_AVAILABLE_IN_INPUT,This query does not include CMASK/effective-pixel fields. It does not claim that measurement-driven trends are excluded.,NOT_FORMAL_INDEPENDENT_CONTROL,2014-10-19T04:17:00Z,49.893,PASS,0,0,CATALOG_CLEAN_BUT_STRICT_DATA_GATE_FAIL,Failed: T0 disk position,NO
SHRGT45_严格阴性对照前推检索_20260807,NOAA12192_X1.1_20141019,4698,12192,2014-10-17T02:35:25Z,2014.10.17_02:36:00_TAI,"[2014.10.16_23:36:00_TAI, 2014.10.17_02:36:00_TAI]",16,16,PASS,PASS,PASS,FAIL,-79.591835,-12.963696,FAIL,Failed: T0 disk position,1.776507,3.652,NOT_AVAILABLE_IN_INPUT,This query does not include CMASK/effective-pixel fields. It does not claim that measurement-driven trends are excluded.,NOT_FORMAL_INDEPENDENT_CONTROL,2014-10-19T04:17:00Z,49.693,PASS,0,0,CATALOG_CLEAN_BUT_STRICT_DATA_GATE_FAIL,Failed: T0 disk position,NO
SHRGT45_严格阴性对照前推检索_20260807,NOAA12192_X1.1_20141019,4698,12192,2014-10-17T02:47:25Z,2014.10.17_02:48:00_TAI,"[2014.10.16_23:48:00_TAI, 2014.10.17_02:48:00_TAI]",16,16,PASS,PASS,PASS,FAIL,-79.569046,-12.937988,FAIL,Failed: T0 disk position,1.940838,3.377,NOT_AVAILABLE_IN_INPUT,This query does not include CMASK/effective-pixel fields. It does not claim that measurement-driven trends are excluded.,NOT_FORMAL_INDEPENDENT_CONTROL,2014-10-19T04:17:00Z,49.493,PASS,0,0,CATALOG_CLEAN_BUT_STRICT_DATA_GATE_FAIL,Failed: T0 disk position,NO
SHRGT45_严格阴性对照前推检索_20260807,NOAA12192_X1.1_20141019,4698,12192,2014-10-17T02:59:25Z,2014.10.17_03:00:00_TAI,"[2014.10.17_00:00:00_TAI, 2014.10.17_03:00:00_TAI]",16,16,PASS,PASS,PASS,FAIL,-79.505783,-12.963150,FAIL,Failed: T0 disk position,1.823890,3.143,NOT_AVAILABLE_IN_INPUT,This query does not include CMASK/effective-pixel fields. It does not claim that measurement-driven trends are excluded.,NOT_FORMAL_INDEPENDENT_CONTROL,2014-10-19T04:17:00Z,49.293,PASS,0,0,CATALOG_CLEAN_BUT_STRICT_DATA_GATE_FAIL,Failed: T0 disk position,NO
SHRGT45_严格阴性对照前推检索_20260807,NOAA12192_X1.1_20141019,4698,12192,2014-10-17T03:11:25Z,2014.10.17_03:12:00_TAI,"[2014.10.17_00:12:00_TAI, 2014.10.17_03:12:00_TAI]",16,16,PASS,PASS,PASS,FAIL,-79.473976,-12.954880,FAIL,Failed: T0 disk position,1.680022,4.491,NOT_AVAILABLE_IN_INPUT,This query does not include CMASK/effective-pixel fields. It does not claim that measurement-driven trends are excluded.,NOT_FORMAL_INDEPENDENT_CONTROL,2014-10-19T04:17:00Z,49.093,PASS,0,0,CATALOG_CLEAN_BUT_STRICT_DATA_GATE_FAIL,Failed: T0 disk position,NO
SHRGT45_严格阴性对照前推检索_20260807,NOAA12192_X1.1_20141019,4698,12192,2014-10-17T03:23:25Z,2014.10.17_03:24:00_TAI,"[2014.10.17_00:24:00_TAI, 2014.10.17_03:24:00_TAI]",16,16,PASS,PASS,PASS,FAIL,-79.447182,-12.981009,FAIL,Failed: T0 disk position,1.697426,6.309,NOT_AVAILABLE_IN_INPUT,This query does not include CMASK/effective-pixel fields. It does not claim that measurement-driven trends are excluded.,NOT_FORMAL_INDEPENDENT_CONTROL,2014-10-19T04:17:00Z,48.893,PASS,0,0,CATALOG_CLEAN_BUT_STRICT_DATA_GATE_FAIL,Failed: T0 disk position,NO
SHRGT45_严格阴性对照前推检索_20260807,NOAA12192_X1.1_20141019,4698,12192,2014-10-17T03:35:25Z,2014.10.17_03:36:00_TAI,"[2014.10.17_00:36:00_TAI, 2014.10.17_03:36:00_TAI]",16,16,PASS,PASS,PASS,FAIL,-79.451515,-12.966815,FAIL,Failed: T0 disk position,1.489257,4.683,NOT_AVAILABLE_IN_INPUT,This query does not include CMASK/effective-pixel fields. It does not claim that measurement-driven trends are excluded.,NOT_FORMAL_INDEPENDENT_CONTROL,2014-10-19T04:17:00Z,48.693,PASS,0,0,CATALOG_CLEAN_BUT_STRICT_DATA_GATE_FAIL,Failed: T0 disk position,NO
SHRGT45_严格阴性对照前推检索_20260807,NOAA12192_X1.1_20141019,4698,12192,2014-10-17T03:47:25Z,2014.10.17_03:48:00_TAI,"[2014.10.17_00:48:00_TAI, 2014.10.17_03:48:00_TAI]",16,16,PASS,PASS,PASS,FAIL,-79.412399,-12.953918,FAIL,Failed: T0 disk position,1.299574,5.056,NOT_AVAILABLE_IN_INPUT,This query does not include CMASK/effective-pixel fields. It does not claim that measurement-driven trends are excluded.,NOT_FORMAL_INDEPENDENT_CONTROL,2014-10-19T04:17:00Z,48.493,PASS,0,0,CATALOG_CLEAN_BUT_STRICT_DATA_GATE_FAIL,Failed: T0 disk position,NO
SHRGT45_严格阴性对照前推检索_20260807,NOAA12192_X1.1_20141019,4698,12192,2014-10-17T03:59:25Z,2014.10.17_04:00:00_TAI,"[2014.10.17_01:00:00_TAI, 2014.10.17_04:00:00_TAI]",16,16,PASS,PASS,PASS,FAIL,-79.378151,-12.939104,FAIL,Failed: T0 disk position,1.087485,3.729,NOT_AVAILABLE_IN_INPUT,This query does not include CMASK/effective-pixel fields. It does not claim that measurement-driven trends are excluded.,NOT_FORMAL_INDEPENDENT_CONTROL,2014-10-19T04:17:00Z,48.293,PASS,0,0,CATALOG_CLEAN_BUT_STRICT_DATA_GATE_FAIL,Failed: T0 disk position,NO
SHRGT45_严格阴性对照前推检索_20260807,NOAA12192_X1.1_20141019,4698,12192,2014-10-17T04:11:25Z,2014.10.17_04:12:00_TAI,"[2014.10.17_01:12:00_TAI, 2014.10.17_04:12:00_TAI]",16,16,PASS,PASS,PASS,FAIL,-79.351143,-12.944064,FAIL,Failed: T0 disk position,0.984456,3.070,NOT_AVAILABLE_IN_INPUT,This query does not include CMASK/effective-pixel fields. It does not claim that measurement-driven trends are excluded.,NOT_FORMAL_INDEPENDENT_CONTROL,2014-10-19T04:17:00Z,48.093,PASS,0,0,CATALOG_CLEAN_BUT_STRICT_DATA_GATE_FAIL,Failed: T0 disk position,NO
SHRGT45_严格阴性对照前推检索_20260807,NOAA12192_X1.1_20141019,4698,12192,2014-10-17T04:23:25Z,2014.10.17_04:24:00_TAI,"[2014.10.17_01:24:00_TAI, 2014.10.17_04:24:00_TAI]",16,16,PASS,PASS,PASS,FAIL,-79.324425,-12.939049,FAIL,Failed: T0 disk position,0.929147,2.660,NOT_AVAILABLE_IN_INPUT,This query does not include CMASK/effective-pixel fields. It does not claim that measurement-driven trends are excluded.,NOT_FORMAL_INDEPENDENT_CONTROL,2014-10-19T04:17:00Z,47.893,PASS,0,0,CATALOG_CLEAN_BUT_STRICT_DATA_GATE_FAIL,Failed: T0 disk position,NO
SHRGT45_严格阴性对照前推检索_20260807,NOAA12192_X1.1_20141019,4698,12192,2014-10-17T04:35:25Z,2014.10.17_04:36:00_TAI,"[2014.10.17_01:36:00_TAI, 2014.10.17_04:36:00_TAI]",16,16,PASS,PASS,PASS,FAIL,-79.266159,-12.986316,FAIL,Failed: T0 disk position,0.980860,4.643,NOT_AVAILABLE_IN_INPUT,This query does not include CMASK/effective-pixel fields. It does not claim that measurement-driven trends are excluded.,NOT_FORMAL_INDEPENDENT_CONTROL,2014-10-19T04:17:00Z,47.693,PASS,0,0,CATALOG_CLEAN_BUT_STRICT_DATA_GATE_FAIL,Failed: T0 disk position,NO
SHRGT45_严格阴性对照前推检索_20260807,NOAA12192_X1.1_20141019,4698,12192,2014-10-17T04:47:25Z,2014.10.17_04:48:00_TAI,"[2014.10.17_01:48:00_TAI, 2014.10.17_04:48:00_TAI]",16,16,PASS,PASS,PASS,FAIL,-79.236481,-13.010919,FAIL,Failed: T0 disk position,0.714368,1.368,NOT_AVAILABLE_IN_INPUT,This query does not include CMASK/effective-pixel fields. It does not claim that measurement-driven trends are excluded.,NOT_FORMAL_INDEPENDENT_CONTROL,2014-10-19T04:17:00Z,47.493,PASS,0,0,CATALOG_CLEAN_BUT_STRICT_DATA_GATE_FAIL,Failed: T0 disk position,NO
SHRGT45_严格阴性对照前推检索_20260807,NOAA12192_X1.1_20141019,4698,12192,2014-10-17T04:59:25Z,2014.10.17_05:00:00_TAI,"[2014.10.17_02:00:00_TAI, 2014.10.17_05:00:00_TAI]",16,16,PASS,PASS,PASS,FAIL,-79.231964,-13.030835,FAIL,Failed: T0 disk position,0.756654,2.502,NOT_AVAILABLE_IN_INPUT,This query does not include CMASK/effective-pixel fields. It does not claim that measurement-driven trends are excluded.,NOT_FORMAL_INDEPENDENT_CONTROL,2014-10-19T04:17:00Z,47.293,PASS,0,0,CATALOG_CLEAN_BUT_STRICT_DATA_GATE_FAIL,Failed: T0 disk position,NO
SHRGT45_严格阴性对照前推检索_20260807,NOAA12192_X1.1_20141019,4698,12192,2014-10-17T05:11:25Z,2014.10.17_05:12:00_TAI,"[2014.10.17_02:12:00_TAI, 2014.10.17_05:12:00_TAI]",16,16,PASS,PASS,PASS,FAIL,-79.162888,-13.052094,FAIL,Failed: T0 disk position,0.706559,2.163,NOT_AVAILABLE_IN_INPUT,This query does not include CMASK/effective-pixel fields. It does not claim that measurement-driven trends are excluded.,NOT_FORMAL_INDEPENDENT_CONTROL,2014-10-19T04:17:00Z,47.093,PASS,0,0,CATALOG_CLEAN_BUT_STRICT_DATA_GATE_FAIL,Failed: T0 disk position,NO
SHRGT45_严格阴性对照前推检索_20260807,NOAA12192_X1.1_20141019,4698,12192,2014-10-17T05:23:25Z,2014.10.17_05:24:00_TAI,"[2014.10.17_02:24:00_TAI, 2014.10.17_05:24:00_TAI]",16,16,PASS,PASS,PASS,FAIL,-79.164070,-13.060498,FAIL,Failed: T0 disk position,0.675059,1.127,NOT_AVAILABLE_IN_INPUT,This query does not include CMASK/effective-pixel fields. It does not claim that measurement-driven trends are excluded.,NOT_FORMAL_INDEPENDENT_CONTROL,2014-10-19T04:17:00Z,46.893,PASS,0,0,CATALOG_CLEAN_BUT_STRICT_DATA_GATE_FAIL,Failed: T0 disk position,NO
SHRGT45_严格阴性对照前推检索_20260807,NOAA12192_X1.1_20141019,4698,12192,2014-10-17T05:35:25Z,2014.10.17_05:36:00_TAI,"[2014.10.17_02:36:00_TAI, 2014.10.17_05:36:00_TAI]",16,16,PASS,PASS,PASS,FAIL,-79.176041,-13.072351,FAIL,Failed: T0 disk position,0.714779,0.730,NOT_AVAILABLE_IN_INPUT,This query does not include CMASK/effective-pixel fields. It does not claim that measurement-driven trends are excluded.,NOT_FORMAL_INDEPENDENT_CONTROL,2014-10-19T04:17:00Z,46.693,PASS,0,0,CATALOG_CLEAN_BUT_STRICT_DATA_GATE_FAIL,Failed: T0 disk position,NO
SHRGT45_严格阴性对照前推检索_20260807,NOAA12192_X1.1_20141019,4698,12192,2014-10-17T05:47:25Z,2014.10.17_05:48:00_TAI,"[2014.10.17_02:48:00_TAI, 2014.10.17_05:48:00_TAI]",16,16,PASS,PASS,PASS,FAIL,-79.121460,-13.069666,FAIL,Failed: T0 disk position,0.887919,2.968,NOT_AVAILABLE_IN_INPUT,This query does not include CMASK/effective-pixel fields. It does not claim that measurement-driven trends are excluded.,NOT_FORMAL_INDEPENDENT_CONTROL,2014-10-19T04:17:00Z,46.493,PASS,0,0,CATALOG_CLEAN_BUT_STRICT_DATA_GATE_FAIL,Failed: T0 disk position,NO
SHRGT45_严格阴性对照前推检索_20260807,NOAA12192_X1.1_20141019,4698,12192,2014-10-17T05:59:25Z,2014.10.17_06:00:00_TAI,"[2014.10.17_03:00:00_TAI, 2014.10.17_06:00:00_TAI]",16,16,PASS,PASS,FAIL,FAIL,-79.080795,-13.040154,FAIL,Failed: all QUALITY=0; T0 disk position,0.780279,3.193,NOT_AVAILABLE_IN_INPUT,This query does not include CMASK/effective-pixel fields. It does not claim that measurement-driven trends are excluded.,NOT_FORMAL_INDEPENDENT_CONTROL,2014-10-19T04:17:00Z,46.293,PASS,0,0,CATALOG_CLEAN_BUT_STRICT_DATA_GATE_FAIL,Failed: all QUALITY=0; T0 disk position,NO
SHRGT45_严格阴性对照前推检索_20260807,NOAA12192_X1.1_20141019,4698,12192,2014-10-17T06:11:25Z,2014.10.17_06:12:00_TAI,"[2014.10.17_03:12:00_TAI, 2014.10.17_06:12:00_TAI]",16,16,PASS,PASS,FAIL,FAIL,-79.048553,-13.045129,FAIL,Failed: all QUALITY=0; T0 disk position,0.471824,1.857,NOT_AVAILABLE_IN_INPUT,This query does not include CMASK/effective-pixel fields. It does not claim that measurement-driven trends are excluded.,NOT_FORMAL_INDEPENDENT_CONTROL,2014-10-19T04:17:00Z,46.093,PASS,0,0,CATALOG_CLEAN_BUT_STRICT_DATA_GATE_FAIL,Failed: all QUALITY=0; T0 disk position,NO
SHRGT45_严格阴性对照前推检索_20260807,NOAA12192_X1.1_20141019,4698,12192,2014-10-17T06:23:25Z,2014.10.17_06:24:00_TAI,"[2014.10.17_03:24:00_TAI, 2014.10.17_06:24:00_TAI]",16,16,PASS,PASS,FAIL,FAIL,-79.047279,-13.057235,FAIL,Failed: all QUALITY=0; T0 disk position,0.295434,-0.107,NOT_AVAILABLE_IN_INPUT,This query does not include CMASK/effective-pixel fields. It does not claim that measurement-driven trends are excluded.,NOT_FORMAL_INDEPENDENT_CONTROL,2014-10-19T04:17:00Z,45.893,PASS,0,0,CATALOG_CLEAN_BUT_STRICT_DATA_GATE_FAIL,Failed: all QUALITY=0; T0 disk position,NO
SHRGT45_严格阴性对照前推检索_20260807,NOAA12192_X1.1_20141019,4698,12192,2014-10-17T06:35:25Z,2014.10.17_06:36:00_TAI,"[2014.10.17_03:36:00_TAI, 2014.10.17_06:36:00_TAI]",16,16,PASS,PASS,FAIL,FAIL,-79.022835,-13.036883,FAIL,Failed: all QUALITY=0; T0 disk position,0.414000,1.939,NOT_AVAILABLE_IN_INPUT,This query does not include CMASK/effective-pixel fields. It does not claim that measurement-driven trends are excluded.,NOT_FORMAL_INDEPENDENT_CONTROL,2014-10-19T04:17:00Z,45.693,PASS,0,0,CATALOG_CLEAN_BUT_STRICT_DATA_GATE_FAIL,Failed: all QUALITY=0; T0 disk position,NO
SHRGT45_严格阴性对照前推检索_20260807,NOAA12192_X1.1_20141019,4698,12192,2014-10-17T06:47:25Z,2014.10.17_06:48:00_TAI,"[2014.10.17_03:48:00_TAI, 2014.10.17_06:48:00_TAI]",16,16,PASS,PASS,FAIL,FAIL,-78.984978,-13.022514,FAIL,Failed: all QUALITY=0; T0 disk position,0.234272,0.327,NOT_AVAILABLE_IN_INPUT,This query does not include CMASK/effective-pixel fields. It does not claim that measurement-driven trends are excluded.,NOT_FORMAL_INDEPENDENT_CONTROL,2014-10-19T04:17:00Z,45.493,PASS,0,0,CATALOG_CLEAN_BUT_STRICT_DATA_GATE_FAIL,Failed: all QUALITY=0; T0 disk position,NO
SHRGT45_严格阴性对照前推检索_20260807,NOAA12192_X1.1_20141019,4698,12192,2014-10-17T06:59:25Z,2014.10.17_07:00:00_TAI,"[2014.10.17_04:00:00_TAI, 2014.10.17_07:00:00_TAI]",16,16,PASS,PASS,FAIL,FAIL,-78.953506,-13.011528,FAIL,Failed: all QUALITY=0; T0 disk position,0.353706,2.239,NOT_AVAILABLE_IN_INPUT,This query does not include CMASK/effective-pixel fields. It does not claim that measurement-driven trends are excluded.,NOT_FORMAL_INDEPENDENT_CONTROL,2014-10-19T04:17:00Z,45.293,PASS,0,0,CATALOG_CLEAN_BUT_STRICT_DATA_GATE_FAIL,Failed: all QUALITY=0; T0 disk position,NO
SHRGT45_严格阴性对照前推检索_20260807,NOAA12192_X1.1_20141019,4698,12192,2014-10-17T07:11:25Z,2014.10.17_07:12:00_TAI,"[2014.10.17_04:12:00_TAI, 2014.10.17_07:12:00_TAI]",16,16,PASS,PASS,FAIL,FAIL,-78.910599,-13.023499,FAIL,Failed: all QUALITY=0; T0 disk position,0.398632,1.703,NOT_AVAILABLE_IN_INPUT,This query does not include CMASK/effective-pixel fields. It does not claim that measurement-driven trends are excluded.,NOT_FORMAL_INDEPENDENT_CONTROL,2014-10-19T04:17:00Z,45.093,PASS,0,0,CATALOG_CLEAN_BUT_STRICT_DATA_GATE_FAIL,Failed: all QUALITY=0; T0 disk position,NO
SHRGT45_严格阴性对照前推检索_20260807,NOAA12192_X1.1_20141019,4698,12192,2014-10-17T07:23:25Z,2014.10.17_07:24:00_TAI,"[2014.10.17_04:24:00_TAI, 2014.10.17_07:24:00_TAI]",16,16,PASS,PASS,FAIL,FAIL,-78.896553,-13.001177,FAIL,Failed: all QUALITY=0; T0 disk position,0.396897,1.324,NOT_AVAILABLE_IN_INPUT,This query does not include CMASK/effective-pixel fields. It does not claim that measurement-driven trends are excluded.,NOT_FORMAL_INDEPENDENT_CONTROL,2014-10-19T04:17:00Z,44.893,PASS,0,0,CATALOG_CLEAN_BUT_STRICT_DATA_GATE_FAIL,Failed: all QUALITY=0; T0 disk position,NO
SHRGT45_严格阴性对照前推检索_20260807,NOAA12192_X1.1_20141019,4698,12192,2014-10-17T07:35:25Z,2014.10.17_07:36:00_TAI,"[2014.10.17_04:36:00_TAI, 2014.10.17_07:36:00_TAI]",16,16,PASS,PASS,FAIL,FAIL,-78.856384,-13.006935,FAIL,Failed: all QUALITY=0; T0 disk position,0.468779,1.253,NOT_AVAILABLE_IN_INPUT,This query does not include CMASK/effective-pixel fields. It does not claim that measurement-driven trends are excluded.,NOT_FORMAL_INDEPENDENT_CONTROL,2014-10-19T04:17:00Z,44.693,PASS,0,0,CATALOG_CLEAN_BUT_STRICT_DATA_GATE_FAIL,Failed: all QUALITY=0; T0 disk position,NO
SHRGT45_严格阴性对照前推检索_20260807,NOAA12192_X1.1_20141019,4698,12192,2014-10-17T07:47:25Z,2014.10.17_07:48:00_TAI,"[2014.10.17_04:48:00_TAI, 2014.10.17_07:48:00_TAI]",16,16,PASS,PASS,FAIL,FAIL,-78.833923,-13.007690,FAIL,Failed: all QUALITY=0; T0 disk position,0.505360,1.383,NOT_AVAILABLE_IN_INPUT,This query does not include CMASK/effective-pixel fields. It does not claim that measurement-driven trends are excluded.,NOT_FORMAL_INDEPENDENT_CONTROL,2014-10-19T04:17:00Z,44.493,PASS,0,0,CATALOG_CLEAN_BUT_STRICT_DATA_GATE_FAIL,Failed: all QUALITY=0; T0 disk position,NO
SHRGT45_严格阴性对照前推检索_20260807,NOAA12192_X1.1_20141019,4698,12192,2014-10-17T07:59:25Z,2014.10.17_08:00:00_TAI,"[2014.10.17_05:00:00_TAI, 2014.10.17_08:00:00_TAI]",16,16,PASS,PASS,FAIL,FAIL,-78.800247,-13.000249,FAIL,Failed: all QUALITY=0; T0 disk position,0.494250,1.428,NOT_AVAILABLE_IN_INPUT,This query does not include CMASK/effective-pixel fields. It does not claim that measurement-driven trends are excluded.,NOT_FORMAL_INDEPENDENT_CONTROL,2014-10-19T04:17:00Z,44.293,PASS,0,0,CATALOG_CLEAN_BUT_STRICT_DATA_GATE_FAIL,Failed: all QUALITY=0; T0 disk position,NO
SHRGT45_严格阴性对照前推检索_20260807,NOAA12192_X1.1_20141019,4698,12192,2014-10-17T08:11:25Z,2014.10.17_08:12:00_TAI,"[2014.10.17_05:12:00_TAI, 2014.10.17_08:12:00_TAI]",16,16,PASS,PASS,FAIL,FAIL,-78.769554,-13.027211,FAIL,Failed: all QUALITY=0; T0 disk position,0.472728,0.894,NOT_AVAILABLE_IN_INPUT,This query does not include CMASK/effective-pixel fields. It does not claim that measurement-driven trends are excluded.,NOT_FORMAL_INDEPENDENT_CONTROL,2014-10-19T04:17:00Z,44.093,PASS,0,0,CATALOG_CLEAN_BUT_STRICT_DATA_GATE_FAIL,Failed: all QUALITY=0; T0 disk position,NO
SHRGT45_严格阴性对照前推检索_20260807,NOAA12192_X1.1_20141019,4698,12192,2014-10-17T08:23:25Z,2014.10.17_08:24:00_TAI,"[2014.10.17_05:24:00_TAI, 2014.10.17_08:24:00_TAI]",16,16,PASS,PASS,FAIL,FAIL,-78.782600,-13.023474,FAIL,Failed: all QUALITY=0; T0 disk position,0.533022,1.637,NOT_AVAILABLE_IN_INPUT,This query does not include CMASK/effective-pixel fields. It does not claim that measurement-driven trends are excluded.,NOT_FORMAL_INDEPENDENT_CONTROL,2014-10-19T04:17:00Z,43.893,PASS,0,0,CATALOG_CLEAN_BUT_STRICT_DATA_GATE_FAIL,Failed: all QUALITY=0; T0 disk position,NO
SHRGT45_严格阴性对照前推检索_20260807,NOAA12192_X1.1_20141019,4698,12192,2014-10-17T08:35:25Z,2014.10.17_08:36:00_TAI,"[2014.10.17_05:36:00_TAI, 2014.10.17_08:36:00_TAI]",16,16,PASS,PASS,FAIL,FAIL,-78.744453,-13.027264,FAIL,Failed: all QUALITY=0; T0 disk position,0.572993,1.911,NOT_AVAILABLE_IN_INPUT,This query does not include CMASK/effective-pixel fields. It does not claim that measurement-driven trends are excluded.,NOT_FORMAL_INDEPENDENT_CONTROL,2014-10-19T04:17:00Z,43.693,PASS,0,0,CATALOG_CLEAN_BUT_STRICT_DATA_GATE_FAIL,Failed: all QUALITY=0; T0 disk position,NO
SHRGT45_严格阴性对照前推检索_20260807,NOAA12192_X1.1_20141019,4698,12192,2014-10-17T08:47:25Z,2014.10.17_08:48:00_TAI,"[2014.10.17_05:48:00_TAI, 2014.10.17_08:48:00_TAI]",16,16,PASS,PASS,FAIL,FAIL,-78.782562,-13.038008,FAIL,Failed: all QUALITY=0; T0 disk position,0.585191,1.004,NOT_AVAILABLE_IN_INPUT,This query does not include CMASK/effective-pixel fields. It does not claim that measurement-driven trends are excluded.,NOT_FORMAL_INDEPENDENT_CONTROL,2014-10-19T04:17:00Z,43.493,PASS,0,0,CATALOG_CLEAN_BUT_STRICT_DATA_GATE_FAIL,Failed: all QUALITY=0; T0 disk position,NO
SHRGT45_严格阴性对照前推检索_20260807,NOAA12192_X1.1_20141019,4698,12192,2014-10-17T08:59:25Z,2014.10.17_09:00:00_TAI,"[2014.10.17_06:00:00_TAI, 2014.10.17_09:00:00_TAI]",16,16,PASS,PASS,FAIL,FAIL,-78.736298,-13.030489,FAIL,Failed: all QUALITY=0; T0 disk position,0.756890,2.496,NOT_AVAILABLE_IN_INPUT,This query does not include CMASK/effective-pixel fields. It does not claim that measurement-driven trends are excluded.,NOT_FORMAL_INDEPENDENT_CONTROL,2014-10-19T04:17:00Z,43.293,PASS,0,0,CATALOG_CLEAN_BUT_STRICT_DATA_GATE_FAIL,Failed: all QUALITY=0; T0 disk position,NO
SHRGT45_严格阴性对照前推检索_20260807,NOAA12192_X1.1_20141019,4698,12192,2014-10-17T09:11:25Z,2014.10.17_09:12:00_TAI,"[2014.10.17_06:12:00_TAI, 2014.10.17_09:12:00_TAI]",16,16,PASS,PASS,FAIL,FAIL,-78.556046,-13.062802,FAIL,Failed: all QUALITY=0; T0 disk position,0.666000,1.618,NOT_AVAILABLE_IN_INPUT,This query does not include CMASK/effective-pixel fields. It does not claim that measurement-driven trends are excluded.,NOT_FORMAL_INDEPENDENT_CONTROL,2014-10-19T04:17:00Z,43.093,PASS,0,0,CATALOG_CLEAN_BUT_STRICT_DATA_GATE_FAIL,Failed: all QUALITY=0; T0 disk position,NO
SHRGT45_严格阴性对照前推检索_20260807,NOAA12192_X1.1_20141019,4698,12192,2014-10-17T09:23:25Z,2014.10.17_09:24:00_TAI,"[2014.10.17_06:24:00_TAI, 2014.10.17_09:24:00_TAI]",16,16,PASS,PASS,PASS,FAIL,-78.497375,-13.057192,FAIL,Failed: T0 disk position,0.585287,1.817,NOT_AVAILABLE_IN_INPUT,This query does not include CMASK/effective-pixel fields. It does not claim that measurement-driven trends are excluded.,NOT_FORMAL_INDEPENDENT_CONTROL,2014-10-19T04:17:00Z,42.893,PASS,0,0,CATALOG_CLEAN_BUT_STRICT_DATA_GATE_FAIL,Failed: T0 disk position,NO
SHRGT45_严格阴性对照前推检索_20260807,NOAA12192_X1.1_20141019,4698,12192,2014-10-17T09:35:25Z,2014.10.17_09:36:00_TAI,"[2014.10.17_06:36:00_TAI, 2014.10.17_09:36:00_TAI]",16,16,PASS,PASS,PASS,FAIL,-78.450699,-13.053236,FAIL,Failed: T0 disk position,0.453919,0.904,NOT_AVAILABLE_IN_INPUT,This query does not include CMASK/effective-pixel fields. It does not claim that measurement-driven trends are excluded.,NOT_FORMAL_INDEPENDENT_CONTROL,2014-10-19T04:17:00Z,42.693,PASS,0,0,CATALOG_CLEAN_BUT_STRICT_DATA_GATE_FAIL,Failed: T0 disk position,NO
SHRGT45_严格阴性对照前推检索_20260807,NOAA12192_X1.1_20141019,4698,12192,2014-10-17T09:47:25Z,2014.10.17_09:48:00_TAI,"[2014.10.17_06:48:00_TAI, 2014.10.17_09:48:00_TAI]",16,16,PASS,PASS,PASS,FAIL,-78.389969,-13.050426,FAIL,Failed: T0 disk position,0.371463,1.868,NOT_AVAILABLE_IN_INPUT,This query does not include CMASK/effective-pixel fields. It does not claim that measurement-driven trends are excluded.,NOT_FORMAL_INDEPENDENT_CONTROL,2014-10-19T04:17:00Z,42.493,PASS,0,0,CATALOG_CLEAN_BUT_STRICT_DATA_GATE_FAIL,Failed: T0 disk position,NO
SHRGT45_严格阴性对照前推检索_20260807,NOAA12192_X1.1_20141019,4698,12192,2014-10-17T09:59:25Z,2014.10.17_10:00:00_TAI,"[2014.10.17_07:00:00_TAI, 2014.10.17_10:00:00_TAI]",16,16,PASS,PASS,PASS,FAIL,-78.337822,-13.040917,FAIL,Failed: T0 disk position,0.268926,0.791,NOT_AVAILABLE_IN_INPUT,This query does not include CMASK/effective-pixel fields. It does not claim that measurement-driven trends are excluded.,NOT_FORMAL_INDEPENDENT_CONTROL,2014-10-19T04:17:00Z,42.293,PASS,0,0,CATALOG_CLEAN_BUT_STRICT_DATA_GATE_FAIL,Failed: T0 disk position,NO
SHRGT45_严格阴性对照前推检索_20260807,NOAA12192_X1.1_20141019,4698,12192,2014-10-17T10:11:25Z,2014.10.17_10:12:00_TAI,"[2014.10.17_07:12:00_TAI, 2014.10.17_10:12:00_TAI]",16,16,PASS,PASS,PASS,FAIL,-78.282112,-13.015041,FAIL,Failed: T0 disk position,0.454537,1.974,NOT_AVAILABLE_IN_INPUT,This query does not include CMASK/effective-pixel fields. It does not claim that measurement-driven trends are excluded.,NOT_FORMAL_INDEPENDENT_CONTROL,2014-10-19T04:17:00Z,42.093,PASS,0,0,CATALOG_CLEAN_BUT_STRICT_DATA_GATE_FAIL,Failed: T0 disk position,NO
SHRGT45_严格阴性对照前推检索_20260807,NOAA12192_X1.1_20141019,4698,12192,2014-10-17T10:23:25Z,2014.10.17_10:24:00_TAI,"[2014.10.17_07:24:00_TAI, 2014.10.17_10:24:00_TAI]",16,16,PASS,PASS,PASS,FAIL,-78.231415,-13.015728,FAIL,Failed: T0 disk position,0.581118,2.434,NOT_AVAILABLE_IN_INPUT,This query does not include CMASK/effective-pixel fields. It does not claim that measurement-driven trends are excluded.,NOT_FORMAL_INDEPENDENT_CONTROL,2014-10-19T04:17:00Z,41.893,PASS,0,0,CATALOG_CLEAN_BUT_STRICT_DATA_GATE_FAIL,Failed: T0 disk position,NO
SHRGT45_严格阴性对照前推检索_20260807,NOAA12192_X1.1_20141019,4698,12192,2014-10-17T10:35:25Z,2014.10.17_10:36:00_TAI,"[2014.10.17_07:36:00_TAI, 2014.10.17_10:36:00_TAI]",16,16,PASS,PASS,PASS,FAIL,-78.161476,-12.992201,FAIL,Failed: T0 disk position,0.653926,1.806,NOT_AVAILABLE_IN_INPUT,This query does not include CMASK/effective-pixel fields. It does not claim that measurement-driven trends are excluded.,NOT_FORMAL_INDEPENDENT_CONTROL,2014-10-19T04:17:00Z,41.693,PASS,0,0,CATALOG_CLEAN_BUT_STRICT_DATA_GATE_FAIL,Failed: T0 disk position,NO
SHRGT45_严格阴性对照前推检索_20260807,NOAA12192_X1.1_20141019,4698,12192,2014-10-17T10:47:25Z,2014.10.17_10:48:00_TAI,"[2014.10.17_07:48:00_TAI, 2014.10.17_10:48:00_TAI]",16,16,PASS,PASS,PASS,FAIL,-78.077202,-12.979220,FAIL,Failed: T0 disk position,0.798007,2.917,NOT_AVAILABLE_IN_INPUT,This query does not include CMASK/effective-pixel fields. It does not claim that measurement-driven trends are excluded.,NOT_FORMAL_INDEPENDENT_CONTROL,2014-10-19T04:17:00Z,41.493,PASS,0,0,CATALOG_CLEAN_BUT_STRICT_DATA_GATE_FAIL,Failed: T0 disk position,NO
SHRGT45_严格阴性对照前推检索_20260807,NOAA12192_X1.1_20141019,4698,12192,2014-10-17T10:59:25Z,2014.10.17_11:00:00_TAI,"[2014.10.17_08:00:00_TAI, 2014.10.17_11:00:00_TAI]",16,16,PASS,PASS,PASS,FAIL,-78.056526,-13.005076,FAIL,Failed: T0 disk position,0.777757,1.934,NOT_AVAILABLE_IN_INPUT,This query does not include CMASK/effective-pixel fields. It does not claim that measurement-driven trends are excluded.,NOT_FORMAL_INDEPENDENT_CONTROL,2014-10-19T04:17:00Z,41.293,PASS,0,0,CATALOG_CLEAN_BUT_STRICT_DATA_GATE_FAIL,Failed: T0 disk position,NO
SHRGT45_严格阴性对照前推检索_20260807,NOAA12192_X1.1_20141019,4698,12192,2014-10-17T11:11:25Z,2014.10.17_11:12:00_TAI,"[2014.10.17_08:12:00_TAI, 2014.10.17_11:12:00_TAI]",16,16,PASS,PASS,PASS,FAIL,-77.963860,-12.985271,FAIL,Failed: T0 disk position,0.945463,3.755,NOT_AVAILABLE_IN_INPUT,This query does not include CMASK/effective-pixel fields. It does not claim that measurement-driven trends are excluded.,NOT_FORMAL_INDEPENDENT_CONTROL,2014-10-19T04:17:00Z,41.093,PASS,0,0,CATALOG_CLEAN_BUT_STRICT_DATA_GATE_FAIL,Failed: T0 disk position,NO
SHRGT45_严格阴性对照前推检索_20260807,NOAA12192_X1.1_20141019,4698,12192,2014-10-17T11:23:25Z,2014.10.17_11:24:00_TAI,"[2014.10.17_08:24:00_TAI, 2014.10.17_11:24:00_TAI]",16,16,PASS,PASS,PASS,FAIL,-77.852180,-12.985858,FAIL,Failed: T0 disk position,1.014051,3.030,NOT_AVAILABLE_IN_INPUT,This query does not include CMASK/effective-pixel fields. It does not claim that measurement-driven trends are excluded.,NOT_FORMAL_INDEPENDENT_CONTROL,2014-10-19T04:17:00Z,40.893,PASS,0,0,CATALOG_CLEAN_BUT_STRICT_DATA_GATE_FAIL,Failed: T0 disk position,NO
SHRGT45_严格阴性对照前推检索_20260807,NOAA12192_X1.1_20141019,4698,12192,2014-10-17T11:35:25Z,2014.10.17_11:36:00_TAI,"[2014.10.17_08:36:00_TAI, 2014.10.17_11:36:00_TAI]",16,16,PASS,PASS,PASS,FAIL,-77.799210,-12.981234,FAIL,Failed: T0 disk position,1.262088,4.284,NOT_AVAILABLE_IN_INPUT,This query does not include CMASK/effective-pixel fields. It does not claim that measurement-driven trends are excluded.,NOT_FORMAL_INDEPENDENT_CONTROL,2014-10-19T04:17:00Z,40.693,PASS,0,0,CATALOG_CLEAN_BUT_STRICT_DATA_GATE_FAIL,Failed: T0 disk position,NO
SHRGT45_严格阴性对照前推检索_20260807,NOAA12192_X1.1_20141019,4698,12192,2014-10-17T11:47:25Z,2014.10.17_11:48:00_TAI,"[2014.10.17_08:48:00_TAI, 2014.10.17_11:48:00_TAI]",16,16,PASS,PASS,PASS,FAIL,-77.740601,-12.992748,FAIL,Failed: T0 disk position,1.389772,3.487,NOT_AVAILABLE_IN_INPUT,This query does not include CMASK/effective-pixel fields. It does not claim that measurement-driven trends are excluded.,NOT_FORMAL_INDEPENDENT_CONTROL,2014-10-19T04:17:00Z,40.493,PASS,0,0,CATALOG_CLEAN_BUT_STRICT_DATA_GATE_FAIL,Failed: T0 disk position,NO
SHRGT45_严格阴性对照前推检索_20260807,NOAA12192_X1.1_20141019,4698,12192,2014-10-17T11:59:25Z,2014.10.17_12:00:00_TAI,"[2014.10.17_09:00:00_TAI, 2014.10.17_12:00:00_TAI]",16,16,PASS,PASS,PASS,FAIL,-77.656822,-12.974331,FAIL,Failed: T0 disk position,1.543934,3.519,NOT_AVAILABLE_IN_INPUT,This query does not include CMASK/effective-pixel fields. It does not claim that measurement-driven trends are excluded.,NOT_FORMAL_INDEPENDENT_CONTROL,2014-10-19T04:17:00Z,40.293,PASS,0,0,CATALOG_CLEAN_BUT_STRICT_DATA_GATE_FAIL,Failed: T0 disk position,NO
SHRGT45_严格阴性对照前推检索_20260807,NOAA12192_X1.1_20141019,4698,12192,2014-10-17T12:11:25Z,2014.10.17_12:12:00_TAI,"[2014.10.17_09:12:00_TAI, 2014.10.17_12:12:00_TAI]",16,16,PASS,PASS,PASS,FAIL,-77.583824,-12.966111,FAIL,Failed: T0 disk position,1.728294,4.818,NOT_AVAILABLE_IN_INPUT,This query does not include CMASK/effective-pixel fields. It does not claim that measurement-driven trends are excluded.,NOT_FORMAL_INDEPENDENT_CONTROL,2014-10-19T04:17:00Z,40.093,PASS,0,0,CATALOG_CLEAN_BUT_STRICT_DATA_GATE_FAIL,Failed: T0 disk position,NO
SHRGT45_严格阴性对照前推检索_20260807,NOAA12192_X1.1_20141019,4698,12192,2014-10-17T12:23:25Z,2014.10.17_12:24:00_TAI,"[2014.10.17_09:24:00_TAI, 2014.10.17_12:24:00_TAI]",16,16,PASS,PASS,PASS,FAIL,-77.502373,-12.968593,FAIL,Failed: T0 disk position,1.813346,5.130,NOT_AVAILABLE_IN_INPUT,This query does not include CMASK/effective-pixel fields. It does not claim that measurement-driven trends are excluded.,NOT_FORMAL_INDEPENDENT_CONTROL,2014-10-19T04:17:00Z,39.893,PASS,0,0,CATALOG_CLEAN_BUT_STRICT_DATA_GATE_FAIL,Failed: T0 disk position,NO
SHRGT45_严格阴性对照前推检索_20260807,NOAA12192_X1.1_20141019,4698,12192,2014-10-17T12:35:25Z,2014.10.17_12:36:00_TAI,"[2014.10.17_09:36:00_TAI, 2014.10.17_12:36:00_TAI]",16,16,PASS,PASS,PASS,FAIL,-77.444176,-12.963364,FAIL,Failed: T0 disk position,1.884059,5.702,NOT_AVAILABLE_IN_INPUT,This query does not include CMASK/effective-pixel fields. It does not claim that measurement-driven trends are excluded.,NOT_FORMAL_INDEPENDENT_CONTROL,2014-10-19T04:17:00Z,39.693,PASS,0,0,CATALOG_CLEAN_BUT_STRICT_DATA_GATE_FAIL,Failed: T0 disk position,NO
SHRGT45_严格阴性对照前推检索_20260807,NOAA12192_X1.1_20141019,4698,12192,2014-10-17T12:47:25Z,2014.10.17_12:48:00_TAI,"[2014.10.17_09:48:00_TAI, 2014.10.17_12:48:00_TAI]",16,16,PASS,PASS,PASS,FAIL,-77.371246,-12.977181,FAIL,Failed: T0 disk position,1.927610,6.565,NOT_AVAILABLE_IN_INPUT,This query does not include CMASK/effective-pixel fields. It does not claim that measurement-driven trends are excluded.,NOT_FORMAL_INDEPENDENT_CONTROL,2014-10-19T04:17:00Z,39.493,PASS,0,0,CATALOG_CLEAN_BUT_STRICT_DATA_GATE_FAIL,Failed: T0 disk position,NO
SHRGT45_严格阴性对照前推检索_20260807,NOAA12192_X1.1_20141019,4698,12192,2014-10-17T12:59:25Z,2014.10.17_13:00:00_TAI,"[2014.10.17_10:00:00_TAI, 2014.10.17_13:00:00_TAI]",16,16,PASS,PASS,PASS,FAIL,-77.343567,-12.960078,FAIL,Failed: T0 disk position,1.877265,5.558,NOT_AVAILABLE_IN_INPUT,This query does not include CMASK/effective-pixel fields. It does not claim that measurement-driven trends are excluded.,NOT_FORMAL_INDEPENDENT_CONTROL,2014-10-19T04:17:00Z,39.293,PASS,0,0,CATALOG_CLEAN_BUT_STRICT_DATA_GATE_FAIL,Failed: T0 disk position,NO
SHRGT45_严格阴性对照前推检索_20260807,NOAA12192_X1.1_20141019,4698,12192,2014-10-17T13:11:25Z,2014.10.17_13:12:00_TAI,"[2014.10.17_10:12:00_TAI, 2014.10.17_13:12:00_TAI]",16,16,PASS,PASS,PASS,FAIL,-77.276657,-12.975986,FAIL,Failed: T0 disk position,1.915368,5.460,NOT_AVAILABLE_IN_INPUT,This query does not include CMASK/effective-pixel fields. It does not claim that measurement-driven trends are excluded.,NOT_FORMAL_INDEPENDENT_CONTROL,2014-10-19T04:17:00Z,39.093,PASS,0,0,CATALOG_CLEAN_BUT_STRICT_DATA_GATE_FAIL,Failed: T0 disk position,NO
SHRGT45_严格阴性对照前推检索_20260807,NOAA12192_X1.1_20141019,4698,12192,2014-10-17T13:23:25Z,2014.10.17_13:24:00_TAI,"[2014.10.17_10:24:00_TAI, 2014.10.17_13:24:00_TAI]",16,16,PASS,PASS,PASS,FAIL,-77.175819,-12.986294,FAIL,Failed: T0 disk position,2.005088,5.745,NOT_AVAILABLE_IN_INPUT,This query does not include CMASK/effective-pixel fields. It does not claim that measurement-driven trends are excluded.,NOT_FORMAL_INDEPENDENT_CONTROL,2014-10-19T04:17:00Z,38.893,PASS,0,0,CATALOG_CLEAN_BUT_STRICT_DATA_GATE_FAIL,Failed: T0 disk position,NO
SHRGT45_严格阴性对照前推检索_20260807,NOAA12192_X1.1_20141019,4698,12192,2014-10-17T13:35:25Z,2014.10.17_13:36:00_TAI,"[2014.10.17_10:36:00_TAI, 2014.10.17_13:36:00_TAI]",16,16,PASS,PASS,PASS,FAIL,-77.127136,-12.990882,FAIL,Failed: T0 disk position,2.179404,6.981,NOT_AVAILABLE_IN_INPUT,This query does not include CMASK/effective-pixel fields. It does not claim that measurement-driven trends are excluded.,NOT_FORMAL_INDEPENDENT_CONTROL,2014-10-19T04:17:00Z,38.693,PASS,0,0,CATALOG_CLEAN_BUT_STRICT_DATA_GATE_FAIL,Failed: T0 disk position,NO
SHRGT45_严格阴性对照前推检索_20260807,NOAA12192_X1.1_20141019,4698,12192,2014-10-17T13:47:25Z,2014.10.17_13:48:00_TAI,"[2014.10.17_10:48:00_TAI, 2014.10.17_13:48:00_TAI]",16,16,PASS,PASS,PASS,FAIL,-77.101814,-13.000591,FAIL,Failed: T0 disk position,2.257235,6.778,NOT_AVAILABLE_IN_INPUT,This query does not include CMASK/effective-pixel fields. It does not claim that measurement-driven trends are excluded.,NOT_FORMAL_INDEPENDENT_CONTROL,2014-10-19T04:17:00Z,38.493,PASS,0,0,CATALOG_CLEAN_BUT_STRICT_DATA_GATE_FAIL,Failed: T0 disk position,NO
SHRGT45_严格阴性对照前推检索_20260807,NOAA12192_X1.1_20141019,4698,12192,2014-10-17T13:59:25Z,2014.10.17_14:00:00_TAI,"[2014.10.17_11:00:00_TAI, 2014.10.17_14:00:00_TAI]",16,16,PASS,PASS,PASS,FAIL,-77.063293,-13.002377,FAIL,Failed: T0 disk position,2.323294,7.565,NOT_AVAILABLE_IN_INPUT,This query does not include CMASK/effective-pixel fields. It does not claim that measurement-driven trends are excluded.,NOT_FORMAL_INDEPENDENT_CONTROL,2014-10-19T04:17:00Z,38.293,PASS,0,0,CATALOG_CLEAN_BUT_STRICT_DATA_GATE_FAIL,Failed: T0 disk position,NO
SHRGT45_严格阴性对照前推检索_20260807,NOAA12192_X1.1_20141019,4698,12192,2014-10-17T14:11:25Z,2014.10.17_14:12:00_TAI,"[2014.10.17_11:12:00_TAI, 2014.10.17_14:12:00_TAI]",16,16,PASS,PASS,PASS,FAIL,-77.063087,-12.989173,FAIL,Failed: T0 disk position,2.299941,6.784,NOT_AVAILABLE_IN_INPUT,This query does not include CMASK/effective-pixel fields. It does not claim that measurement-driven trends are excluded.,NOT_FORMAL_INDEPENDENT_CONTROL,2014-10-19T04:17:00Z,38.093,PASS,0,0,CATALOG_CLEAN_BUT_STRICT_DATA_GATE_FAIL,Failed: T0 disk position,NO
SHRGT45_严格阴性对照前推检索_20260807,NOAA12192_X1.1_20141019,4698,12192,2014-10-17T14:23:25Z,2014.10.17_14:24:00_TAI,"[2014.10.17_11:24:00_TAI, 2014.10.17_14:24:00_TAI]",16,16,PASS,PASS,PASS,FAIL,-77.038734,-12.985597,FAIL,Failed: T0 disk position,2.304654,6.520,NOT_AVAILABLE_IN_INPUT,This query does not include CMASK/effective-pixel fields. It does not claim that measurement-driven trends are excluded.,NOT_FORMAL_INDEPENDENT_CONTROL,2014-10-19T04:17:00Z,37.893,PASS,0,0,CATALOG_CLEAN_BUT_STRICT_DATA_GATE_FAIL,Failed: T0 disk position,NO
SHRGT45_严格阴性对照前推检索_20260807,NOAA12192_X1.1_20141019,4698,12192,2014-10-17T14:35:25Z,2014.10.17_14:36:00_TAI,"[2014.10.17_11:36:00_TAI, 2014.10.17_14:36:00_TAI]",16,16,PASS,PASS,PASS,FAIL,-76.989334,-13.006739,FAIL,Failed: T0 disk position,2.281537,5.831,NOT_AVAILABLE_IN_INPUT,This query does not include CMASK/effective-pixel fields. It does not claim that measurement-driven trends are excluded.,NOT_FORMAL_INDEPENDENT_CONTROL,2014-10-19T04:17:00Z,37.693,PASS,0,0,CATALOG_CLEAN_BUT_STRICT_DATA_GATE_FAIL,Failed: T0 disk position,NO
SHRGT45_严格阴性对照前推检索_20260807,NOAA12192_X1.1_20141019,4698,12192,2014-10-17T14:47:25Z,2014.10.17_14:48:00_TAI,"[2014.10.17_11:48:00_TAI, 2014.10.17_14:48:00_TAI]",16,16,PASS,PASS,PASS,FAIL,-76.927185,-13.032006,FAIL,Failed: T0 disk position,2.372522,6.909,NOT_AVAILABLE_IN_INPUT,This query does not include CMASK/effective-pixel fields. It does not claim that measurement-driven trends are excluded.,NOT_FORMAL_INDEPENDENT_CONTROL,2014-10-19T04:17:00Z,37.493,PASS,0,0,CATALOG_CLEAN_BUT_STRICT_DATA_GATE_FAIL,Failed: T0 disk position,NO
SHRGT45_严格阴性对照前推检索_20260807,NOAA12192_X1.1_20141019,4698,12192,2014-10-17T14:59:25Z,2014.10.17_15:00:00_TAI,"[2014.10.17_12:00:00_TAI, 2014.10.17_15:00:00_TAI]",16,16,PASS,PASS,PASS,FAIL,-76.876976,-13.033772,FAIL,Failed: T0 disk position,2.386831,7.227,NOT_AVAILABLE_IN_INPUT,This query does not include CMASK/effective-pixel fields. It does not claim that measurement-driven trends are excluded.,NOT_FORMAL_INDEPENDENT_CONTROL,2014-10-19T04:17:00Z,37.293,PASS,0,0,CATALOG_CLEAN_BUT_STRICT_DATA_GATE_FAIL,Failed: T0 disk position,NO
SHRGT45_严格阴性对照前推检索_20260807,NOAA12192_X1.1_20141019,4698,12192,2014-10-17T15:11:25Z,2014.10.17_15:12:00_TAI,"[2014.10.17_12:12:00_TAI, 2014.10.17_15:12:00_TAI]",16,16,PASS,PASS,PASS,FAIL,-76.814812,-13.037334,FAIL,Failed: T0 disk position,2.271478,6.240,NOT_AVAILABLE_IN_INPUT,This query does not include CMASK/effective-pixel fields. It does not claim that measurement-driven trends are excluded.,NOT_FORMAL_INDEPENDENT_CONTROL,2014-10-19T04:17:00Z,37.093,PASS,0,0,CATALOG_CLEAN_BUT_STRICT_DATA_GATE_FAIL,Failed: T0 disk position,NO
SHRGT45_严格阴性对照前推检索_20260807,NOAA12192_X1.1_20141019,4698,12192,2014-10-17T15:23:25Z,2014.10.17_15:24:00_TAI,"[2014.10.17_12:24:00_TAI, 2014.10.17_15:24:00_TAI]",16,16,PASS,PASS,PASS,FAIL,-76.779976,-13.071834,FAIL,Failed: T0 disk position,2.226051,6.665,NOT_AVAILABLE_IN_INPUT,This query does not include CMASK/effective-pixel fields. It does not claim that measurement-driven trends are excluded.,NOT_FORMAL_INDEPENDENT_CONTROL,2014-10-19T04:17:00Z,36.893,PASS,0,0,CATALOG_CLEAN_BUT_STRICT_DATA_GATE_FAIL,Failed: T0 disk position,NO
SHRGT45_严格阴性对照前推检索_20260807,NOAA12192_X1.1_20141019,4698,12192,2014-10-17T15:35:25Z,2014.10.17_15:36:00_TAI,"[2014.10.17_12:36:00_TAI, 2014.10.17_15:36:00_TAI]",16,16,PASS,PASS,PASS,FAIL,-76.740425,-13.076029,FAIL,Failed: T0 disk position,2.071691,5.700,NOT_AVAILABLE_IN_INPUT,This query does not include CMASK/effective-pixel fields. It does not claim that measurement-driven trends are excluded.,NOT_FORMAL_INDEPENDENT_CONTROL,2014-10-19T04:17:00Z,36.693,PASS,0,0,CATALOG_CLEAN_BUT_STRICT_DATA_GATE_FAIL,Failed: T0 disk position,NO
SHRGT45_严格阴性对照前推检索_20260807,NOAA12192_X1.1_20141019,4698,12192,2014-10-17T15:47:25Z,2014.10.17_15:48:00_TAI,"[2014.10.17_12:48:00_TAI, 2014.10.17_15:48:00_TAI]",16,16,PASS,PASS,PASS,FAIL,-76.713806,-13.080729,FAIL,Failed: T0 disk position,1.893507,5.158,NOT_AVAILABLE_IN_INPUT,This query does not include CMASK/effective-pixel fields. It does not claim that measurement-driven trends are excluded.,NOT_FORMAL_INDEPENDENT_CONTROL,2014-10-19T04:17:00Z,36.493,PASS,0,0,CATALOG_CLEAN_BUT_STRICT_DATA_GATE_FAIL,Failed: T0 disk position,NO
SHRGT45_严格阴性对照前推检索_20260807,NOAA12192_X1.1_20141019,4698,12192,2014-10-17T15:59:25Z,2014.10.17_16:00:00_TAI,"[2014.10.17_13:00:00_TAI, 2014.10.17_16:00:00_TAI]",16,16,PASS,PASS,PASS,FAIL,-76.656517,-13.080297,FAIL,Failed: T0 disk position,1.789140,5.628,NOT_AVAILABLE_IN_INPUT,This query does not include CMASK/effective-pixel fields. It does not claim that measurement-driven trends are excluded.,NOT_FORMAL_INDEPENDENT_CONTROL,2014-10-19T04:17:00Z,36.293,PASS,0,0,CATALOG_CLEAN_BUT_STRICT_DATA_GATE_FAIL,Failed: T0 disk position,NO
SHRGT45_严格阴性对照前推检索_20260807,NOAA12192_X1.1_20141019,4698,12192,2014-10-17T16:11:25Z,2014.10.17_16:12:00_TAI,"[2014.10.17_13:12:00_TAI, 2014.10.17_16:12:00_TAI]",16,16,PASS,PASS,PASS,FAIL,-76.623932,-13.086572,FAIL,Failed: T0 disk position,1.670721,5.715,NOT_AVAILABLE_IN_INPUT,This query does not include CMASK/effective-pixel fields. It does not claim that measurement-driven trends are excluded.,NOT_FORMAL_INDEPENDENT_CONTROL,2014-10-19T04:17:00Z,36.093,PASS,0,0,CATALOG_CLEAN_BUT_STRICT_DATA_GATE_FAIL,Failed: T0 disk position,NO
SHRGT45_严格阴性对照前推检索_20260807,NOAA12192_X1.1_20141019,4698,12192,2014-10-17T16:23:25Z,2014.10.17_16:24:00_TAI,"[2014.10.17_13:24:00_TAI, 2014.10.17_16:24:00_TAI]",16,16,PASS,PASS,PASS,FAIL,-76.559372,-13.102622,FAIL,Failed: T0 disk position,1.502228,4.925,NOT_AVAILABLE_IN_INPUT,This query does not include CMASK/effective-pixel fields. It does not claim that measurement-driven trends are excluded.,NOT_FORMAL_INDEPENDENT_CONTROL,2014-10-19T04:17:00Z,35.893,PASS,0,0,CATALOG_CLEAN_BUT_STRICT_DATA_GATE_FAIL,Failed: T0 disk position,NO
SHRGT45_严格阴性对照前推检索_20260807,NOAA12192_X1.1_20141019,4698,12192,2014-10-17T16:35:25Z,2014.10.17_16:36:00_TAI,"[2014.10.17_13:36:00_TAI, 2014.10.17_16:36:00_TAI]",16,16,PASS,PASS,PASS,FAIL,-76.498474,-13.119478,FAIL,Failed: T0 disk position,1.386603,4.243,NOT_AVAILABLE_IN_INPUT,This query does not include CMASK/effective-pixel fields. It does not claim that measurement-driven trends are excluded.,NOT_FORMAL_INDEPENDENT_CONTROL,2014-10-19T04:17:00Z,35.693,PASS,0,0,CATALOG_CLEAN_BUT_STRICT_DATA_GATE_FAIL,Failed: T0 disk position,NO
SHRGT45_严格阴性对照前推检索_20260807,NOAA12192_X1.1_20141019,4698,12192,2014-10-17T16:47:25Z,2014.10.17_16:48:00_TAI,"[2014.10.17_13:48:00_TAI, 2014.10.17_16:48:00_TAI]",16,16,PASS,PASS,PASS,FAIL,-76.430397,-13.131396,FAIL,Failed: T0 disk position,1.290640,3.695,NOT_AVAILABLE_IN_INPUT,This query does not include CMASK/effective-pixel fields. It does not claim that measurement-driven trends are excluded.,NOT_FORMAL_INDEPENDENT_CONTROL,2014-10-19T04:17:00Z,35.493,PASS,0,0,CATALOG_CLEAN_BUT_STRICT_DATA_GATE_FAIL,Failed: T0 disk position,NO
SHRGT45_严格阴性对照前推检索_20260807,NOAA12192_X1.1_20141019,4698,12192,2014-10-17T16:59:25Z,2014.10.17_17:00:00_TAI,"[2014.10.17_14:00:00_TAI, 2014.10.17_17:00:00_TAI]",16,16,PASS,PASS,PASS,FAIL,-76.409256,-13.142467,FAIL,Failed: T0 disk position,1.179382,3.455,NOT_AVAILABLE_IN_INPUT,This query does not include CMASK/effective-pixel fields. It does not claim that measurement-driven trends are excluded.,NOT_FORMAL_INDEPENDENT_CONTROL,2014-10-19T04:17:00Z,35.293,PASS,0,0,CATALOG_CLEAN_BUT_STRICT_DATA_GATE_FAIL,Failed: T0 disk position,NO
SHRGT45_严格阴性对照前推检索_20260807,NOAA12192_X1.1_20141019,4698,12192,2014-10-17T17:11:25Z,2014.10.17_17:12:00_TAI,"[2014.10.17_14:12:00_TAI, 2014.10.17_17:12:00_TAI]",16,16,PASS,PASS,PASS,FAIL,-76.395920,-13.141103,FAIL,Failed: T0 disk position,1.093750,3.163,NOT_AVAILABLE_IN_INPUT,This query does not include CMASK/effective-pixel fields. It does not claim that measurement-driven trends are excluded.,NOT_FORMAL_INDEPENDENT_CONTROL,2014-10-19T04:17:00Z,35.093,PASS,0,0,CATALOG_CLEAN_BUT_STRICT_DATA_GATE_FAIL,Failed: T0 disk position,NO
SHRGT45_严格阴性对照前推检索_20260807,NOAA12192_X1.1_20141019,4698,12192,2014-10-17T17:23:25Z,2014.10.17_17:24:00_TAI,"[2014.10.17_14:24:00_TAI, 2014.10.17_17:24:00_TAI]",16,16,PASS,PASS,PASS,FAIL,-76.359016,-13.149931,FAIL,Failed: T0 disk position,1.025243,3.362,NOT_AVAILABLE_IN_INPUT,This query does not include CMASK/effective-pixel fields. It does not claim that measurement-driven trends are excluded.,NOT_FORMAL_INDEPENDENT_CONTROL,2014-10-19T04:17:00Z,34.893,PASS,0,0,CATALOG_CLEAN_BUT_STRICT_DATA_GATE_FAIL,Failed: T0 disk position,NO
SHRGT45_严格阴性对照前推检索_20260807,NOAA12192_X1.1_20141019,4698,12192,2014-10-17T17:35:25Z,2014.10.17_17:36:00_TAI,"[2014.10.17_14:36:00_TAI, 2014.10.17_17:36:00_TAI]",16,16,PASS,PASS,PASS,FAIL,-76.257919,-13.170379,FAIL,Failed: T0 disk position,0.920860,3.132,NOT_AVAILABLE_IN_INPUT,This query does not include CMASK/effective-pixel fields. It does not claim that measurement-driven trends are excluded.,NOT_FORMAL_INDEPENDENT_CONTROL,2014-10-19T04:17:00Z,34.693,PASS,0,0,CATALOG_CLEAN_BUT_STRICT_DATA_GATE_FAIL,Failed: T0 disk position,NO
SHRGT45_严格阴性对照前推检索_20260807,NOAA12192_X1.1_20141019,4698,12192,2014-10-17T17:47:25Z,2014.10.17_17:48:00_TAI,"[2014.10.17_14:48:00_TAI, 2014.10.17_17:48:00_TAI]",16,16,PASS,PASS,PASS,FAIL,-76.153999,-13.166827,FAIL,Failed: T0 disk position,0.839904,2.639,NOT_AVAILABLE_IN_INPUT,This query does not include CMASK/effective-pixel fields. It does not claim that measurement-driven trends are excluded.,NOT_FORMAL_INDEPENDENT_CONTROL,2014-10-19T04:17:00Z,34.493,PASS,0,0,CATALOG_CLEAN_BUT_STRICT_DATA_GATE_FAIL,Failed: T0 disk position,NO
SHRGT45_严格阴性对照前推检索_20260807,NOAA12192_X1.1_20141019,4698,12192,2014-10-17T17:59:25Z,2014.10.17_18:00:00_TAI,"[2014.10.17_15:00:00_TAI, 2014.10.17_18:00:00_TAI]",16,16,PASS,PASS,FAIL,FAIL,-76.087479,-13.175911,FAIL,Failed: all QUALITY=0; T0 disk position,0.851390,2.525,NOT_AVAILABLE_IN_INPUT,This query does not include CMASK/effective-pixel fields. It does not claim that measurement-driven trends are excluded.,NOT_FORMAL_INDEPENDENT_CONTROL,2014-10-19T04:17:00Z,34.293,PASS,0,0,CATALOG_CLEAN_BUT_STRICT_DATA_GATE_FAIL,Failed: all QUALITY=0; T0 disk position,NO
SHRGT45_严格阴性对照前推检索_20260807,NOAA12192_X1.1_20141019,4698,12192,2014-10-17T18:11:25Z,2014.10.17_18:12:00_TAI,"[2014.10.17_15:12:00_TAI, 2014.10.17_18:12:00_TAI]",16,16,PASS,PASS,FAIL,FAIL,-75.983849,-13.182523,FAIL,Failed: all QUALITY=0; T0 disk position,0.869199,2.813,NOT_AVAILABLE_IN_INPUT,This query does not include CMASK/effective-pixel fields. It does not claim that measurement-driven trends are excluded.,NOT_FORMAL_INDEPENDENT_CONTROL,2014-10-19T04:17:00Z,34.093,PASS,0,0,CATALOG_CLEAN_BUT_STRICT_DATA_GATE_FAIL,Failed: all QUALITY=0; T0 disk position,NO
SHRGT45_严格阴性对照前推检索_20260807,NOAA12192_X1.1_20141019,4698,12192,2014-10-17T18:23:25Z,2014.10.17_18:24:00_TAI,"[2014.10.17_15:24:00_TAI, 2014.10.17_18:24:00_TAI]",16,16,PASS,PASS,FAIL,FAIL,-75.907326,-13.193345,FAIL,Failed: all QUALITY=0; T0 disk position,0.762037,1.576,NOT_AVAILABLE_IN_INPUT,This query does not include CMASK/effective-pixel fields. It does not claim that measurement-driven trends are excluded.,NOT_FORMAL_INDEPENDENT_CONTROL,2014-10-19T04:17:00Z,33.893,PASS,0,0,CATALOG_CLEAN_BUT_STRICT_DATA_GATE_FAIL,Failed: all QUALITY=0; T0 disk position,NO
SHRGT45_严格阴性对照前推检索_20260807,NOAA12192_X1.1_20141019,4698,12192,2014-10-17T18:35:25Z,2014.10.17_18:36:00_TAI,"[2014.10.17_15:36:00_TAI, 2014.10.17_18:36:00_TAI]",16,16,PASS,PASS,FAIL,FAIL,-75.811356,-13.194196,FAIL,Failed: all QUALITY=0; T0 disk position,0.879419,3.496,NOT_AVAILABLE_IN_INPUT,This query does not include CMASK/effective-pixel fields. It does not claim that measurement-driven trends are excluded.,NOT_FORMAL_INDEPENDENT_CONTROL,2014-10-19T04:17:00Z,33.693,PASS,0,0,CATALOG_CLEAN_BUT_STRICT_DATA_GATE_FAIL,Failed: all QUALITY=0; T0 disk position,NO
SHRGT45_严格阴性对照前推检索_20260807,NOAA12192_X1.1_20141019,4698,12192,2014-10-17T18:47:25Z,2014.10.17_18:48:00_TAI,"[2014.10.17_15:48:00_TAI, 2014.10.17_18:48:00_TAI]",16,16,PASS,PASS,FAIL,FAIL,-75.707062,-13.193635,FAIL,Failed: all QUALITY=0; T0 disk position,0.852412,3.074,NOT_AVAILABLE_IN_INPUT,This query does not include CMASK/effective-pixel fields. It does not claim that measurement-driven trends are excluded.,NOT_FORMAL_INDEPENDENT_CONTROL,2014-10-19T04:17:00Z,33.493,PASS,0,0,CATALOG_CLEAN_BUT_STRICT_DATA_GATE_FAIL,Failed: all QUALITY=0; T0 disk position,NO
SHRGT45_严格阴性对照前推检索_20260807,NOAA12192_X1.1_20141019,4698,12192,2014-10-17T18:59:25Z,2014.10.17_19:00:00_TAI,"[2014.10.17_16:00:00_TAI, 2014.10.17_19:00:00_TAI]",16,16,PASS,PASS,FAIL,FAIL,-75.634628,-13.196507,FAIL,Failed: all QUALITY=0; T0 disk position,0.818471,2.606,NOT_AVAILABLE_IN_INPUT,This query does not include CMASK/effective-pixel fields. It does not claim that measurement-driven trends are excluded.,NOT_FORMAL_INDEPENDENT_CONTROL,2014-10-19T04:17:00Z,33.293,PASS,0,0,CATALOG_CLEAN_BUT_STRICT_DATA_GATE_FAIL,Failed: all QUALITY=0; T0 disk position,NO
SHRGT45_严格阴性对照前推检索_20260807,NOAA12192_X1.1_20141019,4698,12192,2014-10-17T19:11:25Z,2014.10.17_19:12:00_TAI,"[2014.10.17_16:12:00_TAI, 2014.10.17_19:12:00_TAI]",16,16,PASS,PASS,FAIL,FAIL,-75.548111,-13.203370,FAIL,Failed: all QUALITY=0; T0 disk position,0.869846,2.634,NOT_AVAILABLE_IN_INPUT,This query does not include CMASK/effective-pixel fields. It does not claim that measurement-driven trends are excluded.,NOT_FORMAL_INDEPENDENT_CONTROL,2014-10-19T04:17:00Z,33.093,PASS,0,0,CATALOG_CLEAN_BUT_STRICT_DATA_GATE_FAIL,Failed: all QUALITY=0; T0 disk position,NO
SHRGT45_严格阴性对照前推检索_20260807,NOAA12192_X1.1_20141019,4698,12192,2014-10-17T19:23:25Z,2014.10.17_19:24:00_TAI,"[2014.10.17_16:24:00_TAI, 2014.10.17_19:24:00_TAI]",16,16,PASS,PASS,FAIL,FAIL,-75.424294,-13.219037,FAIL,Failed: all QUALITY=0; T0 disk position,0.822044,1.691,NOT_AVAILABLE_IN_INPUT,This query does not include CMASK/effective-pixel fields. It does not claim that measurement-driven trends are excluded.,NOT_FORMAL_INDEPENDENT_CONTROL,2014-10-19T04:17:00Z,32.893,PASS,0,0,CATALOG_CLEAN_BUT_STRICT_DATA_GATE_FAIL,Failed: all QUALITY=0; T0 disk position,NO
SHRGT45_严格阴性对照前推检索_20260807,NOAA12192_X1.1_20141019,4698,12192,2014-10-17T19:35:25Z,2014.10.17_19:36:00_TAI,"[2014.10.17_16:36:00_TAI, 2014.10.17_19:36:00_TAI]",16,16,PASS,PASS,FAIL,FAIL,-75.345375,-13.222484,FAIL,Failed: all QUALITY=0; T0 disk position,0.900147,2.712,NOT_AVAILABLE_IN_INPUT,This query does not include CMASK/effective-pixel fields. It does not claim that measurement-driven trends are excluded.,NOT_FORMAL_INDEPENDENT_CONTROL,2014-10-19T04:17:00Z,32.693,PASS,0,0,CATALOG_CLEAN_BUT_STRICT_DATA_GATE_FAIL,Failed: all QUALITY=0; T0 disk position,NO
SHRGT45_严格阴性对照前推检索_20260807,NOAA12192_X1.1_20141019,4698,12192,2014-10-17T19:47:25Z,2014.10.17_19:48:00_TAI,"[2014.10.17_16:48:00_TAI, 2014.10.17_19:48:00_TAI]",16,16,PASS,PASS,FAIL,FAIL,-75.223679,-13.241577,FAIL,Failed: all QUALITY=0; T0 disk position,1.055169,3.709,NOT_AVAILABLE_IN_INPUT,This query does not include CMASK/effective-pixel fields. It does not claim that measurement-driven trends are excluded.,NOT_FORMAL_INDEPENDENT_CONTROL,2014-10-19T04:17:00Z,32.493,PASS,0,0,CATALOG_CLEAN_BUT_STRICT_DATA_GATE_FAIL,Failed: all QUALITY=0; T0 disk position,NO
SHRGT45_严格阴性对照前推检索_20260807,NOAA12192_X1.1_20141019,4698,12192,2014-10-17T19:59:25Z,2014.10.17_20:00:00_TAI,"[2014.10.17_17:00:00_TAI, 2014.10.17_20:00:00_TAI]",16,16,PASS,PASS,FAIL,FAIL,-75.125687,-13.243439,FAIL,Failed: all QUALITY=0; T0 disk position,1.113846,3.524,NOT_AVAILABLE_IN_INPUT,This query does not include CMASK/effective-pixel fields. It does not claim that measurement-driven trends are excluded.,NOT_FORMAL_INDEPENDENT_CONTROL,2014-10-19T04:17:00Z,32.293,PASS,0,0,CATALOG_CLEAN_BUT_STRICT_DATA_GATE_FAIL,Failed: all QUALITY=0; T0 disk position,NO
SHRGT45_严格阴性对照前推检索_20260807,NOAA12192_X1.1_20141019,4698,12192,2014-10-17T20:11:25Z,2014.10.17_20:12:00_TAI,"[2014.10.17_17:12:00_TAI, 2014.10.17_20:12:00_TAI]",16,16,PASS,PASS,FAIL,FAIL,-75.031563,-13.236752,FAIL,Failed: all QUALITY=0; T0 disk position,1.009081,2.059,NOT_AVAILABLE_IN_INPUT,This query does not include CMASK/effective-pixel fields. It does not claim that measurement-driven trends are excluded.,NOT_FORMAL_INDEPENDENT_CONTROL,2014-10-19T04:17:00Z,32.093,PASS,0,0,CATALOG_CLEAN_BUT_STRICT_DATA_GATE_FAIL,Failed: all QUALITY=0; T0 disk position,NO
SHRGT45_严格阴性对照前推检索_20260807,NOAA12192_X1.1_20141019,4698,12192,2014-10-17T20:23:25Z,2014.10.17_20:24:00_TAI,"[2014.10.17_17:24:00_TAI, 2014.10.17_20:24:00_TAI]",16,16,PASS,PASS,FAIL,FAIL,-74.899590,-13.238682,FAIL,Failed: all QUALITY=0; T0 disk position,0.991059,2.835,NOT_AVAILABLE_IN_INPUT,This query does not include CMASK/effective-pixel fields. It does not claim that measurement-driven trends are excluded.,NOT_FORMAL_INDEPENDENT_CONTROL,2014-10-19T04:17:00Z,31.893,PASS,0,0,CATALOG_CLEAN_BUT_STRICT_DATA_GATE_FAIL,Failed: all QUALITY=0; T0 disk position,NO
SHRGT45_严格阴性对照前推检索_20260807,NOAA12192_X1.1_20141019,4698,12192,2014-10-17T20:35:25Z,2014.10.17_20:36:00_TAI,"[2014.10.17_17:36:00_TAI, 2014.10.17_20:36:00_TAI]",16,16,PASS,PASS,FAIL,FAIL,-74.825386,-13.237693,FAIL,Failed: all QUALITY=0; T0 disk position,0.930243,2.503,NOT_AVAILABLE_IN_INPUT,This query does not include CMASK/effective-pixel fields. It does not claim that measurement-driven trends are excluded.,NOT_FORMAL_INDEPENDENT_CONTROL,2014-10-19T04:17:00Z,31.693,PASS,0,0,CATALOG_CLEAN_BUT_STRICT_DATA_GATE_FAIL,Failed: all QUALITY=0; T0 disk position,NO
SHRGT45_严格阴性对照前推检索_20260807,NOAA12192_X1.1_20141019,4698,12192,2014-10-17T20:47:25Z,2014.10.17_20:48:00_TAI,"[2014.10.17_17:48:00_TAI, 2014.10.17_20:48:00_TAI]",16,16,PASS,PASS,FAIL,FAIL,-74.699326,-13.250435,FAIL,Failed: all QUALITY=0; T0 disk position,0.939382,3.071,NOT_AVAILABLE_IN_INPUT,This query does not include CMASK/effective-pixel fields. It does not claim that measurement-driven trends are excluded.,NOT_FORMAL_INDEPENDENT_CONTROL,2014-10-19T04:17:00Z,31.493,PASS,0,0,CATALOG_CLEAN_BUT_STRICT_DATA_GATE_FAIL,Failed: all QUALITY=0; T0 disk position,NO
SHRGT45_严格阴性对照前推检索_20260807,NOAA12192_X1.1_20141019,4698,12192,2014-10-17T20:59:25Z,2014.10.17_21:00:00_TAI,"[2014.10.17_18:00:00_TAI, 2014.10.17_21:00:00_TAI]",16,16,PASS,PASS,FAIL,FAIL,-74.588493,-13.260143,FAIL,Failed: all QUALITY=0; T0 disk position,0.918801,2.514,NOT_AVAILABLE_IN_INPUT,This query does not include CMASK/effective-pixel fields. It does not claim that measurement-driven trends are excluded.,NOT_FORMAL_INDEPENDENT_CONTROL,2014-10-19T04:17:00Z,31.293,PASS,0,0,CATALOG_CLEAN_BUT_STRICT_DATA_GATE_FAIL,Failed: all QUALITY=0; T0 disk position,NO
SHRGT45_严格阴性对照前推检索_20260807,NOAA12192_X1.1_20141019,4698,12192,2014-10-17T21:11:25Z,2014.10.17_21:12:00_TAI,"[2014.10.17_18:12:00_TAI, 2014.10.17_21:12:00_TAI]",16,16,PASS,PASS,FAIL,FAIL,-74.490692,-13.256050,FAIL,Failed: all QUALITY=0; T0 disk position,0.940551,2.953,NOT_AVAILABLE_IN_INPUT,This query does not include CMASK/effective-pixel fields. It does not claim that measurement-driven trends are excluded.,NOT_FORMAL_INDEPENDENT_CONTROL,2014-10-19T04:17:00Z,31.093,PASS,0,0,CATALOG_CLEAN_BUT_STRICT_DATA_GATE_FAIL,Failed: all QUALITY=0; T0 disk position,NO
SHRGT45_严格阴性对照前推检索_20260807,NOAA12192_X1.1_20141019,4698,12192,2014-10-17T21:23:25Z,2014.10.17_21:24:00_TAI,"[2014.10.17_18:24:00_TAI, 2014.10.17_21:24:00_TAI]",16,16,PASS,PASS,FAIL,FAIL,-74.394463,-13.268392,FAIL,Failed: all QUALITY=0; T0 disk position,0.890199,3.163,NOT_AVAILABLE_IN_INPUT,This query does not include CMASK/effective-pixel fields. It does not claim that measurement-driven trends are excluded.,NOT_FORMAL_INDEPENDENT_CONTROL,2014-10-19T04:17:00Z,30.893,PASS,0,0,CATALOG_CLEAN_BUT_STRICT_DATA_GATE_FAIL,Failed: all QUALITY=0; T0 disk position,NO
SHRGT45_严格阴性对照前推检索_20260807,NOAA12192_X1.1_20141019,4698,12192,2014-10-17T21:35:25Z,2014.10.17_21:36:00_TAI,"[2014.10.17_18:36:00_TAI, 2014.10.17_21:36:00_TAI]",16,16,PASS,PASS,FAIL,FAIL,-74.273918,-13.257271,FAIL,Failed: all QUALITY=0; T0 disk position,0.804029,2.251,NOT_AVAILABLE_IN_INPUT,This query does not include CMASK/effective-pixel fields. It does not claim that measurement-driven trends are excluded.,NOT_FORMAL_INDEPENDENT_CONTROL,2014-10-19T04:17:00Z,30.693,PASS,0,0,CATALOG_CLEAN_BUT_STRICT_DATA_GATE_FAIL,Failed: all QUALITY=0; T0 disk position,NO
SHRGT45_严格阴性对照前推检索_20260807,NOAA12192_X1.1_20141019,4698,12192,2014-10-17T21:47:25Z,2014.10.17_21:48:00_TAI,"[2014.10.17_18:48:00_TAI, 2014.10.17_21:48:00_TAI]",16,16,PASS,PASS,FAIL,FAIL,-74.157326,-13.270647,FAIL,Failed: all QUALITY=0; T0 disk position,0.846007,2.636,NOT_AVAILABLE_IN_INPUT,This query does not include CMASK/effective-pixel fields. It does not claim that measurement-driven trends are excluded.,NOT_FORMAL_INDEPENDENT_CONTROL,2014-10-19T04:17:00Z,30.493,PASS,0,0,CATALOG_CLEAN_BUT_STRICT_DATA_GATE_FAIL,Failed: all QUALITY=0; T0 disk position,NO
SHRGT45_严格阴性对照前推检索_20260807,NOAA12192_X1.1_20141019,4698,12192,2014-10-17T21:59:25Z,2014.10.17_22:00:00_TAI,"[2014.10.17_19:00:00_TAI, 2014.10.17_22:00:00_TAI]",16,16,PASS,PASS,FAIL,FAIL,-74.032043,-13.275961,FAIL,Failed: all QUALITY=0; T0 disk position,0.877676,2.969,NOT_AVAILABLE_IN_INPUT,This query does not include CMASK/effective-pixel fields. It does not claim that measurement-driven trends are excluded.,NOT_FORMAL_INDEPENDENT_CONTROL,2014-10-19T04:17:00Z,30.293,PASS,0,0,CATALOG_CLEAN_BUT_STRICT_DATA_GATE_FAIL,Failed: all QUALITY=0; T0 disk position,NO
SHRGT45_严格阴性对照前推检索_20260807,NOAA12192_X1.1_20141019,4698,12192,2014-10-17T22:11:25Z,2014.10.17_22:12:00_TAI,"[2014.10.17_19:12:00_TAI, 2014.10.17_22:12:00_TAI]",16,16,PASS,PASS,FAIL,FAIL,-73.929459,-13.276668,FAIL,Failed: all QUALITY=0; T0 disk position,0.850243,2.176,NOT_AVAILABLE_IN_INPUT,This query does not include CMASK/effective-pixel fields. It does not claim that measurement-driven trends are excluded.,NOT_FORMAL_INDEPENDENT_CONTROL,2014-10-19T04:17:00Z,30.093,PASS,0,0,CATALOG_CLEAN_BUT_STRICT_DATA_GATE_FAIL,Failed: all QUALITY=0; T0 disk position,NO
SHRGT45_严格阴性对照前推检索_20260807,NOAA12192_X1.1_20141019,4698,12192,2014-10-17T22:23:25Z,2014.10.17_22:24:00_TAI,"[2014.10.17_19:24:00_TAI, 2014.10.17_22:24:00_TAI]",16,16,PASS,PASS,FAIL,FAIL,-73.837669,-13.289021,FAIL,Failed: all QUALITY=0; T0 disk position,0.877831,3.485,NOT_AVAILABLE_IN_INPUT,This query does not include CMASK/effective-pixel fields. It does not claim that measurement-driven trends are excluded.,NOT_FORMAL_INDEPENDENT_CONTROL,2014-10-19T04:17:00Z,29.893,PASS,0,0,CATALOG_CLEAN_BUT_STRICT_DATA_GATE_FAIL,Failed: all QUALITY=0; T0 disk position,NO
SHRGT45_严格阴性对照前推检索_20260807,NOAA12192_X1.1_20141019,4698,12192,2014-10-17T22:35:25Z,2014.10.17_22:36:00_TAI,"[2014.10.17_19:36:00_TAI, 2014.10.17_22:36:00_TAI]",16,16,PASS,PASS,FAIL,FAIL,-73.721954,-13.288832,FAIL,Failed: all QUALITY=0; T0 disk position,0.728103,1.918,NOT_AVAILABLE_IN_INPUT,This query does not include CMASK/effective-pixel fields. It does not claim that measurement-driven trends are excluded.,NOT_FORMAL_INDEPENDENT_CONTROL,2014-10-19T04:17:00Z,29.693,PASS,0,0,CATALOG_CLEAN_BUT_STRICT_DATA_GATE_FAIL,Failed: all QUALITY=0; T0 disk position,NO
SHRGT45_严格阴性对照前推检索_20260807,NOAA12192_X1.1_20141019,4698,12192,2014-10-17T22:47:25Z,2014.10.17_22:48:00_TAI,"[2014.10.17_19:48:00_TAI, 2014.10.17_22:48:00_TAI]",16,16,PASS,PASS,FAIL,FAIL,-73.597511,-13.293684,FAIL,Failed: all QUALITY=0; T0 disk position,0.736566,1.528,NOT_AVAILABLE_IN_INPUT,This query does not include CMASK/effective-pixel fields. It does not claim that measurement-driven trends are excluded.,NOT_FORMAL_INDEPENDENT_CONTROL,2014-10-19T04:17:00Z,29.493,PASS,0,0,CATALOG_CLEAN_BUT_STRICT_DATA_GATE_FAIL,Failed: all QUALITY=0; T0 disk position,NO
SHRGT45_严格阴性对照前推检索_20260807,NOAA12192_X1.1_20141019,4698,12192,2014-10-17T22:59:25Z,2014.10.17_23:00:00_TAI,"[2014.10.17_20:00:00_TAI, 2014.10.17_23:00:00_TAI]",16,16,PASS,PASS,FAIL,FAIL,-73.506012,-13.300177,FAIL,Failed: all QUALITY=0; T0 disk position,0.719471,0.882,NOT_AVAILABLE_IN_INPUT,This query does not include CMASK/effective-pixel fields. It does not claim that measurement-driven trends are excluded.,NOT_FORMAL_INDEPENDENT_CONTROL,2014-10-19T04:17:00Z,29.293,PASS,0,0,CATALOG_CLEAN_BUT_STRICT_DATA_GATE_FAIL,Failed: all QUALITY=0; T0 disk position,NO
SHRGT45_严格阴性对照前推检索_20260807,NOAA12192_X1.1_20141019,4698,12192,2014-10-17T23:11:25Z,2014.10.17_23:12:00_TAI,"[2014.10.17_20:12:00_TAI, 2014.10.17_23:12:00_TAI]",16,16,PASS,PASS,FAIL,FAIL,-73.399765,-13.298772,FAIL,Failed: all QUALITY=0; T0 disk position,0.802897,3.108,NOT_AVAILABLE_IN_INPUT,This query does not include CMASK/effective-pixel fields. It does not claim that measurement-driven trends are excluded.,NOT_FORMAL_INDEPENDENT_CONTROL,2014-10-19T04:17:00Z,29.093,PASS,0,0,CATALOG_CLEAN_BUT_STRICT_DATA_GATE_FAIL,Failed: all QUALITY=0; T0 disk position,NO
SHRGT45_严格阴性对照前推检索_20260807,NOAA12192_X1.1_20141019,4698,12192,2014-10-17T23:23:25Z,2014.10.17_23:24:00_TAI,"[2014.10.17_20:24:00_TAI, 2014.10.17_23:24:00_TAI]",16,16,PASS,PASS,FAIL,FAIL,-73.306351,-13.296634,FAIL,Failed: all QUALITY=0; T0 disk position,0.596868,1.302,NOT_AVAILABLE_IN_INPUT,This query does not include CMASK/effective-pixel fields. It does not claim that measurement-driven trends are excluded.,NOT_FORMAL_INDEPENDENT_CONTROL,2014-10-19T04:17:00Z,28.893,PASS,0,0,CATALOG_CLEAN_BUT_STRICT_DATA_GATE_FAIL,Failed: all QUALITY=0; T0 disk position,NO
SHRGT45_严格阴性对照前推检索_20260807,NOAA12192_X1.1_20141019,4698,12192,2014-10-17T23:35:25Z,2014.10.17_23:36:00_TAI,"[2014.10.17_20:36:00_TAI, 2014.10.17_23:36:00_TAI]",16,16,PASS,PASS,FAIL,FAIL,-73.214058,-13.294187,FAIL,Failed: all QUALITY=0; T0 disk position,0.602757,2.631,NOT_AVAILABLE_IN_INPUT,This query does not include CMASK/effective-pixel fields. It does not claim that measurement-driven trends are excluded.,NOT_FORMAL_INDEPENDENT_CONTROL,2014-10-19T04:17:00Z,28.693,PASS,0,0,CATALOG_CLEAN_BUT_STRICT_DATA_GATE_FAIL,Failed: all QUALITY=0; T0 disk position,NO
SHRGT45_严格阴性对照前推检索_20260807,NOAA12192_X1.1_20141019,4698,12192,2014-10-17T23:47:25Z,2014.10.17_23:48:00_TAI,"[2014.10.17_20:48:00_TAI, 2014.10.17_23:48:00_TAI]",16,16,PASS,PASS,FAIL,FAIL,-73.117271,-13.282753,FAIL,Failed: all QUALITY=0; T0 disk position,0.417971,0.617,NOT_AVAILABLE_IN_INPUT,This query does not include CMASK/effective-pixel fields. It does not claim that measurement-driven trends are excluded.,NOT_FORMAL_INDEPENDENT_CONTROL,2014-10-19T04:17:00Z,28.493,PASS,0,0,CATALOG_CLEAN_BUT_STRICT_DATA_GATE_FAIL,Failed: all QUALITY=0; T0 disk position,NO
SHRGT45_严格阴性对照前推检索_20260807,NOAA12192_X1.1_20141019,4698,12192,2014-10-17T23:59:25Z,2014.10.18_00:00:00_TAI,"[2014.10.17_21:00:00_TAI, 2014.10.18_00:00:00_TAI]",16,16,PASS,PASS,FAIL,FAIL,-72.999496,-13.281705,FAIL,Failed: all QUALITY=0; T0 disk position,0.263596,0.267,NOT_AVAILABLE_IN_INPUT,This query does not include CMASK/effective-pixel fields. It does not claim that measurement-driven trends are excluded.,NOT_FORMAL_INDEPENDENT_CONTROL,2014-10-19T04:17:00Z,28.293,PASS,0,0,CATALOG_CLEAN_BUT_STRICT_DATA_GATE_FAIL,Failed: all QUALITY=0; T0 disk position,NO
SHRGT45_严格阴性对照前推检索_20260807,NOAA12192_X1.1_20141019,4698,12192,2014-10-18T00:11:25Z,2014.10.18_00:12:00_TAI,"[2014.10.17_21:12:00_TAI, 2014.10.18_00:12:00_TAI]",16,16,PASS,PASS,FAIL,FAIL,-72.888573,-13.292896,FAIL,Failed: all QUALITY=0; T0 disk position,0.066029,-0.251,NOT_AVAILABLE_IN_INPUT,This query does not include CMASK/effective-pixel fields. It does not claim that measurement-driven trends are excluded.,NOT_FORMAL_INDEPENDENT_CONTROL,2014-10-19T04:17:00Z,28.093,PASS,0,0,CATALOG_CLEAN_BUT_STRICT_DATA_GATE_FAIL,Failed: all QUALITY=0; T0 disk position,NO
SHRGT45_严格阴性对照前推检索_20260807,NOAA12192_X1.1_20141019,4698,12192,2014-10-18T00:23:25Z,2014.10.18_00:24:00_TAI,"[2014.10.17_21:24:00_TAI, 2014.10.18_00:24:00_TAI]",16,16,PASS,PASS,PASS,FAIL,-72.781441,-13.286695,FAIL,Failed: T0 disk position,-0.134353,-0.489,NOT_AVAILABLE_IN_INPUT,This query does not include CMASK/effective-pixel fields. It does not claim that measurement-driven trends are excluded.,NOT_FORMAL_INDEPENDENT_CONTROL,2014-10-19T04:17:00Z,27.893,PASS,0,0,CATALOG_CLEAN_BUT_STRICT_DATA_GATE_FAIL,Failed: T0 disk position,NO
SHRGT45_严格阴性对照前推检索_20260807,NOAA12192_X1.1_20141019,4698,12192,2014-10-18T00:35:25Z,2014.10.18_00:36:00_TAI,"[2014.10.17_21:36:00_TAI, 2014.10.18_00:36:00_TAI]",16,16,PASS,PASS,PASS,FAIL,-72.671410,-13.289654,FAIL,Failed: T0 disk position,-0.349051,-0.991,NOT_AVAILABLE_IN_INPUT,This query does not include CMASK/effective-pixel fields. It does not claim that measurement-driven trends are excluded.,NOT_FORMAL_INDEPENDENT_CONTROL,2014-10-19T04:17:00Z,27.693,PASS,0,0,CATALOG_CLEAN_BUT_STRICT_DATA_GATE_FAIL,Failed: T0 disk position,NO
SHRGT45_严格阴性对照前推检索_20260807,NOAA12192_X1.1_20141019,4698,12192,2014-10-18T00:47:25Z,2014.10.18_00:48:00_TAI,"[2014.10.17_21:48:00_TAI, 2014.10.18_00:48:00_TAI]",16,16,PASS,PASS,PASS,FAIL,-72.555252,-13.299540,FAIL,Failed: T0 disk position,-0.579397,-1.815,NOT_AVAILABLE_IN_INPUT,This query does not include CMASK/effective-pixel fields. It does not claim that measurement-driven trends are excluded.,NOT_FORMAL_INDEPENDENT_CONTROL,2014-10-19T04:17:00Z,27.493,PASS,0,0,CATALOG_CLEAN_BUT_STRICT_DATA_GATE_FAIL,Failed: T0 disk position,NO
SHRGT45_严格阴性对照前推检索_20260807,NOAA12192_X1.1_20141019,4698,12192,2014-10-18T00:59:25Z,2014.10.18_01:00:00_TAI,"[2014.10.17_22:00:00_TAI, 2014.10.18_01:00:00_TAI]",16,16,PASS,PASS,PASS,FAIL,-72.439842,-13.295933,FAIL,Failed: T0 disk position,-0.707059,-1.769,NOT_AVAILABLE_IN_INPUT,This query does not include CMASK/effective-pixel fields. It does not claim that measurement-driven trends are excluded.,NOT_FORMAL_INDEPENDENT_CONTROL,2014-10-19T04:17:00Z,27.293,PASS,0,0,CATALOG_CLEAN_BUT_STRICT_DATA_GATE_FAIL,Failed: T0 disk position,NO
SHRGT45_严格阴性对照前推检索_20260807,NOAA12192_X1.1_20141019,4698,12192,2014-10-18T12:23:25Z,2014.10.18_12:24:00_TAI,"[2014.10.18_09:24:00_TAI, 2014.10.18_12:24:00_TAI]",16,16,PASS,PASS,PASS,FAIL,-65.792328,-13.235651,FAIL,Failed: T0 disk position,-0.325132,-1.390,NOT_AVAILABLE_IN_INPUT,This query does not include CMASK/effective-pixel fields. It does not claim that measurement-driven trends are excluded.,NOT_FORMAL_INDEPENDENT_CONTROL,2014-10-19T04:17:00Z,15.893,PASS,0,0,CATALOG_CLEAN_BUT_STRICT_DATA_GATE_FAIL,Failed: T0 disk position,NO
SHRGT45_严格阴性对照前推检索_20260807,NOAA12192_X1.1_20141019,4698,12192,2014-10-18T12:35:25Z,2014.10.18_12:36:00_TAI,"[2014.10.18_09:36:00_TAI, 2014.10.18_12:36:00_TAI]",16,16,PASS,PASS,PASS,FAIL,-65.687981,-13.245896,FAIL,Failed: T0 disk position,-0.274610,-1.155,NOT_AVAILABLE_IN_INPUT,This query does not include CMASK/effective-pixel fields. It does not claim that measurement-driven trends are excluded.,NOT_FORMAL_INDEPENDENT_CONTROL,2014-10-19T04:17:00Z,15.693,PASS,0,0,CATALOG_CLEAN_BUT_STRICT_DATA_GATE_FAIL,Failed: T0 disk position,NO
SHRGT45_严格阴性对照前推检索_20260807,NOAA12192_X1.1_20141019,4698,12192,2014-10-18T12:47:25Z,2014.10.18_12:48:00_TAI,"[2014.10.18_09:48:00_TAI, 2014.10.18_12:48:00_TAI]",16,16,PASS,PASS,PASS,FAIL,-65.568069,-13.241520,FAIL,Failed: T0 disk position,-0.235890,-0.533,NOT_AVAILABLE_IN_INPUT,This query does not include CMASK/effective-pixel fields. It does not claim that measurement-driven trends are excluded.,NOT_FORMAL_INDEPENDENT_CONTROL,2014-10-19T04:17:00Z,15.493,PASS,0,0,CATALOG_CLEAN_BUT_STRICT_DATA_GATE_FAIL,Failed: T0 disk position,NO
SHRGT45_严格阴性对照前推检索_20260807,NOAA12192_X1.1_20141019,4698,12192,2014-10-18T12:59:25Z,2014.10.18_13:00:00_TAI,"[2014.10.18_10:00:00_TAI, 2014.10.18_13:00:00_TAI]",16,16,PASS,PASS,PASS,FAIL,-65.482971,-13.240374,FAIL,Failed: T0 disk position,-0.295985,-0.779,NOT_AVAILABLE_IN_INPUT,This query does not include CMASK/effective-pixel fields. It does not claim that measurement-driven trends are excluded.,NOT_FORMAL_INDEPENDENT_CONTROL,2014-10-19T04:17:00Z,15.293,PASS,0,0,CATALOG_CLEAN_BUT_STRICT_DATA_GATE_FAIL,Failed: T0 disk position,NO
SHRGT45_严格阴性对照前推检索_20260807,NOAA12192_X1.1_20141019,4698,12192,2014-10-18T13:11:25Z,2014.10.18_13:12:00_TAI,"[2014.10.18_10:12:00_TAI, 2014.10.18_13:12:00_TAI]",16,16,PASS,PASS,PASS,FAIL,-65.339584,-13.234882,FAIL,Failed: T0 disk position,-0.334147,-0.725,NOT_AVAILABLE_IN_INPUT,This query does not include CMASK/effective-pixel fields. It does not claim that measurement-driven trends are excluded.,NOT_FORMAL_INDEPENDENT_CONTROL,2014-10-19T04:17:00Z,15.093,PASS,0,0,CATALOG_CLEAN_BUT_STRICT_DATA_GATE_FAIL,Failed: T0 disk position,NO
SHRGT45_严格阴性对照前推检索_20260807,NOAA12192_X1.1_20141019,4698,12192,2014-10-18T13:23:25Z,2014.10.18_13:24:00_TAI,"[2014.10.18_10:24:00_TAI, 2014.10.18_13:24:00_TAI]",16,16,PASS,PASS,PASS,FAIL,-65.255798,-13.219497,FAIL,Failed: T0 disk position,-0.311574,-0.588,NOT_AVAILABLE_IN_INPUT,This query does not include CMASK/effective-pixel fields. It does not claim that measurement-driven trends are excluded.,NOT_FORMAL_INDEPENDENT_CONTROL,2014-10-19T04:17:00Z,14.893,PASS,0,0,CATALOG_CLEAN_BUT_STRICT_DATA_GATE_FAIL,Failed: T0 disk position,NO
SHRGT45_严格阴性对照前推检索_20260807,NOAA12192_X1.1_20141019,4698,12192,2014-10-18T13:35:25Z,2014.10.18_13:36:00_TAI,"[2014.10.18_10:36:00_TAI, 2014.10.18_13:36:00_TAI]",16,16,PASS,PASS,PASS,FAIL,-65.162598,-13.217085,FAIL,Failed: T0 disk position,-0.230721,-0.341,NOT_AVAILABLE_IN_INPUT,This query does not include CMASK/effective-pixel fields. It does not claim that measurement-driven trends are excluded.,NOT_FORMAL_INDEPENDENT_CONTROL,2014-10-19T04:17:00Z,14.693,PASS,0,0,CATALOG_CLEAN_BUT_STRICT_DATA_GATE_FAIL,Failed: T0 disk position,NO
SHRGT45_严格阴性对照前推检索_20260807,NOAA12192_X1.1_20141019,4698,12192,2014-10-18T13:47:25Z,2014.10.18_13:48:00_TAI,"[2014.10.18_10:48:00_TAI, 2014.10.18_13:48:00_TAI]",16,16,PASS,PASS,PASS,FAIL,-65.046265,-13.201398,FAIL,Failed: T0 disk position,-0.182794,-0.176,NOT_AVAILABLE_IN_INPUT,This query does not include CMASK/effective-pixel fields. It does not claim that measurement-driven trends are excluded.,NOT_FORMAL_INDEPENDENT_CONTROL,2014-10-19T04:17:00Z,14.493,PASS,0,0,CATALOG_CLEAN_BUT_STRICT_DATA_GATE_FAIL,Failed: T0 disk position,NO
SHRGT45_严格阴性对照前推检索_20260807,NOAA12192_X1.1_20141019,4698,12192,2014-10-18T13:59:25Z,2014.10.18_14:00:00_TAI,"[2014.10.18_11:00:00_TAI, 2014.10.18_14:00:00_TAI]",16,16,PASS,PASS,PASS,FAIL,-64.952049,-13.212936,FAIL,Failed: T0 disk position,-0.176838,-0.340,NOT_AVAILABLE_IN_INPUT,This query does not include CMASK/effective-pixel fields. It does not claim that measurement-driven trends are excluded.,NOT_FORMAL_INDEPENDENT_CONTROL,2014-10-19T04:17:00Z,14.293,PASS,0,0,CATALOG_CLEAN_BUT_STRICT_DATA_GATE_FAIL,Failed: T0 disk position,NO
SHRGT45_严格阴性对照前推检索_20260807,NOAA12192_X1.1_20141019,4698,12192,2014-10-18T14:11:25Z,2014.10.18_14:12:00_TAI,"[2014.10.18_11:12:00_TAI, 2014.10.18_14:12:00_TAI]",16,16,PASS,PASS,PASS,FAIL,-64.858696,-13.214014,FAIL,Failed: T0 disk position,-0.138088,-0.760,NOT_AVAILABLE_IN_INPUT,This query does not include CMASK/effective-pixel fields. It does not claim that measurement-driven trends are excluded.,NOT_FORMAL_INDEPENDENT_CONTROL,2014-10-19T04:17:00Z,14.093,PASS,0,0,CATALOG_CLEAN_BUT_STRICT_DATA_GATE_FAIL,Failed: T0 disk position,NO
SHRGT45_严格阴性对照前推检索_20260807,NOAA12192_X1.1_20141019,4698,12192,2014-10-18T14:23:25Z,2014.10.18_14:24:00_TAI,"[2014.10.18_11:24:00_TAI, 2014.10.18_14:24:00_TAI]",16,16,PASS,PASS,PASS,FAIL,-64.744278,-13.198301,FAIL,Failed: T0 disk position,-0.046360,-0.421,NOT_AVAILABLE_IN_INPUT,This query does not include CMASK/effective-pixel fields. It does not claim that measurement-driven trends are excluded.,NOT_FORMAL_INDEPENDENT_CONTROL,2014-10-19T04:17:00Z,13.893,PASS,0,0,CATALOG_CLEAN_BUT_STRICT_DATA_GATE_FAIL,Failed: T0 disk position,NO
SHRGT45_严格阴性对照前推检索_20260807,NOAA12192_X1.1_20141019,4698,12192,2014-10-18T14:35:25Z,2014.10.18_14:36:00_TAI,"[2014.10.18_11:36:00_TAI, 2014.10.18_14:36:00_TAI]",16,16,PASS,PASS,PASS,FAIL,-64.663071,-13.194960,FAIL,Failed: T0 disk position,-0.025757,-0.385,NOT_AVAILABLE_IN_INPUT,This query does not include CMASK/effective-pixel fields. It does not claim that measurement-driven trends are excluded.,NOT_FORMAL_INDEPENDENT_CONTROL,2014-10-19T04:17:00Z,13.693,PASS,0,0,CATALOG_CLEAN_BUT_STRICT_DATA_GATE_FAIL,Failed: T0 disk position,NO
SHRGT45_严格阴性对照前推检索_20260807,NOAA12192_X1.1_20141019,4698,12192,2014-10-18T14:47:25Z,2014.10.18_14:48:00_TAI,"[2014.10.18_11:48:00_TAI, 2014.10.18_14:48:00_TAI]",16,16,PASS,PASS,PASS,FAIL,-64.557358,-13.186639,FAIL,Failed: T0 disk position,-0.007765,-0.313,NOT_AVAILABLE_IN_INPUT,This query does not include CMASK/effective-pixel fields. It does not claim that measurement-driven trends are excluded.,NOT_FORMAL_INDEPENDENT_CONTROL,2014-10-19T04:17:00Z,13.493,PASS,0,0,CATALOG_CLEAN_BUT_STRICT_DATA_GATE_FAIL,Failed: T0 disk position,NO
SHRGT45_严格阴性对照前推检索_20260807,NOAA12192_X1.1_20141019,4698,12192,2014-10-18T14:59:25Z,2014.10.18_15:00:00_TAI,"[2014.10.18_12:00:00_TAI, 2014.10.18_15:00:00_TAI]",16,16,PASS,PASS,PASS,FAIL,-64.452652,-13.187860,FAIL,Failed: T0 disk position,0.074941,0.338,NOT_AVAILABLE_IN_INPUT,This query does not include CMASK/effective-pixel fields. It does not claim that measurement-driven trends are excluded.,NOT_FORMAL_INDEPENDENT_CONTROL,2014-10-19T04:17:00Z,13.293,PASS,0,0,CATALOG_CLEAN_BUT_STRICT_DATA_GATE_FAIL,Failed: T0 disk position,NO
SHRGT45_严格阴性对照前推检索_20260807,NOAA12192_X1.1_20141019,4698,12192,2014-10-18T15:11:25Z,2014.10.18_15:12:00_TAI,"[2014.10.18_12:12:00_TAI, 2014.10.18_15:12:00_TAI]",16,16,PASS,PASS,PASS,FAIL,-64.350822,-13.195982,FAIL,Failed: T0 disk position,0.133044,0.487,NOT_AVAILABLE_IN_INPUT,This query does not include CMASK/effective-pixel fields. It does not claim that measurement-driven trends are excluded.,NOT_FORMAL_INDEPENDENT_CONTROL,2014-10-19T04:17:00Z,13.093,PASS,0,0,CATALOG_CLEAN_BUT_STRICT_DATA_GATE_FAIL,Failed: T0 disk position,NO
SHRGT45_严格阴性对照前推检索_20260807,NOAA12192_X1.1_20141019,4698,12192,2014-10-18T15:23:25Z,2014.10.18_15:24:00_TAI,"[2014.10.18_12:24:00_TAI, 2014.10.18_15:24:00_TAI]",16,16,PASS,PASS,PASS,FAIL,-64.241112,-13.200189,FAIL,Failed: T0 disk position,0.155750,0.509,NOT_AVAILABLE_IN_INPUT,This query does not include CMASK/effective-pixel fields. It does not claim that measurement-driven trends are excluded.,NOT_FORMAL_INDEPENDENT_CONTROL,2014-10-19T04:17:00Z,12.893,PASS,0,0,CATALOG_CLEAN_BUT_STRICT_DATA_GATE_FAIL,Failed: T0 disk position,NO
SHRGT45_严格阴性对照前推检索_20260807,NOAA12192_X1.1_20141019,4698,12192,2014-10-18T15:35:25Z,2014.10.18_15:36:00_TAI,"[2014.10.18_12:36:00_TAI, 2014.10.18_15:36:00_TAI]",16,16,PASS,PASS,PASS,FAIL,-64.146645,-13.198958,FAIL,Failed: T0 disk position,0.160162,0.281,NOT_AVAILABLE_IN_INPUT,This query does not include CMASK/effective-pixel fields. It does not claim that measurement-driven trends are excluded.,NOT_FORMAL_INDEPENDENT_CONTROL,2014-10-19T04:17:00Z,12.693,PASS,0,0,CATALOG_CLEAN_BUT_STRICT_DATA_GATE_FAIL,Failed: T0 disk position,NO
SHRGT45_严格阴性对照前推检索_20260807,NOAA12192_X1.1_20141019,4698,12192,2014-10-18T15:47:25Z,2014.10.18_15:48:00_TAI,"[2014.10.18_12:48:00_TAI, 2014.10.18_15:48:00_TAI]",16,16,PASS,PASS,PASS,FAIL,-64.063858,-13.191506,FAIL,Failed: T0 disk position,0.184265,0.523,NOT_AVAILABLE_IN_INPUT,This query does not include CMASK/effective-pixel fields. It does not claim that measurement-driven trends are excluded.,NOT_FORMAL_INDEPENDENT_CONTROL,2014-10-19T04:17:00Z,12.493,PASS,0,0,CATALOG_CLEAN_BUT_STRICT_DATA_GATE_FAIL,Failed: T0 disk position,NO
SHRGT45_严格阴性对照前推检索_20260807,NOAA12192_X1.1_20141019,4698,12192,2014-10-18T15:59:25Z,2014.10.18_16:00:00_TAI,"[2014.10.18_13:00:00_TAI, 2014.10.18_16:00:00_TAI]",16,16,PASS,PASS,PASS,FAIL,-63.953716,-13.199672,FAIL,Failed: T0 disk position,0.182257,0.701,NOT_AVAILABLE_IN_INPUT,This query does not include CMASK/effective-pixel fields. It does not claim that measurement-driven trends are excluded.,NOT_FORMAL_INDEPENDENT_CONTROL,2014-10-19T04:17:00Z,12.293,PASS,0,0,CATALOG_CLEAN_BUT_STRICT_DATA_GATE_FAIL,Failed: T0 disk position,NO
SHRGT45_严格阴性对照前推检索_20260807,NOAA12297_X2.1_20150311,5298,12297,2015-03-08T16:11:25Z,2015.03.08_16:12:00_TAI,"[2015.03.08_13:12:00_TAI, 2015.03.08_16:12:00_TAI]",16,16,PASS,PASS,PASS,FAIL,-58.763344,-17.104282,FAIL,Failed: T0 disk position,0.165140,0.203,NOT_AVAILABLE_IN_INPUT,This query does not include CMASK/effective-pixel fields. It does not claim that measurement-driven trends are excluded.,NOT_FORMAL_INDEPENDENT_CONTROL,2015-03-11T16:11:00Z,71.993,PASS,0,0,CATALOG_CLEAN_BUT_STRICT_DATA_GATE_FAIL,Failed: T0 disk position,NO
SHRGT45_严格阴性对照前推检索_20260807,NOAA12297_X2.1_20150311,5298,12297,2015-03-08T16:23:25Z,2015.03.08_16:24:00_TAI,"[2015.03.08_13:24:00_TAI, 2015.03.08_16:24:00_TAI]",16,16,PASS,PASS,PASS,FAIL,-58.655151,-17.096636,FAIL,Failed: T0 disk position,0.160949,0.233,NOT_AVAILABLE_IN_INPUT,This query does not include CMASK/effective-pixel fields. It does not claim that measurement-driven trends are excluded.,NOT_FORMAL_INDEPENDENT_CONTROL,2015-03-11T16:11:00Z,71.793,PASS,0,0,CATALOG_CLEAN_BUT_STRICT_DATA_GATE_FAIL,Failed: T0 disk position,NO
SHRGT45_严格阴性对照前推检索_20260807,NOAA12297_X2.1_20150311,5298,12297,2015-03-08T16:35:25Z,2015.03.08_16:36:00_TAI,"[2015.03.08_13:36:00_TAI, 2015.03.08_16:36:00_TAI]",16,16,PASS,PASS,PASS,FAIL,-58.533344,-17.089874,FAIL,Failed: T0 disk position,0.217632,0.729,NOT_AVAILABLE_IN_INPUT,This query does not include CMASK/effective-pixel fields. It does not claim that measurement-driven trends are excluded.,NOT_FORMAL_INDEPENDENT_CONTROL,2015-03-11T16:11:00Z,71.593,PASS,0,0,CATALOG_CLEAN_BUT_STRICT_DATA_GATE_FAIL,Failed: T0 disk position,NO
SHRGT45_严格阴性对照前推检索_20260807,NOAA12297_X2.1_20150311,5298,12297,2015-03-08T16:47:25Z,2015.03.08_16:48:00_TAI,"[2015.03.08_13:48:00_TAI, 2015.03.08_16:48:00_TAI]",16,16,PASS,PASS,PASS,FAIL,-58.426590,-17.103289,FAIL,Failed: T0 disk position,0.248926,0.637,NOT_AVAILABLE_IN_INPUT,This query does not include CMASK/effective-pixel fields. It does not claim that measurement-driven trends are excluded.,NOT_FORMAL_INDEPENDENT_CONTROL,2015-03-11T16:11:00Z,71.393,PASS,0,0,CATALOG_CLEAN_BUT_STRICT_DATA_GATE_FAIL,Failed: T0 disk position,NO
SHRGT45_严格阴性对照前推检索_20260807,NOAA12297_X2.1_20150311,5298,12297,2015-03-08T16:59:25Z,2015.03.08_17:00:00_TAI,"[2015.03.08_14:00:00_TAI, 2015.03.08_17:00:00_TAI]",16,16,PASS,PASS,PASS,FAIL,-58.343311,-17.123751,FAIL,Failed: T0 disk position,0.246147,0.554,NOT_AVAILABLE_IN_INPUT,This query does not include CMASK/effective-pixel fields. It does not claim that measurement-driven trends are excluded.,NOT_FORMAL_INDEPENDENT_CONTROL,2015-03-11T16:11:00Z,71.193,PASS,0,0,CATALOG_CLEAN_BUT_STRICT_DATA_GATE_FAIL,Failed: T0 disk position,NO
SHRGT45_严格阴性对照前推检索_20260807,NOAA12297_X2.1_20150311,5298,12297,2015-03-08T17:11:25Z,2015.03.08_17:12:00_TAI,"[2015.03.08_14:12:00_TAI, 2015.03.08_17:12:00_TAI]",16,16,PASS,PASS,PASS,FAIL,-58.235058,-17.116953,FAIL,Failed: T0 disk position,0.229485,0.669,NOT_AVAILABLE_IN_INPUT,This query does not include CMASK/effective-pixel fields. It does not claim that measurement-driven trends are excluded.,NOT_FORMAL_INDEPENDENT_CONTROL,2015-03-11T16:11:00Z,70.993,PASS,0,0,CATALOG_CLEAN_BUT_STRICT_DATA_GATE_FAIL,Failed: T0 disk position,NO
SHRGT45_严格阴性对照前推检索_20260807,NOAA12297_X2.1_20150311,5298,12297,2015-03-08T17:23:25Z,2015.03.08_17:24:00_TAI,"[2015.03.08_14:24:00_TAI, 2015.03.08_17:24:00_TAI]",16,16,PASS,PASS,PASS,FAIL,-58.151623,-17.112261,FAIL,Failed: T0 disk position,0.207397,1.082,NOT_AVAILABLE_IN_INPUT,This query does not include CMASK/effective-pixel fields. It does not claim that measurement-driven trends are excluded.,NOT_FORMAL_INDEPENDENT_CONTROL,2015-03-11T16:11:00Z,70.793,PASS,0,0,CATALOG_CLEAN_BUT_STRICT_DATA_GATE_FAIL,Failed: T0 disk position,NO
SHRGT45_严格阴性对照前推检索_20260807,NOAA12297_X2.1_20150311,5298,12297,2015-03-08T17:35:25Z,2015.03.08_17:36:00_TAI,"[2015.03.08_14:36:00_TAI, 2015.03.08_17:36:00_TAI]",16,16,PASS,PASS,PASS,FAIL,-58.052437,-17.107746,FAIL,Failed: T0 disk position,0.180647,0.992,NOT_AVAILABLE_IN_INPUT,This query does not include CMASK/effective-pixel fields. It does not claim that measurement-driven trends are excluded.,NOT_FORMAL_INDEPENDENT_CONTROL,2015-03-11T16:11:00Z,70.593,PASS,0,0,CATALOG_CLEAN_BUT_STRICT_DATA_GATE_FAIL,Failed: T0 disk position,NO
SHRGT45_严格阴性对照前推检索_20260807,NOAA12297_X2.1_20150311,5298,12297,2015-03-08T17:47:25Z,2015.03.08_17:48:00_TAI,"[2015.03.08_14:48:00_TAI, 2015.03.08_17:48:00_TAI]",16,16,PASS,PASS,PASS,FAIL,-57.954411,-17.102407,FAIL,Failed: T0 disk position,0.158059,0.432,NOT_AVAILABLE_IN_INPUT,This query does not include CMASK/effective-pixel fields. It does not claim that measurement-driven trends are excluded.,NOT_FORMAL_INDEPENDENT_CONTROL,2015-03-11T16:11:00Z,70.393,PASS,0,0,CATALOG_CLEAN_BUT_STRICT_DATA_GATE_FAIL,Failed: T0 disk position,NO
SHRGT45_严格阴性对照前推检索_20260807,NOAA12297_X2.1_20150311,5298,12297,2015-03-08T17:59:25Z,2015.03.08_18:00:00_TAI,"[2015.03.08_15:00:00_TAI, 2015.03.08_18:00:00_TAI]",16,16,PASS,PASS,FAIL,FAIL,-57.842434,-17.101738,FAIL,Failed: all QUALITY=0; T0 disk position,0.126029,0.054,NOT_AVAILABLE_IN_INPUT,This query does not include CMASK/effective-pixel fields. It does not claim that measurement-driven trends are excluded.,NOT_FORMAL_INDEPENDENT_CONTROL,2015-03-11T16:11:00Z,70.193,PASS,0,0,CATALOG_CLEAN_BUT_STRICT_DATA_GATE_FAIL,Failed: all QUALITY=0; T0 disk position,NO
SHRGT45_严格阴性对照前推检索_20260807,NOAA12297_X2.1_20150311,5298,12297,2015-03-08T18:11:25Z,2015.03.08_18:12:00_TAI,"[2015.03.08_15:12:00_TAI, 2015.03.08_18:12:00_TAI]",16,16,PASS,PASS,FAIL,FAIL,-57.726849,-17.095438,FAIL,Failed: all QUALITY=0; T0 disk position,0.109309,-0.027,NOT_AVAILABLE_IN_INPUT,This query does not include CMASK/effective-pixel fields. It does not claim that measurement-driven trends are excluded.,NOT_FORMAL_INDEPENDENT_CONTROL,2015-03-11T16:11:00Z,69.993,PASS,0,0,CATALOG_CLEAN_BUT_STRICT_DATA_GATE_FAIL,Failed: all QUALITY=0; T0 disk position,NO
SHRGT45_严格阴性对照前推检索_20260807,NOAA12297_X2.1_20150311,5298,12297,2015-03-08T18:23:25Z,2015.03.08_18:24:00_TAI,"[2015.03.08_15:24:00_TAI, 2015.03.08_18:24:00_TAI]",16,16,PASS,PASS,FAIL,FAIL,-57.644501,-17.100605,FAIL,Failed: all QUALITY=0; T0 disk position,0.105118,0.014,NOT_AVAILABLE_IN_INPUT,This query does not include CMASK/effective-pixel fields. It does not claim that measurement-driven trends are excluded.,NOT_FORMAL_INDEPENDENT_CONTROL,2015-03-11T16:11:00Z,69.793,PASS,0,0,CATALOG_CLEAN_BUT_STRICT_DATA_GATE_FAIL,Failed: all QUALITY=0; T0 disk position,NO
SHRGT45_严格阴性对照前推检索_20260807,NOAA12297_X2.1_20150311,5298,12297,2015-03-08T18:35:25Z,2015.03.08_18:36:00_TAI,"[2015.03.08_15:36:00_TAI, 2015.03.08_18:36:00_TAI]",16,16,PASS,PASS,FAIL,FAIL,-57.538689,-17.094414,FAIL,Failed: all QUALITY=0; T0 disk position,0.070059,0.226,NOT_AVAILABLE_IN_INPUT,This query does not include CMASK/effective-pixel fields. It does not claim that measurement-driven trends are excluded.,NOT_FORMAL_INDEPENDENT_CONTROL,2015-03-11T16:11:00Z,69.593,PASS,0,0,CATALOG_CLEAN_BUT_STRICT_DATA_GATE_FAIL,Failed: all QUALITY=0; T0 disk position,NO
SHRGT45_严格阴性对照前推检索_20260807,NOAA12297_X2.1_20150311,5298,12297,2015-03-08T18:47:25Z,2015.03.08_18:48:00_TAI,"[2015.03.08_15:48:00_TAI, 2015.03.08_18:48:00_TAI]",16,16,PASS,PASS,FAIL,FAIL,-57.444073,-17.081938,FAIL,Failed: all QUALITY=0; T0 disk position,0.027154,-0.049,NOT_AVAILABLE_IN_INPUT,This query does not include CMASK/effective-pixel fields. It does not claim that measurement-driven trends are excluded.,NOT_FORMAL_INDEPENDENT_CONTROL,2015-03-11T16:11:00Z,69.393,PASS,0,0,CATALOG_CLEAN_BUT_STRICT_DATA_GATE_FAIL,Failed: all QUALITY=0; T0 disk position,NO
SHRGT45_严格阴性对照前推检索_20260807,NOAA12297_X2.1_20150311,5298,12297,2015-03-08T18:59:25Z,2015.03.08_19:00:00_TAI,"[2015.03.08_16:00:00_TAI, 2015.03.08_19:00:00_TAI]",16,16,PASS,PASS,FAIL,FAIL,-57.348904,-17.097620,FAIL,Failed: all QUALITY=0; T0 disk position,-0.000801,-0.117,NOT_AVAILABLE_IN_INPUT,This query does not include CMASK/effective-pixel fields. It does not claim that measurement-driven trends are excluded.,NOT_FORMAL_INDEPENDENT_CONTROL,2015-03-11T16:11:00Z,69.193,PASS,0,0,CATALOG_CLEAN_BUT_STRICT_DATA_GATE_FAIL,Failed: all QUALITY=0; T0 disk position,NO
SHRGT45_严格阴性对照前推检索_20260807,NOAA12297_X2.1_20150311,5298,12297,2015-03-08T19:11:25Z,2015.03.08_19:12:00_TAI,"[2015.03.08_16:12:00_TAI, 2015.03.08_19:12:00_TAI]",16,16,PASS,PASS,FAIL,FAIL,-57.244041,-17.096731,FAIL,Failed: all QUALITY=0; T0 disk position,-0.103801,-0.388,NOT_AVAILABLE_IN_INPUT,This query does not include CMASK/effective-pixel fields. It does not claim that measurement-driven trends are excluded.,NOT_FORMAL_INDEPENDENT_CONTROL,2015-03-11T16:11:00Z,68.993,PASS,0,0,CATALOG_CLEAN_BUT_STRICT_DATA_GATE_FAIL,Failed: all QUALITY=0; T0 disk position,NO
SHRGT45_严格阴性对照前推检索_20260807,NOAA12297_X2.1_20150311,5298,12297,2015-03-08T19:23:25Z,2015.03.08_19:24:00_TAI,"[2015.03.08_16:24:00_TAI, 2015.03.08_19:24:00_TAI]",16,16,PASS,PASS,FAIL,FAIL,-57.139107,-17.100447,FAIL,Failed: all QUALITY=0; T0 disk position,-0.231426,-0.650,NOT_AVAILABLE_IN_INPUT,This query does not include CMASK/effective-pixel fields. It does not claim that measurement-driven trends are excluded.,NOT_FORMAL_INDEPENDENT_CONTROL,2015-03-11T16:11:00Z,68.793,PASS,0,0,CATALOG_CLEAN_BUT_STRICT_DATA_GATE_FAIL,Failed: all QUALITY=0; T0 disk position,NO
SHRGT45_严格阴性对照前推检索_20260807,NOAA12297_X2.1_20150311,5298,12297,2015-03-08T19:35:25Z,2015.03.08_19:36:00_TAI,"[2015.03.08_16:36:00_TAI, 2015.03.08_19:36:00_TAI]",16,16,PASS,PASS,FAIL,FAIL,-57.048145,-17.103436,FAIL,Failed: all QUALITY=0; T0 disk position,-0.308574,-0.892,NOT_AVAILABLE_IN_INPUT,This query does not include CMASK/effective-pixel fields. It does not claim that measurement-driven trends are excluded.,NOT_FORMAL_INDEPENDENT_CONTROL,2015-03-11T16:11:00Z,68.593,PASS,0,0,CATALOG_CLEAN_BUT_STRICT_DATA_GATE_FAIL,Failed: all QUALITY=0; T0 disk position,NO
SHRGT45_严格阴性对照前推检索_20260807,NOAA12297_X2.1_20150311,5298,12297,2015-03-08T19:47:25Z,2015.03.08_19:48:00_TAI,"[2015.03.08_16:48:00_TAI, 2015.03.08_19:48:00_TAI]",16,16,PASS,PASS,FAIL,FAIL,-56.934860,-17.085707,FAIL,Failed: all QUALITY=0; T0 disk position,-0.370618,-1.237,NOT_AVAILABLE_IN_INPUT,This query does not include CMASK/effective-pixel fields. It does not claim that measurement-driven trends are excluded.,NOT_FORMAL_INDEPENDENT_CONTROL,2015-03-11T16:11:00Z,68.393,PASS,0,0,CATALOG_CLEAN_BUT_STRICT_DATA_GATE_FAIL,Failed: all QUALITY=0; T0 disk position,NO
SHRGT45_严格阴性对照前推检索_20260807,NOAA12297_X2.1_20150311,5298,12297,2015-03-08T19:59:25Z,2015.03.08_20:00:00_TAI,"[2015.03.08_17:00:00_TAI, 2015.03.08_20:00:00_TAI]",16,16,PASS,PASS,FAIL,FAIL,-56.805664,-17.072256,FAIL,Failed: all QUALITY=0; T0 disk position,-0.402118,-0.809,NOT_AVAILABLE_IN_INPUT,This query does not include CMASK/effective-pixel fields. It does not claim that measurement-driven trends are excluded.,NOT_FORMAL_INDEPENDENT_CONTROL,2015-03-11T16:11:00Z,68.193,PASS,0,0,CATALOG_CLEAN_BUT_STRICT_DATA_GATE_FAIL,Failed: all QUALITY=0; T0 disk position,NO
SHRGT45_严格阴性对照前推检索_20260807,NOAA12297_X2.1_20150311,5298,12297,2015-03-08T20:11:25Z,2015.03.08_20:12:00_TAI,"[2015.03.08_17:12:00_TAI, 2015.03.08_20:12:00_TAI]",16,16,PASS,PASS,FAIL,FAIL,-56.710457,-17.064074,FAIL,Failed: all QUALITY=0; T0 disk position,-0.453044,-0.958,NOT_AVAILABLE_IN_INPUT,This query does not include CMASK/effective-pixel fields. It does not claim that measurement-driven trends are excluded.,NOT_FORMAL_INDEPENDENT_CONTROL,2015-03-11T16:11:00Z,67.993,PASS,0,0,CATALOG_CLEAN_BUT_STRICT_DATA_GATE_FAIL,Failed: all QUALITY=0; T0 disk position,NO
SHRGT45_严格阴性对照前推检索_20260807,NOAA12297_X2.1_20150311,5298,12297,2015-03-08T20:23:25Z,2015.03.08_20:24:00_TAI,"[2015.03.08_17:24:00_TAI, 2015.03.08_20:24:00_TAI]",16,16,PASS,PASS,FAIL,FAIL,-56.624794,-17.070162,FAIL,Failed: all QUALITY=0; T0 disk position,-0.472125,-0.952,NOT_AVAILABLE_IN_INPUT,This query does not include CMASK/effective-pixel fields. It does not claim that measurement-driven trends are excluded.,NOT_FORMAL_INDEPENDENT_CONTROL,2015-03-11T16:11:00Z,67.793,PASS,0,0,CATALOG_CLEAN_BUT_STRICT_DATA_GATE_FAIL,Failed: all QUALITY=0; T0 disk position,NO
SHRGT45_严格阴性对照前推检索_20260807,NOAA12297_X2.1_20150311,5298,12297,2015-03-08T20:35:25Z,2015.03.08_20:36:00_TAI,"[2015.03.08_17:36:00_TAI, 2015.03.08_20:36:00_TAI]",16,16,PASS,PASS,FAIL,FAIL,-56.532501,-17.079187,FAIL,Failed: all QUALITY=0; T0 disk position,-0.495294,-1.631,NOT_AVAILABLE_IN_INPUT,This query does not include CMASK/effective-pixel fields. It does not claim that measurement-driven trends are excluded.,NOT_FORMAL_INDEPENDENT_CONTROL,2015-03-11T16:11:00Z,67.593,PASS,0,0,CATALOG_CLEAN_BUT_STRICT_DATA_GATE_FAIL,Failed: all QUALITY=0; T0 disk position,NO
SHRGT45_严格阴性对照前推检索_20260807,NOAA12297_X2.1_20150311,5298,12297,2015-03-08T20:47:25Z,2015.03.08_20:48:00_TAI,"[2015.03.08_17:48:00_TAI, 2015.03.08_20:48:00_TAI]",16,16,PASS,PASS,FAIL,FAIL,-56.427467,-17.071764,FAIL,Failed: all QUALITY=0; T0 disk position,-0.445618,-1.268,NOT_AVAILABLE_IN_INPUT,This query does not include CMASK/effective-pixel fields. It does not claim that measurement-driven trends are excluded.,NOT_FORMAL_INDEPENDENT_CONTROL,2015-03-11T16:11:00Z,67.393,PASS,0,0,CATALOG_CLEAN_BUT_STRICT_DATA_GATE_FAIL,Failed: all QUALITY=0; T0 disk position,NO
SHRGT45_严格阴性对照前推检索_20260807,NOAA12297_X2.1_20150311,5298,12297,2015-03-08T20:59:25Z,2015.03.08_21:00:00_TAI,"[2015.03.08_18:00:00_TAI, 2015.03.08_21:00:00_TAI]",16,16,PASS,PASS,FAIL,FAIL,-56.336082,-17.086977,FAIL,Failed: all QUALITY=0; T0 disk position,-0.373544,-0.646,NOT_AVAILABLE_IN_INPUT,This query does not include CMASK/effective-pixel fields. It does not claim that measurement-driven trends are excluded.,NOT_FORMAL_INDEPENDENT_CONTROL,2015-03-11T16:11:00Z,67.193,PASS,0,0,CATALOG_CLEAN_BUT_STRICT_DATA_GATE_FAIL,Failed: all QUALITY=0; T0 disk position,NO
SHRGT45_严格阴性对照前推检索_20260807,NOAA12297_X2.1_20150311,5298,12297,2015-03-08T21:11:25Z,2015.03.08_21:12:00_TAI,"[2015.03.08_18:12:00_TAI, 2015.03.08_21:12:00_TAI]",16,16,PASS,PASS,FAIL,FAIL,-56.226990,-17.082262,FAIL,Failed: all QUALITY=0; T0 disk position,-0.336088,-0.814,NOT_AVAILABLE_IN_INPUT,This query does not include CMASK/effective-pixel fields. It does not claim that measurement-driven trends are excluded.,NOT_FORMAL_INDEPENDENT_CONTROL,2015-03-11T16:11:00Z,66.993,PASS,0,0,CATALOG_CLEAN_BUT_STRICT_DATA_GATE_FAIL,Failed: all QUALITY=0; T0 disk position,NO
SHRGT45_严格阴性对照前推检索_20260807,NOAA12297_X2.1_20150311,5298,12297,2015-03-08T21:23:25Z,2015.03.08_21:24:00_TAI,"[2015.03.08_18:24:00_TAI, 2015.03.08_21:24:00_TAI]",16,16,PASS,PASS,FAIL,FAIL,-56.121159,-17.087435,FAIL,Failed: all QUALITY=0; T0 disk position,-0.268904,-0.682,NOT_AVAILABLE_IN_INPUT,This query does not include CMASK/effective-pixel fields. It does not claim that measurement-driven trends are excluded.,NOT_FORMAL_INDEPENDENT_CONTROL,2015-03-11T16:11:00Z,66.793,PASS,0,0,CATALOG_CLEAN_BUT_STRICT_DATA_GATE_FAIL,Failed: all QUALITY=0; T0 disk position,NO
SHRGT45_严格阴性对照前推检索_20260807,NOAA12297_X2.1_20150311,5298,12297,2015-03-08T21:35:25Z,2015.03.08_21:36:00_TAI,"[2015.03.08_18:36:00_TAI, 2015.03.08_21:36:00_TAI]",16,16,PASS,PASS,FAIL,FAIL,-55.992054,-17.082769,FAIL,Failed: all QUALITY=0; T0 disk position,-0.167537,-0.226,NOT_AVAILABLE_IN_INPUT,This query does not include CMASK/effective-pixel fields. It does not claim that measurement-driven trends are excluded.,NOT_FORMAL_INDEPENDENT_CONTROL,2015-03-11T16:11:00Z,66.593,PASS,0,0,CATALOG_CLEAN_BUT_STRICT_DATA_GATE_FAIL,Failed: all QUALITY=0; T0 disk position,NO
SHRGT45_严格阴性对照前推检索_20260807,NOAA12297_X2.1_20150311,5298,12297,2015-03-08T21:47:25Z,2015.03.08_21:48:00_TAI,"[2015.03.08_18:48:00_TAI, 2015.03.08_21:48:00_TAI]",16,16,PASS,PASS,FAIL,FAIL,-55.869427,-17.077440,FAIL,Failed: all QUALITY=0; T0 disk position,-0.082588,-0.576,NOT_AVAILABLE_IN_INPUT,This query does not include CMASK/effective-pixel fields. It does not claim that measurement-driven trends are excluded.,NOT_FORMAL_INDEPENDENT_CONTROL,2015-03-11T16:11:00Z,66.393,PASS,0,0,CATALOG_CLEAN_BUT_STRICT_DATA_GATE_FAIL,Failed: all QUALITY=0; T0 disk position,NO
SHRGT45_严格阴性对照前推检索_20260807,NOAA12297_X2.1_20150311,5298,12297,2015-03-08T21:59:25Z,2015.03.08_22:00:00_TAI,"[2015.03.08_19:00:00_TAI, 2015.03.08_22:00:00_TAI]",16,16,PASS,PASS,FAIL,FAIL,-55.758469,-17.081022,FAIL,Failed: all QUALITY=0; T0 disk position,0.027044,-0.283,NOT_AVAILABLE_IN_INPUT,This query does not include CMASK/effective-pixel fields. It does not claim that measurement-driven trends are excluded.,NOT_FORMAL_INDEPENDENT_CONTROL,2015-03-11T16:11:00Z,66.193,PASS,0,0,CATALOG_CLEAN_BUT_STRICT_DATA_GATE_FAIL,Failed: all QUALITY=0; T0 disk position,NO
SHRGT45_严格阴性对照前推检索_20260807,NOAA12297_X2.1_20150311,5298,12297,2015-03-08T22:11:25Z,2015.03.08_22:12:00_TAI,"[2015.03.08_19:12:00_TAI, 2015.03.08_22:12:00_TAI]",16,16,PASS,PASS,FAIL,FAIL,-55.658924,-17.079556,FAIL,Failed: all QUALITY=0; T0 disk position,0.147676,0.543,NOT_AVAILABLE_IN_INPUT,This query does not include CMASK/effective-pixel fields. It does not claim that measurement-driven trends are excluded.,NOT_FORMAL_INDEPENDENT_CONTROL,2015-03-11T16:11:00Z,65.993,PASS,0,0,CATALOG_CLEAN_BUT_STRICT_DATA_GATE_FAIL,Failed: all QUALITY=0; T0 disk position,NO
SHRGT45_严格阴性对照前推检索_20260807,NOAA12297_X2.1_20150311,5298,12297,2015-03-08T22:23:25Z,2015.03.08_22:24:00_TAI,"[2015.03.08_19:24:00_TAI, 2015.03.08_22:24:00_TAI]",16,16,PASS,PASS,FAIL,FAIL,-55.547745,-17.072222,FAIL,Failed: all QUALITY=0; T0 disk position,0.218853,0.713,NOT_AVAILABLE_IN_INPUT,This query does not include CMASK/effective-pixel fields. It does not claim that measurement-driven trends are excluded.,NOT_FORMAL_INDEPENDENT_CONTROL,2015-03-11T16:11:00Z,65.793,PASS,0,0,CATALOG_CLEAN_BUT_STRICT_DATA_GATE_FAIL,Failed: all QUALITY=0; T0 disk position,NO
SHRGT45_严格阴性对照前推检索_20260807,NOAA12297_X2.1_20150311,5298,12297,2015-03-08T22:35:25Z,2015.03.08_22:36:00_TAI,"[2015.03.08_19:36:00_TAI, 2015.03.08_22:36:00_TAI]",16,16,PASS,PASS,FAIL,FAIL,-55.424126,-17.069796,FAIL,Failed: all QUALITY=0; T0 disk position,0.250096,0.337,NOT_AVAILABLE_IN_INPUT,This query does not include CMASK/effective-pixel fields. It does not claim that measurement-driven trends are excluded.,NOT_FORMAL_INDEPENDENT_CONTROL,2015-03-11T16:11:00Z,65.593,PASS,0,0,CATALOG_CLEAN_BUT_STRICT_DATA_GATE_FAIL,Failed: all QUALITY=0; T0 disk position,NO
SHRGT45_严格阴性对照前推检索_20260807,NOAA12297_X2.1_20150311,5298,12297,2015-03-08T22:47:25Z,2015.03.08_22:48:00_TAI,"[2015.03.08_19:48:00_TAI, 2015.03.08_22:48:00_TAI]",16,16,PASS,PASS,FAIL,FAIL,-55.310764,-17.079332,FAIL,Failed: all QUALITY=0; T0 disk position,0.314434,0.906,NOT_AVAILABLE_IN_INPUT,This query does not include CMASK/effective-pixel fields. It does not claim that measurement-driven trends are excluded.,NOT_FORMAL_INDEPENDENT_CONTROL,2015-03-11T16:11:00Z,65.393,PASS,0,0,CATALOG_CLEAN_BUT_STRICT_DATA_GATE_FAIL,Failed: all QUALITY=0; T0 disk position,NO
SHRGT45_严格阴性对照前推检索_20260807,NOAA12297_X2.1_20150311,5298,12297,2015-03-08T22:59:25Z,2015.03.08_23:00:00_TAI,"[2015.03.08_20:00:00_TAI, 2015.03.08_23:00:00_TAI]",16,16,PASS,PASS,FAIL,FAIL,-55.195591,-17.080297,FAIL,Failed: all QUALITY=0; T0 disk position,0.300265,0.548,NOT_AVAILABLE_IN_INPUT,This query does not include CMASK/effective-pixel fields. It does not claim that measurement-driven trends are excluded.,NOT_FORMAL_INDEPENDENT_CONTROL,2015-03-11T16:11:00Z,65.193,PASS,0,0,CATALOG_CLEAN_BUT_STRICT_DATA_GATE_FAIL,Failed: all QUALITY=0; T0 disk position,NO
SHRGT45_严格阴性对照前推检索_20260807,NOAA12297_X2.1_20150311,5298,12297,2015-03-08T23:11:25Z,2015.03.08_23:12:00_TAI,"[2015.03.08_20:12:00_TAI, 2015.03.08_23:12:00_TAI]",16,16,PASS,PASS,FAIL,FAIL,-55.084785,-17.084631,FAIL,Failed: all QUALITY=0; T0 disk position,0.332632,0.899,NOT_AVAILABLE_IN_INPUT,This query does not include CMASK/effective-pixel fields. It does not claim that measurement-driven trends are excluded.,NOT_FORMAL_INDEPENDENT_CONTROL,2015-03-11T16:11:00Z,64.993,PASS,0,0,CATALOG_CLEAN_BUT_STRICT_DATA_GATE_FAIL,Failed: all QUALITY=0; T0 disk position,NO
SHRGT45_严格阴性对照前推检索_20260807,NOAA12297_X2.1_20150311,5298,12297,2015-03-08T23:23:25Z,2015.03.08_23:24:00_TAI,"[2015.03.08_20:24:00_TAI, 2015.03.08_23:24:00_TAI]",16,16,PASS,PASS,FAIL,FAIL,-54.980251,-17.085091,FAIL,Failed: all QUALITY=0; T0 disk position,0.305456,0.467,NOT_AVAILABLE_IN_INPUT,This query does not include CMASK/effective-pixel fields. It does not claim that measurement-driven trends are excluded.,NOT_FORMAL_INDEPENDENT_CONTROL,2015-03-11T16:11:00Z,64.793,PASS,0,0,CATALOG_CLEAN_BUT_STRICT_DATA_GATE_FAIL,Failed: all QUALITY=0; T0 disk position,NO
SHRGT45_严格阴性对照前推检索_20260807,NOAA12297_X2.1_20150311,5298,12297,2015-03-08T23:35:25Z,2015.03.08_23:36:00_TAI,"[2015.03.08_20:36:00_TAI, 2015.03.08_23:36:00_TAI]",16,16,PASS,PASS,FAIL,FAIL,-54.872643,-17.089882,FAIL,Failed: all QUALITY=0; T0 disk position,0.328875,1.146,NOT_AVAILABLE_IN_INPUT,This query does not include CMASK/effective-pixel fields. It does not claim that measurement-driven trends are excluded.,NOT_FORMAL_INDEPENDENT_CONTROL,2015-03-11T16:11:00Z,64.593,PASS,0,0,CATALOG_CLEAN_BUT_STRICT_DATA_GATE_FAIL,Failed: all QUALITY=0; T0 disk position,NO
SHRGT45_严格阴性对照前推检索_20260807,NOAA12297_X2.1_20150311,5298,12297,2015-03-08T23:47:25Z,2015.03.08_23:48:00_TAI,"[2015.03.08_20:48:00_TAI, 2015.03.08_23:48:00_TAI]",16,16,PASS,PASS,FAIL,FAIL,-54.766750,-17.090658,FAIL,Failed: all QUALITY=0; T0 disk position,0.258125,0.681,NOT_AVAILABLE_IN_INPUT,This query does not include CMASK/effective-pixel fields. It does not claim that measurement-driven trends are excluded.,NOT_FORMAL_INDEPENDENT_CONTROL,2015-03-11T16:11:00Z,64.393,PASS,0,0,CATALOG_CLEAN_BUT_STRICT_DATA_GATE_FAIL,Failed: all QUALITY=0; T0 disk position,NO
SHRGT45_严格阴性对照前推检索_20260807,NOAA12297_X2.1_20150311,5298,12297,2015-03-08T23:59:25Z,2015.03.09_00:00:00_TAI,"[2015.03.08_21:00:00_TAI, 2015.03.09_00:00:00_TAI]",16,16,PASS,PASS,PASS,FAIL,-54.641171,-17.087349,FAIL,Failed: T0 disk position,0.241331,0.864,NOT_AVAILABLE_IN_INPUT,This query does not include CMASK/effective-pixel fields. It does not claim that measurement-driven trends are excluded.,NOT_FORMAL_INDEPENDENT_CONTROL,2015-03-11T16:11:00Z,64.193,PASS,0,0,CATALOG_CLEAN_BUT_STRICT_DATA_GATE_FAIL,Failed: T0 disk position,NO
SHRGT45_严格阴性对照前推检索_20260807,NOAA12297_X2.1_20150311,5298,12297,2015-03-09T00:11:25Z,2015.03.09_00:12:00_TAI,"[2015.03.08_21:12:00_TAI, 2015.03.09_00:12:00_TAI]",16,16,PASS,PASS,PASS,FAIL,-54.540573,-17.073389,FAIL,Failed: T0 disk position,0.266647,1.139,NOT_AVAILABLE_IN_INPUT,This query does not include CMASK/effective-pixel fields. It does not claim that measurement-driven trends are excluded.,NOT_FORMAL_INDEPENDENT_CONTROL,2015-03-11T16:11:00Z,63.993,PASS,0,0,CATALOG_CLEAN_BUT_STRICT_DATA_GATE_FAIL,Failed: T0 disk position,NO
SHRGT45_严格阴性对照前推检索_20260807,NOAA12297_X2.1_20150311,5298,12297,2015-03-09T00:23:25Z,2015.03.09_00:24:00_TAI,"[2015.03.08_21:24:00_TAI, 2015.03.09_00:24:00_TAI]",16,16,PASS,PASS,PASS,FAIL,-54.429787,-17.085361,FAIL,Failed: T0 disk position,0.258118,0.991,NOT_AVAILABLE_IN_INPUT,This query does not include CMASK/effective-pixel fields. It does not claim that measurement-driven trends are excluded.,NOT_FORMAL_INDEPENDENT_CONTROL,2015-03-11T16:11:00Z,63.793,PASS,0,0,CATALOG_CLEAN_BUT_STRICT_DATA_GATE_FAIL,Failed: T0 disk position,NO
SHRGT45_严格阴性对照前推检索_20260807,NOAA12297_X2.1_20150311,5298,12297,2015-03-09T00:35:25Z,2015.03.09_00:36:00_TAI,"[2015.03.08_21:36:00_TAI, 2015.03.09_00:36:00_TAI]",16,16,PASS,PASS,PASS,FAIL,-54.329521,-17.093897,FAIL,Failed: T0 disk position,0.271853,0.974,NOT_AVAILABLE_IN_INPUT,This query does not include CMASK/effective-pixel fields. It does not claim that measurement-driven trends are excluded.,NOT_FORMAL_INDEPENDENT_CONTROL,2015-03-11T16:11:00Z,63.593,PASS,0,0,CATALOG_CLEAN_BUT_STRICT_DATA_GATE_FAIL,Failed: T0 disk position,NO
SHRGT45_严格阴性对照前推检索_20260807,NOAA12297_X2.1_20150311,5298,12297,2015-03-09T00:47:25Z,2015.03.09_00:48:00_TAI,"[2015.03.08_21:48:00_TAI, 2015.03.09_00:48:00_TAI]",16,16,PASS,PASS,PASS,FAIL,-54.200310,-17.083979,FAIL,Failed: T0 disk position,0.303360,0.988,NOT_AVAILABLE_IN_INPUT,This query does not include CMASK/effective-pixel fields. It does not claim that measurement-driven trends are excluded.,NOT_FORMAL_INDEPENDENT_CONTROL,2015-03-11T16:11:00Z,63.393,PASS,0,0,CATALOG_CLEAN_BUT_STRICT_DATA_GATE_FAIL,Failed: T0 disk position,NO
SHRGT45_严格阴性对照前推检索_20260807,NOAA12297_X2.1_20150311,5298,12297,2015-03-09T00:59:25Z,2015.03.09_01:00:00_TAI,"[2015.03.08_22:00:00_TAI, 2015.03.09_01:00:00_TAI]",16,16,PASS,PASS,PASS,FAIL,-54.087620,-17.086151,FAIL,Failed: T0 disk position,0.276772,0.796,NOT_AVAILABLE_IN_INPUT,This query does not include CMASK/effective-pixel fields. It does not claim that measurement-driven trends are excluded.,NOT_FORMAL_INDEPENDENT_CONTROL,2015-03-11T16:11:00Z,63.193,PASS,0,0,CATALOG_CLEAN_BUT_STRICT_DATA_GATE_FAIL,Failed: T0 disk position,NO
SHRGT45_严格阴性对照前推检索_20260807,NOAA12297_X2.1_20150311,5298,12297,2015-03-09T01:11:25Z,2015.03.09_01:12:00_TAI,"[2015.03.08_22:12:00_TAI, 2015.03.09_01:12:00_TAI]",16,16,PASS,PASS,PASS,FAIL,-53.973995,-17.076868,FAIL,Failed: T0 disk position,0.280059,0.818,NOT_AVAILABLE_IN_INPUT,This query does not include CMASK/effective-pixel fields. It does not claim that measurement-driven trends are excluded.,NOT_FORMAL_INDEPENDENT_CONTROL,2015-03-11T16:11:00Z,62.993,PASS,0,0,CATALOG_CLEAN_BUT_STRICT_DATA_GATE_FAIL,Failed: T0 disk position,NO
SHRGT45_严格阴性对照前推检索_20260807,NOAA12297_X2.1_20150311,5298,12297,2015-03-09T01:23:25Z,2015.03.09_01:24:00_TAI,"[2015.03.08_22:24:00_TAI, 2015.03.09_01:24:00_TAI]",16,16,PASS,PASS,PASS,FAIL,-53.853416,-17.080276,FAIL,Failed: T0 disk position,0.314331,0.758,NOT_AVAILABLE_IN_INPUT,This query does not include CMASK/effective-pixel fields. It does not claim that measurement-driven trends are excluded.,NOT_FORMAL_INDEPENDENT_CONTROL,2015-03-11T16:11:00Z,62.793,PASS,0,0,CATALOG_CLEAN_BUT_STRICT_DATA_GATE_FAIL,Failed: T0 disk position,NO
SHRGT45_严格阴性对照前推检索_20260807,NOAA12297_X2.1_20150311,5298,12297,2015-03-09T01:35:25Z,2015.03.09_01:36:00_TAI,"[2015.03.08_22:36:00_TAI, 2015.03.09_01:36:00_TAI]",16,16,PASS,PASS,PASS,FAIL,-53.754627,-17.096937,FAIL,Failed: T0 disk position,0.344184,0.916,NOT_AVAILABLE_IN_INPUT,This query does not include CMASK/effective-pixel fields. It does not claim that measurement-driven trends are excluded.,NOT_FORMAL_INDEPENDENT_CONTROL,2015-03-11T16:11:00Z,62.593,PASS,0,0,CATALOG_CLEAN_BUT_STRICT_DATA_GATE_FAIL,Failed: T0 disk position,NO
SHRGT45_严格阴性对照前推检索_20260807,NOAA12297_X2.1_20150311,5298,12297,2015-03-09T01:47:25Z,2015.03.09_01:48:00_TAI,"[2015.03.08_22:48:00_TAI, 2015.03.09_01:48:00_TAI]",16,16,PASS,PASS,PASS,FAIL,-53.640903,-17.101162,FAIL,Failed: T0 disk position,0.425419,1.535,NOT_AVAILABLE_IN_INPUT,This query does not include CMASK/effective-pixel fields. It does not claim that measurement-driven trends are excluded.,NOT_FORMAL_INDEPENDENT_CONTROL,2015-03-11T16:11:00Z,62.393,PASS,0,0,CATALOG_CLEAN_BUT_STRICT_DATA_GATE_FAIL,Failed: T0 disk position,NO
SHRGT45_严格阴性对照前推检索_20260807,NOAA12297_X2.1_20150311,5298,12297,2015-03-09T01:59:25Z,2015.03.09_02:00:00_TAI,"[2015.03.08_23:00:00_TAI, 2015.03.09_02:00:00_TAI]",16,16,PASS,PASS,PASS,FAIL,-53.528564,-17.100784,FAIL,Failed: T0 disk position,0.483860,1.555,NOT_AVAILABLE_IN_INPUT,This query does not include CMASK/effective-pixel fields. It does not claim that measurement-driven trends are excluded.,NOT_FORMAL_INDEPENDENT_CONTROL,2015-03-11T16:11:00Z,62.193,PASS,0,0,CATALOG_CLEAN_BUT_STRICT_DATA_GATE_FAIL,Failed: T0 disk position,NO
SHRGT45_严格阴性对照前推检索_20260807,NOAA12297_X2.1_20150311,5298,12297,2015-03-09T02:11:25Z,2015.03.09_02:12:00_TAI,"[2015.03.08_23:12:00_TAI, 2015.03.09_02:12:00_TAI]",16,16,PASS,PASS,PASS,FAIL,-53.424461,-17.104567,FAIL,Failed: T0 disk position,0.498147,1.225,NOT_AVAILABLE_IN_INPUT,This query does not include CMASK/effective-pixel fields. It does not claim that measurement-driven trends are excluded.,NOT_FORMAL_INDEPENDENT_CONTROL,2015-03-11T16:11:00Z,61.993,PASS,0,0,CATALOG_CLEAN_BUT_STRICT_DATA_GATE_FAIL,Failed: T0 disk position,NO
SHRGT45_严格阴性对照前推检索_20260807,NOAA12297_X2.1_20150311,5298,12297,2015-03-09T02:23:25Z,2015.03.09_02:24:00_TAI,"[2015.03.08_23:24:00_TAI, 2015.03.09_02:24:00_TAI]",16,16,PASS,PASS,PASS,FAIL,-53.327068,-17.108679,FAIL,Failed: T0 disk position,0.516368,1.493,NOT_AVAILABLE_IN_INPUT,This query does not include CMASK/effective-pixel fields. It does not claim that measurement-driven trends are excluded.,NOT_FORMAL_INDEPENDENT_CONTROL,2015-03-11T16:11:00Z,61.793,PASS,0,0,CATALOG_CLEAN_BUT_STRICT_DATA_GATE_FAIL,Failed: T0 disk position,NO
SHRGT45_严格阴性对照前推检索_20260807,NOAA12297_X2.1_20150311,5298,12297,2015-03-09T02:35:25Z,2015.03.09_02:36:00_TAI,"[2015.03.08_23:36:00_TAI, 2015.03.09_02:36:00_TAI]",16,16,PASS,PASS,PASS,FAIL,-53.227917,-17.113770,FAIL,Failed: T0 disk position,0.487044,1.172,NOT_AVAILABLE_IN_INPUT,This query does not include CMASK/effective-pixel fields. It does not claim that measurement-driven trends are excluded.,NOT_FORMAL_INDEPENDENT_CONTROL,2015-03-11T16:11:00Z,61.593,PASS,0,0,CATALOG_CLEAN_BUT_STRICT_DATA_GATE_FAIL,Failed: T0 disk position,NO
SHRGT45_严格阴性对照前推检索_20260807,NOAA12297_X2.1_20150311,5298,12297,2015-03-09T02:47:25Z,2015.03.09_02:48:00_TAI,"[2015.03.08_23:48:00_TAI, 2015.03.09_02:48:00_TAI]",16,16,PASS,PASS,PASS,FAIL,-53.105095,-17.121817,FAIL,Failed: T0 disk position,0.465412,1.420,NOT_AVAILABLE_IN_INPUT,This query does not include CMASK/effective-pixel fields. It does not claim that measurement-driven trends are excluded.,NOT_FORMAL_INDEPENDENT_CONTROL,2015-03-11T16:11:00Z,61.393,PASS,0,0,CATALOG_CLEAN_BUT_STRICT_DATA_GATE_FAIL,Failed: T0 disk position,NO
SHRGT45_严格阴性对照前推检索_20260807,NOAA12297_X2.1_20150311,5298,12297,2015-03-09T02:59:25Z,2015.03.09_03:00:00_TAI,"[2015.03.09_00:00:00_TAI, 2015.03.09_03:00:00_TAI]",16,16,PASS,PASS,PASS,FAIL,-52.997059,-17.120342,FAIL,Failed: T0 disk position,0.380985,0.925,NOT_AVAILABLE_IN_INPUT,This query does not include CMASK/effective-pixel fields. It does not claim that measurement-driven trends are excluded.,NOT_FORMAL_INDEPENDENT_CONTROL,2015-03-11T16:11:00Z,61.193,PASS,0,0,CATALOG_CLEAN_BUT_STRICT_DATA_GATE_FAIL,Failed: T0 disk position,NO
SHRGT45_严格阴性对照前推检索_20260807,NOAA12297_X2.1_20150311,5298,12297,2015-03-09T03:11:25Z,2015.03.09_03:12:00_TAI,"[2015.03.09_00:12:00_TAI, 2015.03.09_03:12:00_TAI]",16,16,PASS,PASS,PASS,FAIL,-52.881027,-17.120163,FAIL,Failed: T0 disk position,0.371412,1.047,NOT_AVAILABLE_IN_INPUT,This query does not include CMASK/effective-pixel fields. It does not claim that measurement-driven trends are excluded.,NOT_FORMAL_INDEPENDENT_CONTROL,2015-03-11T16:11:00Z,60.993,PASS,0,0,CATALOG_CLEAN_BUT_STRICT_DATA_GATE_FAIL,Failed: T0 disk position,NO
SHRGT45_严格阴性对照前推检索_20260807,NOAA12297_X2.1_20150311,5298,12297,2015-03-09T03:23:25Z,2015.03.09_03:24:00_TAI,"[2015.03.09_00:24:00_TAI, 2015.03.09_03:24:00_TAI]",16,16,PASS,PASS,PASS,FAIL,-52.769817,-17.117069,FAIL,Failed: T0 disk position,0.354272,0.998,NOT_AVAILABLE_IN_INPUT,This query does not include CMASK/effective-pixel fields. It does not claim that measurement-driven trends are excluded.,NOT_FORMAL_INDEPENDENT_CONTROL,2015-03-11T16:11:00Z,60.793,PASS,0,0,CATALOG_CLEAN_BUT_STRICT_DATA_GATE_FAIL,Failed: T0 disk position,NO
SHRGT45_严格阴性对照前推检索_20260807,NOAA12297_X2.1_20150311,5298,12297,2015-03-09T03:35:25Z,2015.03.09_03:36:00_TAI,"[2015.03.09_00:36:00_TAI, 2015.03.09_03:36:00_TAI]",16,16,PASS,PASS,PASS,FAIL,-52.662514,-17.122908,FAIL,Failed: T0 disk position,0.349368,1.056,NOT_AVAILABLE_IN_INPUT,This query does not include CMASK/effective-pixel fields. It does not claim that measurement-driven trends are excluded.,NOT_FORMAL_INDEPENDENT_CONTROL,2015-03-11T16:11:00Z,60.593,PASS,0,0,CATALOG_CLEAN_BUT_STRICT_DATA_GATE_FAIL,Failed: T0 disk position,NO
SHRGT45_严格阴性对照前推检索_20260807,NOAA12297_X2.1_20150311,5298,12297,2015-03-09T03:47:25Z,2015.03.09_03:48:00_TAI,"[2015.03.09_00:48:00_TAI, 2015.03.09_03:48:00_TAI]",16,16,PASS,PASS,PASS,FAIL,-52.548790,-17.119534,FAIL,Failed: T0 disk position,0.334890,0.836,NOT_AVAILABLE_IN_INPUT,This query does not include CMASK/effective-pixel fields. It does not claim that measurement-driven trends are excluded.,NOT_FORMAL_INDEPENDENT_CONTROL,2015-03-11T16:11:00Z,60.393,PASS,0,0,CATALOG_CLEAN_BUT_STRICT_DATA_GATE_FAIL,Failed: T0 disk position,NO
SHRGT45_严格阴性对照前推检索_20260807,NOAA12297_X2.1_20150311,5298,12297,2015-03-09T03:59:25Z,2015.03.09_04:00:00_TAI,"[2015.03.09_01:00:00_TAI, 2015.03.09_04:00:00_TAI]",16,16,PASS,PASS,PASS,FAIL,-52.440483,-17.117895,FAIL,Failed: T0 disk position,0.351904,1.614,NOT_AVAILABLE_IN_INPUT,This query does not include CMASK/effective-pixel fields. It does not claim that measurement-driven trends are excluded.,NOT_FORMAL_INDEPENDENT_CONTROL,2015-03-11T16:11:00Z,60.193,PASS,0,0,CATALOG_CLEAN_BUT_STRICT_DATA_GATE_FAIL,Failed: T0 disk position,NO
SHRGT45_严格阴性对照前推检索_20260807,NOAA12297_X2.1_20150311,5298,12297,2015-03-09T04:11:25Z,2015.03.09_04:12:00_TAI,"[2015.03.09_01:12:00_TAI, 2015.03.09_04:12:00_TAI]",16,16,PASS,PASS,PASS,FAIL,-52.340549,-17.121426,FAIL,Failed: T0 disk position,0.278235,0.822,NOT_AVAILABLE_IN_INPUT,This query does not include CMASK/effective-pixel fields. It does not claim that measurement-driven trends are excluded.,NOT_FORMAL_INDEPENDENT_CONTROL,2015-03-11T16:11:00Z,59.993,PASS,0,0,CATALOG_CLEAN_BUT_STRICT_DATA_GATE_FAIL,Failed: T0 disk position,NO
SHRGT45_严格阴性对照前推检索_20260807,NOAA12297_X2.1_20150311,5298,12297,2015-03-09T04:23:25Z,2015.03.09_04:24:00_TAI,"[2015.03.09_01:24:00_TAI, 2015.03.09_04:24:00_TAI]",16,16,PASS,PASS,PASS,FAIL,-52.227306,-17.125715,FAIL,Failed: T0 disk position,0.261301,1.034,NOT_AVAILABLE_IN_INPUT,This query does not include CMASK/effective-pixel fields. It does not claim that measurement-driven trends are excluded.,NOT_FORMAL_INDEPENDENT_CONTROL,2015-03-11T16:11:00Z,59.793,PASS,0,0,CATALOG_CLEAN_BUT_STRICT_DATA_GATE_FAIL,Failed: T0 disk position,NO
SHRGT45_严格阴性对照前推检索_20260807,NOAA12297_X2.1_20150311,5298,12297,2015-03-09T04:35:25Z,2015.03.09_04:36:00_TAI,"[2015.03.09_01:36:00_TAI, 2015.03.09_04:36:00_TAI]",16,16,PASS,PASS,PASS,FAIL,-52.108501,-17.114573,FAIL,Failed: T0 disk position,0.207765,0.839,NOT_AVAILABLE_IN_INPUT,This query does not include CMASK/effective-pixel fields. It does not claim that measurement-driven trends are excluded.,NOT_FORMAL_INDEPENDENT_CONTROL,2015-03-11T16:11:00Z,59.593,PASS,0,0,CATALOG_CLEAN_BUT_STRICT_DATA_GATE_FAIL,Failed: T0 disk position,NO
SHRGT45_严格阴性对照前推检索_20260807,NOAA12297_X2.1_20150311,5298,12297,2015-03-09T04:47:25Z,2015.03.09_04:48:00_TAI,"[2015.03.09_01:48:00_TAI, 2015.03.09_04:48:00_TAI]",16,16,PASS,PASS,PASS,FAIL,-52.019852,-17.117079,FAIL,Failed: T0 disk position,0.191853,0.546,NOT_AVAILABLE_IN_INPUT,This query does not include CMASK/effective-pixel fields. It does not claim that measurement-driven trends are excluded.,NOT_FORMAL_INDEPENDENT_CONTROL,2015-03-11T16:11:00Z,59.393,PASS,0,0,CATALOG_CLEAN_BUT_STRICT_DATA_GATE_FAIL,Failed: T0 disk position,NO
SHRGT45_严格阴性对照前推检索_20260807,NOAA12297_X2.1_20150311,5298,12297,2015-03-09T04:59:25Z,2015.03.09_05:00:00_TAI,"[2015.03.09_02:00:00_TAI, 2015.03.09_05:00:00_TAI]",16,16,PASS,PASS,PASS,FAIL,-51.909077,-17.109095,FAIL,Failed: T0 disk position,0.242581,0.606,NOT_AVAILABLE_IN_INPUT,This query does not include CMASK/effective-pixel fields. It does not claim that measurement-driven trends are excluded.,NOT_FORMAL_INDEPENDENT_CONTROL,2015-03-11T16:11:00Z,59.193,PASS,0,0,CATALOG_CLEAN_BUT_STRICT_DATA_GATE_FAIL,Failed: T0 disk position,NO
SHRGT45_严格阴性对照前推检索_20260807,NOAA12297_X2.1_20150311,5298,12297,2015-03-09T05:11:25Z,2015.03.09_05:12:00_TAI,"[2015.03.09_02:12:00_TAI, 2015.03.09_05:12:00_TAI]",16,16,PASS,PASS,PASS,FAIL,-51.815845,-17.121403,FAIL,Failed: T0 disk position,0.239618,0.373,NOT_AVAILABLE_IN_INPUT,This query does not include CMASK/effective-pixel fields. It does not claim that measurement-driven trends are excluded.,NOT_FORMAL_INDEPENDENT_CONTROL,2015-03-11T16:11:00Z,58.993,PASS,0,0,CATALOG_CLEAN_BUT_STRICT_DATA_GATE_FAIL,Failed: T0 disk position,NO
SHRGT45_严格阴性对照前推检索_20260807,NOAA12297_X2.1_20150311,5298,12297,2015-03-09T05:23:25Z,2015.03.09_05:24:00_TAI,"[2015.03.09_02:24:00_TAI, 2015.03.09_05:24:00_TAI]",16,16,PASS,PASS,PASS,FAIL,-51.704830,-17.119530,FAIL,Failed: T0 disk position,0.251794,0.691,NOT_AVAILABLE_IN_INPUT,This query does not include CMASK/effective-pixel fields. It does not claim that measurement-driven trends are excluded.,NOT_FORMAL_INDEPENDENT_CONTROL,2015-03-11T16:11:00Z,58.793,PASS,0,0,CATALOG_CLEAN_BUT_STRICT_DATA_GATE_FAIL,Failed: T0 disk position,NO
SHRGT45_严格阴性对照前推检索_20260807,NOAA12297_X2.1_20150311,5298,12297,2015-03-09T05:35:25Z,2015.03.09_05:36:00_TAI,"[2015.03.09_02:36:00_TAI, 2015.03.09_05:36:00_TAI]",16,16,PASS,PASS,PASS,FAIL,-51.590076,-17.101423,FAIL,Failed: T0 disk position,0.246640,0.590,NOT_AVAILABLE_IN_INPUT,This query does not include CMASK/effective-pixel fields. It does not claim that measurement-driven trends are excluded.,NOT_FORMAL_INDEPENDENT_CONTROL,2015-03-11T16:11:00Z,58.593,PASS,0,0,CATALOG_CLEAN_BUT_STRICT_DATA_GATE_FAIL,Failed: T0 disk position,NO
SHRGT45_严格阴性对照前推检索_20260807,NOAA12297_X2.1_20150311,5298,12297,2015-03-09T05:47:25Z,2015.03.09_05:48:00_TAI,"[2015.03.09_02:48:00_TAI, 2015.03.09_05:48:00_TAI]",16,16,PASS,PASS,PASS,FAIL,-51.489670,-17.116507,FAIL,Failed: T0 disk position,0.179426,0.201,NOT_AVAILABLE_IN_INPUT,This query does not include CMASK/effective-pixel fields. It does not claim that measurement-driven trends are excluded.,NOT_FORMAL_INDEPENDENT_CONTROL,2015-03-11T16:11:00Z,58.393,PASS,0,0,CATALOG_CLEAN_BUT_STRICT_DATA_GATE_FAIL,Failed: T0 disk position,NO
SHRGT45_严格阴性对照前推检索_20260807,NOAA12297_X2.1_20150311,5298,12297,2015-03-09T05:59:25Z,2015.03.09_06:00:00_TAI,"[2015.03.09_03:00:00_TAI, 2015.03.09_06:00:00_TAI]",16,16,PASS,PASS,FAIL,FAIL,-51.386108,-17.121286,FAIL,Failed: all QUALITY=0; T0 disk position,0.096353,0.216,NOT_AVAILABLE_IN_INPUT,This query does not include CMASK/effective-pixel fields. It does not claim that measurement-driven trends are excluded.,NOT_FORMAL_INDEPENDENT_CONTROL,2015-03-11T16:11:00Z,58.193,PASS,0,0,CATALOG_CLEAN_BUT_STRICT_DATA_GATE_FAIL,Failed: all QUALITY=0; T0 disk position,NO
SHRGT45_严格阴性对照前推检索_20260807,NOAA12297_X2.1_20150311,5298,12297,2015-03-09T06:11:25Z,2015.03.09_06:12:00_TAI,"[2015.03.09_03:12:00_TAI, 2015.03.09_06:12:00_TAI]",16,16,PASS,PASS,FAIL,FAIL,-51.273746,-17.131016,FAIL,Failed: all QUALITY=0; T0 disk position,0.091721,0.649,NOT_AVAILABLE_IN_INPUT,This query does not include CMASK/effective-pixel fields. It does not claim that measurement-driven trends are excluded.,NOT_FORMAL_INDEPENDENT_CONTROL,2015-03-11T16:11:00Z,57.993,PASS,0,0,CATALOG_CLEAN_BUT_STRICT_DATA_GATE_FAIL,Failed: all QUALITY=0; T0 disk position,NO
SHRGT45_严格阴性对照前推检索_20260807,NOAA12297_X2.1_20150311,5298,12297,2015-03-09T06:23:25Z,2015.03.09_06:24:00_TAI,"[2015.03.09_03:24:00_TAI, 2015.03.09_06:24:00_TAI]",16,15,FAIL,FAIL,FAIL,FAIL,,,FAIL,Failed: history records 15/16; field completeness; HARP/NOAA mapping; all QUALITY=0; T0 disk position,,,NOT_AVAILABLE_IN_INPUT,This query does not include CMASK/effective-pixel fields. It does not claim that measurement-driven trends are excluded.,NOT_FORMAL_INDEPENDENT_CONTROL,2015-03-11T16:11:00Z,57.793,PASS,0,0,CATALOG_CLEAN_BUT_STRICT_DATA_GATE_FAIL,Failed: history records 15/16; field completeness; HARP/NOAA mapping; all QUALITY=0; T0 disk position,NO
SHRGT45_严格阴性对照前推检索_20260807,NOAA12297_X2.1_20150311,5298,12297,2015-03-09T06:35:25Z,2015.03.09_06:36:00_TAI,"[2015.03.09_03:36:00_TAI, 2015.03.09_06:36:00_TAI]",16,14,FAIL,FAIL,FAIL,FAIL,,,FAIL,Failed: history records 14/16; field completeness; HARP/NOAA mapping; all QUALITY=0; T0 disk position,,,NOT_AVAILABLE_IN_INPUT,This query does not include CMASK/effective-pixel fields. It does not claim that measurement-driven trends are excluded.,NOT_FORMAL_INDEPENDENT_CONTROL,2015-03-11T16:11:00Z,57.593,PASS,0,0,CATALOG_CLEAN_BUT_STRICT_DATA_GATE_FAIL,Failed: history records 14/16; field completeness; HARP/NOAA mapping; all QUALITY=0; T0 disk position,NO
SHRGT45_严格阴性对照前推检索_20260807,NOAA12297_X2.1_20150311,5298,12297,2015-03-09T06:47:25Z,2015.03.09_06:48:00_TAI,"[2015.03.09_03:48:00_TAI, 2015.03.09_06:48:00_TAI]",16,13,FAIL,FAIL,FAIL,FAIL,,,FAIL,Failed: history records 13/16; field completeness; HARP/NOAA mapping; all QUALITY=0; T0 disk position,,,NOT_AVAILABLE_IN_INPUT,This query does not include CMASK/effective-pixel fields. It does not claim that measurement-driven trends are excluded.,NOT_FORMAL_INDEPENDENT_CONTROL,2015-03-11T16:11:00Z,57.393,PASS,0,0,CATALOG_CLEAN_BUT_STRICT_DATA_GATE_FAIL,Failed: history records 13/16; field completeness; HARP/NOAA mapping; all QUALITY=0; T0 disk position,NO
SHRGT45_严格阴性对照前推检索_20260807,NOAA12297_X2.1_20150311,5298,12297,2015-03-09T06:59:25Z,2015.03.09_07:00:00_TAI,"[2015.03.09_04:00:00_TAI, 2015.03.09_07:00:00_TAI]",16,12,FAIL,FAIL,FAIL,FAIL,,,FAIL,Failed: history records 12/16; field completeness; HARP/NOAA mapping; all QUALITY=0; T0 disk position,,,NOT_AVAILABLE_IN_INPUT,This query does not include CMASK/effective-pixel fields. It does not claim that measurement-driven trends are excluded.,NOT_FORMAL_INDEPENDENT_CONTROL,2015-03-11T16:11:00Z,57.193,PASS,0,0,CATALOG_CLEAN_BUT_STRICT_DATA_GATE_FAIL,Failed: history records 12/16; field completeness; HARP/NOAA mapping; all QUALITY=0; T0 disk position,NO
SHRGT45_严格阴性对照前推检索_20260807,NOAA12297_X2.1_20150311,5298,12297,2015-03-09T07:11:25Z,2015.03.09_07:12:00_TAI,"[2015.03.09_04:12:00_TAI, 2015.03.09_07:12:00_TAI]",16,11,FAIL,FAIL,FAIL,FAIL,,,FAIL,Failed: history records 11/16; field completeness; HARP/NOAA mapping; all QUALITY=0; T0 disk position,,,NOT_AVAILABLE_IN_INPUT,This query does not include CMASK/effective-pixel fields. It does not claim that measurement-driven trends are excluded.,NOT_FORMAL_INDEPENDENT_CONTROL,2015-03-11T16:11:00Z,56.993,PASS,0,0,CATALOG_CLEAN_BUT_STRICT_DATA_GATE_FAIL,Failed: history records 11/16; field completeness; HARP/NOAA mapping; all QUALITY=0; T0 disk position,NO
SHRGT45_严格阴性对照前推检索_20260807,NOAA12297_X2.1_20150311,5298,12297,2015-03-10T07:35:25Z,2015.03.10_07:36:00_TAI,"[2015.03.10_04:36:00_TAI, 2015.03.10_07:36:00_TAI]",16,9,FAIL,FAIL,FAIL,FAIL,,,FAIL,Failed: history records 9/16; field completeness; HARP/NOAA mapping; all QUALITY=0; T0 disk position,,,NOT_AVAILABLE_IN_INPUT,This query does not include CMASK/effective-pixel fields. It does not claim that measurement-driven trends are excluded.,NOT_FORMAL_INDEPENDENT_CONTROL,2015-03-11T16:11:00Z,32.593,PASS,0,0,CATALOG_CLEAN_BUT_STRICT_DATA_GATE_FAIL,Failed: history records 9/16; field completeness; HARP/NOAA mapping; all QUALITY=0; T0 disk position,NO
SHRGT45_严格阴性对照前推检索_20260807,NOAA12297_X2.1_20150311,5298,12297,2015-03-10T07:47:25Z,2015.03.10_07:48:00_TAI,"[2015.03.10_04:48:00_TAI, 2015.03.10_07:48:00_TAI]",16,8,FAIL,FAIL,FAIL,FAIL,,,FAIL,Failed: history records 8/16; field completeness; HARP/NOAA mapping; all QUALITY=0; T0 disk position,,,NOT_AVAILABLE_IN_INPUT,This query does not include CMASK/effective-pixel fields. It does not claim that measurement-driven trends are excluded.,NOT_FORMAL_INDEPENDENT_CONTROL,2015-03-11T16:11:00Z,32.393,PASS,0,0,CATALOG_CLEAN_BUT_STRICT_DATA_GATE_FAIL,Failed: history records 8/16; field completeness; HARP/NOAA mapping; all QUALITY=0; T0 disk position,NO
SHRGT45_严格阴性对照前推检索_20260807,NOAA12297_X2.1_20150311,5298,12297,2015-03-10T07:59:25Z,2015.03.10_08:00:00_TAI,"[2015.03.10_05:00:00_TAI, 2015.03.10_08:00:00_TAI]",16,7,FAIL,FAIL,FAIL,FAIL,,,FAIL,Failed: history records 7/16; field completeness; HARP/NOAA mapping; all QUALITY=0; T0 disk position,,,NOT_AVAILABLE_IN_INPUT,This query does not include CMASK/effective-pixel fields. It does not claim that measurement-driven trends are excluded.,NOT_FORMAL_INDEPENDENT_CONTROL,2015-03-11T16:11:00Z,32.193,PASS,0,0,CATALOG_CLEAN_BUT_STRICT_DATA_GATE_FAIL,Failed: history records 7/16; field completeness; HARP/NOAA mapping; all QUALITY=0; T0 disk position,NO
SHRGT45_严格阴性对照前推检索_20260807,NOAA12297_X2.1_20150311,5298,12297,2015-03-10T08:11:25Z,2015.03.10_08:12:00_TAI,"[2015.03.10_05:12:00_TAI, 2015.03.10_08:12:00_TAI]",16,6,FAIL,FAIL,FAIL,FAIL,,,FAIL,Failed: history records 6/16; field completeness; HARP/NOAA mapping; all QUALITY=0; T0 disk position,,,NOT_AVAILABLE_IN_INPUT,This query does not include CMASK/effective-pixel fields. It does not claim that measurement-driven trends are excluded.,NOT_FORMAL_INDEPENDENT_CONTROL,2015-03-11T16:11:00Z,31.993,PASS,0,0,CATALOG_CLEAN_BUT_STRICT_DATA_GATE_FAIL,Failed: history records 6/16; field completeness; HARP/NOAA mapping; all QUALITY=0; T0 disk position,NO
SHRGT45_严格阴性对照前推检索_20260807,NOAA12297_X2.1_20150311,5298,12297,2015-03-10T08:23:25Z,2015.03.10_08:24:00_TAI,"[2015.03.10_05:24:00_TAI, 2015.03.10_08:24:00_TAI]",16,5,FAIL,FAIL,FAIL,FAIL,,,FAIL,Failed: history records 5/16; field completeness; HARP/NOAA mapping; all QUALITY=0; T0 disk position,,,NOT_AVAILABLE_IN_INPUT,This query does not include CMASK/effective-pixel fields. It does not claim that measurement-driven trends are excluded.,NOT_FORMAL_INDEPENDENT_CONTROL,2015-03-11T16:11:00Z,31.793,PASS,0,0,CATALOG_CLEAN_BUT_STRICT_DATA_GATE_FAIL,Failed: history records 5/16; field completeness; HARP/NOAA mapping; all QUALITY=0; T0 disk position,NO
SHRGT45_严格阴性对照前推检索_20260807,NOAA12297_X2.1_20150311,5298,12297,2015-03-10T08:35:25Z,2015.03.10_08:36:00_TAI,"[2015.03.10_05:36:00_TAI, 2015.03.10_08:36:00_TAI]",16,4,FAIL,FAIL,FAIL,FAIL,,,FAIL,Failed: history records 4/16; field completeness; HARP/NOAA mapping; all QUALITY=0; T0 disk position,,,NOT_AVAILABLE_IN_INPUT,This query does not include CMASK/effective-pixel fields. It does not claim that measurement-driven trends are excluded.,NOT_FORMAL_INDEPENDENT_CONTROL,2015-03-11T16:11:00Z,31.593,PASS,0,0,CATALOG_CLEAN_BUT_STRICT_DATA_GATE_FAIL,Failed: history records 4/16; field completeness; HARP/NOAA mapping; all QUALITY=0; T0 disk position,NO
SHRGT45_严格阴性对照前推检索_20260807,NOAA12297_X2.1_20150311,5298,12297,2015-03-10T08:47:25Z,2015.03.10_08:48:00_TAI,"[2015.03.10_05:48:00_TAI, 2015.03.10_08:48:00_TAI]",16,3,FAIL,FAIL,FAIL,FAIL,,,FAIL,Failed: history records 3/16; field completeness; HARP/NOAA mapping; all QUALITY=0; T0 disk position,,,NOT_AVAILABLE_IN_INPUT,This query does not include CMASK/effective-pixel fields. It does not claim that measurement-driven trends are excluded.,NOT_FORMAL_INDEPENDENT_CONTROL,2015-03-11T16:11:00Z,31.393,PASS,0,0,CATALOG_CLEAN_BUT_STRICT_DATA_GATE_FAIL,Failed: history records 3/16; field completeness; HARP/NOAA mapping; all QUALITY=0; T0 disk position,NO
SHRGT45_严格阴性对照前推检索_20260807,NOAA12297_X2.1_20150311,5298,12297,2015-03-10T08:59:25Z,2015.03.10_09:00:00_TAI,"[2015.03.10_06:00:00_TAI, 2015.03.10_09:00:00_TAI]",16,2,FAIL,FAIL,FAIL,FAIL,,,FAIL,Failed: history records 2/16; field completeness; HARP/NOAA mapping; all QUALITY=0; T0 disk position,,,NOT_AVAILABLE_IN_INPUT,This query does not include CMASK/effective-pixel fields. It does not claim that measurement-driven trends are excluded.,NOT_FORMAL_INDEPENDENT_CONTROL,2015-03-11T16:11:00Z,31.193,PASS,0,0,CATALOG_CLEAN_BUT_STRICT_DATA_GATE_FAIL,Failed: history records 2/16; field completeness; HARP/NOAA mapping; all QUALITY=0; T0 disk position,NO
SHRGT45_严格阴性对照前推检索_20260807,NOAA12297_X2.1_20150311,5298,12297,2015-03-10T09:11:25Z,2015.03.10_09:12:00_TAI,"[2015.03.10_06:12:00_TAI, 2015.03.10_09:12:00_TAI]",16,2,FAIL,FAIL,FAIL,PASS,-36.745781,-17.387840,FAIL,Failed: history records 2/16; field completeness; HARP/NOAA mapping; all QUALITY=0,,,NOT_AVAILABLE_IN_INPUT,This query does not include CMASK/effective-pixel fields. It does not claim that measurement-driven trends are excluded.,NOT_FORMAL_INDEPENDENT_CONTROL,2015-03-11T16:11:00Z,30.993,PASS,0,0,CATALOG_CLEAN_BUT_STRICT_DATA_GATE_FAIL,Failed: history records 2/16; field completeness; HARP/NOAA mapping; all QUALITY=0,NO
SHRGT45_严格阴性对照前推检索_20260807,NOAA12297_X2.1_20150311,5298,12297,2015-03-10T09:23:25Z,2015.03.10_09:24:00_TAI,"[2015.03.10_06:24:00_TAI, 2015.03.10_09:24:00_TAI]",16,2,FAIL,FAIL,FAIL,PASS,-36.650616,-17.390406,FAIL,Failed: history records 2/16; field completeness; HARP/NOAA mapping; all QUALITY=0,,,NOT_AVAILABLE_IN_INPUT,This query does not include CMASK/effective-pixel fields. It does not claim that measurement-driven trends are excluded.,NOT_FORMAL_INDEPENDENT_CONTROL,2015-03-11T16:11:00Z,30.793,PASS,0,0,CATALOG_CLEAN_BUT_STRICT_DATA_GATE_FAIL,Failed: history records 2/16; field completeness; HARP/NOAA mapping; all QUALITY=0,NO
SHRGT45_严格阴性对照前推检索_20260807,NOAA12297_X2.1_20150311,5298,12297,2015-03-10T09:35:25Z,2015.03.10_09:36:00_TAI,"[2015.03.10_06:36:00_TAI, 2015.03.10_09:36:00_TAI]",16,3,FAIL,FAIL,FAIL,PASS,-36.539177,-17.393017,FAIL,Failed: history records 3/16; field completeness; HARP/NOAA mapping; all QUALITY=0,,,NOT_AVAILABLE_IN_INPUT,This query does not include CMASK/effective-pixel fields. It does not claim that measurement-driven trends are excluded.,NOT_FORMAL_INDEPENDENT_CONTROL,2015-03-11T16:11:00Z,30.593,PASS,0,0,CATALOG_CLEAN_BUT_STRICT_DATA_GATE_FAIL,Failed: history records 3/16; field completeness; HARP/NOAA mapping; all QUALITY=0,NO
SHRGT45_严格阴性对照前推检索_20260807,NOAA12297_X2.1_20150311,5298,12297,2015-03-10T09:47:25Z,2015.03.10_09:48:00_TAI,"[2015.03.10_06:48:00_TAI, 2015.03.10_09:48:00_TAI]",16,3,FAIL,FAIL,FAIL,FAIL,,,FAIL,Failed: history records 3/16; field completeness; HARP/NOAA mapping; all QUALITY=0; T0 disk position,,,NOT_AVAILABLE_IN_INPUT,This query does not include CMASK/effective-pixel fields. It does not claim that measurement-driven trends are excluded.,NOT_FORMAL_INDEPENDENT_CONTROL,2015-03-11T16:11:00Z,30.393,PASS,0,0,CATALOG_CLEAN_BUT_STRICT_DATA_GATE_FAIL,Failed: history records 3/16; field completeness; HARP/NOAA mapping; all QUALITY=0; T0 disk position,NO
SHRGT45_严格阴性对照前推检索_20260807,NOAA12297_X2.1_20150311,5298,12297,2015-03-10T09:59:25Z,2015.03.10_10:00:00_TAI,"[2015.03.10_07:00:00_TAI, 2015.03.10_10:00:00_TAI]",16,4,FAIL,FAIL,FAIL,PASS,-36.374439,-17.401804,FAIL,Failed: history records 4/16; field completeness; HARP/NOAA mapping; all QUALITY=0,,,NOT_AVAILABLE_IN_INPUT,This query does not include CMASK/effective-pixel fields. It does not claim that measurement-driven trends are excluded.,NOT_FORMAL_INDEPENDENT_CONTROL,2015-03-11T16:11:00Z,30.193,PASS,0,0,CATALOG_CLEAN_BUT_STRICT_DATA_GATE_FAIL,Failed: history records 4/16; field completeness; HARP/NOAA mapping; all QUALITY=0,NO
SHRGT45_严格阴性对照前推检索_20260807,NOAA12297_X2.1_20150311,5298,12297,2015-03-10T10:11:25Z,2015.03.10_10:12:00_TAI,"[2015.03.10_07:12:00_TAI, 2015.03.10_10:12:00_TAI]",16,5,FAIL,FAIL,FAIL,PASS,-36.264034,-17.401577,FAIL,Failed: history records 5/16; field completeness; HARP/NOAA mapping; all QUALITY=0,,,NOT_AVAILABLE_IN_INPUT,This query does not include CMASK/effective-pixel fields. It does not claim that measurement-driven trends are excluded.,NOT_FORMAL_INDEPENDENT_CONTROL,2015-03-11T16:11:00Z,29.993,PASS,0,0,CATALOG_CLEAN_BUT_STRICT_DATA_GATE_FAIL,Failed: history records 5/16; field completeness; HARP/NOAA mapping; all QUALITY=0,NO
SHRGT45_严格阴性对照前推检索_20260807,NOAA12297_X2.1_20150311,5298,12297,2015-03-10T10:23:25Z,2015.03.10_10:24:00_TAI,"[2015.03.10_07:24:00_TAI, 2015.03.10_10:24:00_TAI]",16,6,FAIL,FAIL,FAIL,PASS,-36.161419,-17.403713,FAIL,Failed: history records 6/16; field completeness; HARP/NOAA mapping; all QUALITY=0,,,NOT_AVAILABLE_IN_INPUT,This query does not include CMASK/effective-pixel fields. It does not claim that measurement-driven trends are excluded.,NOT_FORMAL_INDEPENDENT_CONTROL,2015-03-11T16:11:00Z,29.793,PASS,0,0,CATALOG_CLEAN_BUT_STRICT_DATA_GATE_FAIL,Failed: history records 6/16; field completeness; HARP/NOAA mapping; all QUALITY=0,NO
SHRGT45_严格阴性对照前推检索_20260807,NOAA12297_X2.1_20150311,5298,12297,2015-03-10T10:35:25Z,2015.03.10_10:36:00_TAI,"[2015.03.10_07:36:00_TAI, 2015.03.10_10:36:00_TAI]",16,7,FAIL,FAIL,FAIL,PASS,-36.074356,-17.406591,FAIL,Failed: history records 7/16; field completeness; HARP/NOAA mapping; all QUALITY=0,,,NOT_AVAILABLE_IN_INPUT,This query does not include CMASK/effective-pixel fields. It does not claim that measurement-driven trends are excluded.,NOT_FORMAL_INDEPENDENT_CONTROL,2015-03-11T16:11:00Z,29.593,PASS,0,0,CATALOG_CLEAN_BUT_STRICT_DATA_GATE_FAIL,Failed: history records 7/16; field completeness; HARP/NOAA mapping; all QUALITY=0,NO
SHRGT45_严格阴性对照前推检索_20260807,NOAA12297_X2.1_20150311,5298,12297,2015-03-10T10:47:25Z,2015.03.10_10:48:00_TAI,"[2015.03.10_07:48:00_TAI, 2015.03.10_10:48:00_TAI]",16,8,FAIL,FAIL,FAIL,PASS,-35.963665,-17.409101,FAIL,Failed: history records 8/16; field completeness; HARP/NOAA mapping; all QUALITY=0,,,NOT_AVAILABLE_IN_INPUT,This query does not include CMASK/effective-pixel fields. It does not claim that measurement-driven trends are excluded.,NOT_FORMAL_INDEPENDENT_CONTROL,2015-03-11T16:11:00Z,29.393,PASS,0,0,CATALOG_CLEAN_BUT_STRICT_DATA_GATE_FAIL,Failed: history records 8/16; field completeness; HARP/NOAA mapping; all QUALITY=0,NO
SHRGT45_严格阴性对照前推检索_20260807,NOAA12297_X2.1_20150311,5298,12297,2015-03-10T10:59:25Z,2015.03.10_11:00:00_TAI,"[2015.03.10_08:00:00_TAI, 2015.03.10_11:00:00_TAI]",16,9,FAIL,FAIL,FAIL,PASS,-35.854385,-17.412676,FAIL,Failed: history records 9/16; field completeness; HARP/NOAA mapping; all QUALITY=0,,,NOT_AVAILABLE_IN_INPUT,This query does not include CMASK/effective-pixel fields. It does not claim that measurement-driven trends are excluded.,NOT_FORMAL_INDEPENDENT_CONTROL,2015-03-11T16:11:00Z,29.193,PASS,0,0,CATALOG_CLEAN_BUT_STRICT_DATA_GATE_FAIL,Failed: history records 9/16; field completeness; HARP/NOAA mapping; all QUALITY=0,NO
SHRGT45_严格阴性对照前推检索_20260807,NOAA12297_X2.1_20150311,5298,12297,2015-03-10T11:11:25Z,2015.03.10_11:12:00_TAI,"[2015.03.10_08:12:00_TAI, 2015.03.10_11:12:00_TAI]",16,10,FAIL,FAIL,FAIL,PASS,-35.745747,-17.409616,FAIL,Failed: history records 10/16; field completeness; HARP/NOAA mapping; all QUALITY=0,,,NOT_AVAILABLE_IN_INPUT,This query does not include CMASK/effective-pixel fields. It does not claim that measurement-driven trends are excluded.,NOT_FORMAL_INDEPENDENT_CONTROL,2015-03-11T16:11:00Z,28.993,PASS,0,0,CATALOG_CLEAN_BUT_STRICT_DATA_GATE_FAIL,Failed: history records 10/16; field completeness; HARP/NOAA mapping; all QUALITY=0,NO
SHRGT45_严格阴性对照前推检索_20260807,NOAA12297_X2.1_20150311,5298,12297,2015-03-10T11:23:25Z,2015.03.10_11:24:00_TAI,"[2015.03.10_08:24:00_TAI, 2015.03.10_11:24:00_TAI]",16,11,FAIL,FAIL,FAIL,PASS,-35.646839,-17.415247,FAIL,Failed: history records 11/16; field completeness; HARP/NOAA mapping; all QUALITY=0,,,NOT_AVAILABLE_IN_INPUT,This query does not include CMASK/effective-pixel fields. It does not claim that measurement-driven trends are excluded.,NOT_FORMAL_INDEPENDENT_CONTROL,2015-03-11T16:11:00Z,28.793,PASS,0,0,CATALOG_CLEAN_BUT_STRICT_DATA_GATE_FAIL,Failed: history records 11/16; field completeness; HARP/NOAA mapping; all QUALITY=0,NO
SHRGT45_严格阴性对照前推检索_20260807,NOAA12297_X2.1_20150311,5298,12297,2015-03-10T11:35:25Z,2015.03.10_11:36:00_TAI,"[2015.03.10_08:36:00_TAI, 2015.03.10_11:36:00_TAI]",16,12,FAIL,FAIL,FAIL,PASS,-35.538586,-17.412579,FAIL,Failed: history records 12/16; field completeness; HARP/NOAA mapping; all QUALITY=0,,,NOT_AVAILABLE_IN_INPUT,This query does not include CMASK/effective-pixel fields. It does not claim that measurement-driven trends are excluded.,NOT_FORMAL_INDEPENDENT_CONTROL,2015-03-11T16:11:00Z,28.593,PASS,0,0,CATALOG_CLEAN_BUT_STRICT_DATA_GATE_FAIL,Failed: history records 12/16; field completeness; HARP/NOAA mapping; all QUALITY=0,NO
SHRGT45_严格阴性对照前推检索_20260807,NOAA12297_X2.1_20150311,5298,12297,2015-03-10T11:47:25Z,2015.03.10_11:48:00_TAI,"[2015.03.10_08:48:00_TAI, 2015.03.10_11:48:00_TAI]",16,13,FAIL,FAIL,FAIL,PASS,-35.418648,-17.416004,FAIL,Failed: history records 13/16; field completeness; HARP/NOAA mapping; all QUALITY=0,,,NOT_AVAILABLE_IN_INPUT,This query does not include CMASK/effective-pixel fields. It does not claim that measurement-driven trends are excluded.,NOT_FORMAL_INDEPENDENT_CONTROL,2015-03-11T16:11:00Z,28.393,PASS,0,0,CATALOG_CLEAN_BUT_STRICT_DATA_GATE_FAIL,Failed: history records 13/16; field completeness; HARP/NOAA mapping; all QUALITY=0,NO
SHRGT45_严格阴性对照前推检索_20260807,NOAA12297_X2.1_20150311,5298,12297,2015-03-10T11:59:25Z,2015.03.10_12:00:00_TAI,"[2015.03.10_09:00:00_TAI, 2015.03.10_12:00:00_TAI]",16,14,FAIL,FAIL,FAIL,PASS,-35.302254,-17.409090,FAIL,Failed: history records 14/16; field completeness; HARP/NOAA mapping; all QUALITY=0,,,NOT_AVAILABLE_IN_INPUT,This query does not include CMASK/effective-pixel fields. It does not claim that measurement-driven trends are excluded.,NOT_FORMAL_INDEPENDENT_CONTROL,2015-03-11T16:11:00Z,28.193,PASS,0,0,CATALOG_CLEAN_BUT_STRICT_DATA_GATE_FAIL,Failed: history records 14/16; field completeness; HARP/NOAA mapping; all QUALITY=0,NO
SHRGT45_严格阴性对照前推检索_20260807,NOAA12297_X2.1_20150311,5298,12297,2015-03-10T12:11:25Z,2015.03.10_12:12:00_TAI,"[2015.03.10_09:12:00_TAI, 2015.03.10_12:12:00_TAI]",16,15,FAIL,FAIL,FAIL,PASS,-35.196247,-17.416750,FAIL,Failed: history records 15/16; field completeness; HARP/NOAA mapping; all QUALITY=0,,,NOT_AVAILABLE_IN_INPUT,This query does not include CMASK/effective-pixel fields. It does not claim that measurement-driven trends are excluded.,NOT_FORMAL_INDEPENDENT_CONTROL,2015-03-11T16:11:00Z,27.993,PASS,0,0,CATALOG_CLEAN_BUT_STRICT_DATA_GATE_FAIL,Failed: history records 15/16; field completeness; HARP/NOAA mapping; all QUALITY=0,NO
SHRGT45_严格阴性对照前推检索_20260807,NOAA12297_X2.1_20150311,5298,12297,2015-03-10T12:23:25Z,2015.03.10_12:24:00_TAI,"[2015.03.10_09:24:00_TAI, 2015.03.10_12:24:00_TAI]",16,15,FAIL,FAIL,FAIL,PASS,-35.084049,-17.413622,FAIL,Failed: history records 15/16; field completeness; HARP/NOAA mapping; all QUALITY=0,,,NOT_AVAILABLE_IN_INPUT,This query does not include CMASK/effective-pixel fields. It does not claim that measurement-driven trends are excluded.,NOT_FORMAL_INDEPENDENT_CONTROL,2015-03-11T16:11:00Z,27.793,PASS,0,0,CATALOG_CLEAN_BUT_STRICT_DATA_GATE_FAIL,Failed: history records 15/16; field completeness; HARP/NOAA mapping; all QUALITY=0,NO
SHRGT45_严格阴性对照前推检索_20260807,NOAA12297_X2.1_20150311,5298,12297,2015-03-10T12:35:25Z,2015.03.10_12:36:00_TAI,"[2015.03.10_09:36:00_TAI, 2015.03.10_12:36:00_TAI]",16,15,FAIL,FAIL,FAIL,PASS,-34.987232,-17.408892,FAIL,Failed: history records 15/16; field completeness; HARP/NOAA mapping; all QUALITY=0,,,NOT_AVAILABLE_IN_INPUT,This query does not include CMASK/effective-pixel fields. It does not claim that measurement-driven trends are excluded.,NOT_FORMAL_INDEPENDENT_CONTROL,2015-03-11T16:11:00Z,27.593,PASS,0,0,CATALOG_CLEAN_BUT_STRICT_DATA_GATE_FAIL,Failed: history records 15/16; field completeness; HARP/NOAA mapping; all QUALITY=0,NO
SHRGT45_严格阴性对照前推检索_20260807,NOAA12297_X2.1_20150311,5298,12297,2015-03-10T12:47:25Z,2015.03.10_12:48:00_TAI,"[2015.03.10_09:48:00_TAI, 2015.03.10_12:48:00_TAI]",16,15,FAIL,FAIL,FAIL,PASS,-34.868473,-17.406412,FAIL,Failed: history records 15/16; field completeness; HARP/NOAA mapping; all QUALITY=0,,,NOT_AVAILABLE_IN_INPUT,This query does not include CMASK/effective-pixel fields. It does not claim that measurement-driven trends are excluded.,NOT_FORMAL_INDEPENDENT_CONTROL,2015-03-11T16:11:00Z,27.393,PASS,0,0,CATALOG_CLEAN_BUT_STRICT_DATA_GATE_FAIL,Failed: history records 15/16; field completeness; HARP/NOAA mapping; all QUALITY=0,NO
SHRGT45_严格阴性对照前推检索_20260807,NOAA12297_X2.1_20150311,5298,12297,2015-03-10T12:59:25Z,2015.03.10_13:00:00_TAI,"[2015.03.10_10:00:00_TAI, 2015.03.10_13:00:00_TAI]",16,16,PASS,PASS,PASS,PASS,-34.760780,-17.403225,PASS,16/16 returned; all requested fields complete; HARP/NOAA mapping holds; all QUALITY=0; T0 is within the disk-position rule.,0.222699,0.602,NOT_AVAILABLE_IN_INPUT,This query does not include CMASK/effective-pixel fields. It does not claim that measurement-driven trends are excluded.,NOT_FORMAL_INDEPENDENT_CONTROL,2015-03-11T16:11:00Z,27.193,PASS,0,0,CATALOG_CLEAN_AND_STRICT_DATA_QUALIFIED_TIME_CANDIDATE,Passes the existing strict data baseline and the guarded catalog screen; remains a same-AR temporal candidate only.,NO
SHRGT45_严格阴性对照前推检索_20260807,NOAA12297_X2.1_20150311,5298,12297,2015-03-10T13:11:25Z,2015.03.10_13:12:00_TAI,"[2015.03.10_10:12:00_TAI, 2015.03.10_13:12:00_TAI]",16,16,PASS,PASS,PASS,PASS,-34.653862,-17.401236,PASS,16/16 returned; all requested fields complete; HARP/NOAA mapping holds; all QUALITY=0; T0 is within the disk-position rule.,0.279059,0.686,NOT_AVAILABLE_IN_INPUT,This query does not include CMASK/effective-pixel fields. It does not claim that measurement-driven trends are excluded.,NOT_FORMAL_INDEPENDENT_CONTROL,2015-03-11T16:11:00Z,26.993,PASS,0,0,CATALOG_CLEAN_AND_STRICT_DATA_QUALIFIED_TIME_CANDIDATE,Passes the existing strict data baseline and the guarded catalog screen; remains a same-AR temporal candidate only.,NO
SHRGT45_严格阴性对照前推检索_20260807,NOAA12297_X2.1_20150311,5298,12297,2015-03-10T13:23:25Z,2015.03.10_13:24:00_TAI,"[2015.03.10_10:24:00_TAI, 2015.03.10_13:24:00_TAI]",16,16,PASS,PASS,PASS,PASS,-34.554253,-17.408903,PASS,16/16 returned; all requested fields complete; HARP/NOAA mapping holds; all QUALITY=0; T0 is within the disk-position rule.,0.313860,0.417,NOT_AVAILABLE_IN_INPUT,This query does not include CMASK/effective-pixel fields. It does not claim that measurement-driven trends are excluded.,NOT_FORMAL_INDEPENDENT_CONTROL,2015-03-11T16:11:00Z,26.793,PASS,0,0,CATALOG_CLEAN_AND_STRICT_DATA_QUALIFIED_TIME_CANDIDATE,Passes the existing strict data baseline and the guarded catalog screen; remains a same-AR temporal candidate only.,NO
SHRGT45_严格阴性对照前推检索_20260807,NOAA12297_X2.1_20150311,5298,12297,2015-03-10T13:35:25Z,2015.03.10_13:36:00_TAI,"[2015.03.10_10:36:00_TAI, 2015.03.10_13:36:00_TAI]",16,16,PASS,PASS,PASS,PASS,-34.443230,-17.406635,PASS,16/16 returned; all requested fields complete; HARP/NOAA mapping holds; all QUALITY=0; T0 is within the disk-position rule.,0.406279,1.125,NOT_AVAILABLE_IN_INPUT,This query does not include CMASK/effective-pixel fields. It does not claim that measurement-driven trends are excluded.,NOT_FORMAL_INDEPENDENT_CONTROL,2015-03-11T16:11:00Z,26.593,PASS,0,0,CATALOG_CLEAN_AND_STRICT_DATA_QUALIFIED_TIME_CANDIDATE,Passes the existing strict data baseline and the guarded catalog screen; remains a same-AR temporal candidate only.,NO
SHRGT45_严格阴性对照前推检索_20260807,NOAA12297_X2.1_20150311,5298,12297,2015-03-10T13:47:25Z,2015.03.10_13:48:00_TAI,"[2015.03.10_10:48:00_TAI, 2015.03.10_13:48:00_TAI]",16,16,PASS,PASS,PASS,PASS,-34.324680,-17.402962,PASS,16/16 returned; all requested fields complete; HARP/NOAA mapping holds; all QUALITY=0; T0 is within the disk-position rule.,0.448956,1.187,NOT_AVAILABLE_IN_INPUT,This query does not include CMASK/effective-pixel fields. It does not claim that measurement-driven trends are excluded.,NOT_FORMAL_INDEPENDENT_CONTROL,2015-03-11T16:11:00Z,26.393,PASS,0,0,CATALOG_CLEAN_AND_STRICT_DATA_QUALIFIED_TIME_CANDIDATE,Passes the existing strict data baseline and the guarded catalog screen; remains a same-AR temporal candidate only.,NO
SHRGT45_严格阴性对照前推检索_20260807,NOAA12297_X2.1_20150311,5298,12297,2015-03-10T13:59:25Z,2015.03.10_14:00:00_TAI,"[2015.03.10_11:00:00_TAI, 2015.03.10_14:00:00_TAI]",16,16,PASS,PASS,PASS,PASS,-34.229836,-17.401846,PASS,16/16 returned; all requested fields complete; HARP/NOAA mapping holds; all QUALITY=0; T0 is within the disk-position rule.,0.435794,1.087,NOT_AVAILABLE_IN_INPUT,This query does not include CMASK/effective-pixel fields. It does not claim that measurement-driven trends are excluded.,NOT_FORMAL_INDEPENDENT_CONTROL,2015-03-11T16:11:00Z,26.193,PASS,0,0,CATALOG_CLEAN_AND_STRICT_DATA_QUALIFIED_TIME_CANDIDATE,Passes the existing strict data baseline and the guarded catalog screen; remains a same-AR temporal candidate only.,NO
SHRGT45_严格阴性对照前推检索_20260807,NOAA12297_X2.1_20150311,5298,12297,2015-03-10T14:11:25Z,2015.03.10_14:12:00_TAI,"[2015.03.10_11:12:00_TAI, 2015.03.10_14:12:00_TAI]",16,16,PASS,PASS,PASS,PASS,-34.121532,-17.412941,PASS,16/16 returned; all requested fields complete; HARP/NOAA mapping holds; all QUALITY=0; T0 is within the disk-position rule.,0.366279,0.706,NOT_AVAILABLE_IN_INPUT,This query does not include CMASK/effective-pixel fields. It does not claim that measurement-driven trends are excluded.,NOT_FORMAL_INDEPENDENT_CONTROL,2015-03-11T16:11:00Z,25.993,PASS,0,0,CATALOG_CLEAN_AND_STRICT_DATA_QUALIFIED_TIME_CANDIDATE,Passes the existing strict data baseline and the guarded catalog screen; remains a same-AR temporal candidate only.,NO
SHRGT45_严格阴性对照前推检索_20260807,NOAA12297_X2.1_20150311,5298,12297,2015-03-10T14:23:25Z,2015.03.10_14:24:00_TAI,"[2015.03.10_11:24:00_TAI, 2015.03.10_14:24:00_TAI]",16,16,PASS,PASS,PASS,PASS,-33.996284,-17.414194,PASS,16/16 returned; all requested fields complete; HARP/NOAA mapping holds; all QUALITY=0; T0 is within the disk-position rule.,0.334912,0.728,NOT_AVAILABLE_IN_INPUT,This query does not include CMASK/effective-pixel fields. It does not claim that measurement-driven trends are excluded.,NOT_FORMAL_INDEPENDENT_CONTROL,2015-03-11T16:11:00Z,25.793,PASS,0,0,CATALOG_CLEAN_AND_STRICT_DATA_QUALIFIED_TIME_CANDIDATE,Passes the existing strict data baseline and the guarded catalog screen; remains a same-AR temporal candidate only.,NO
SHRGT45_严格阴性对照前推检索_20260807,NOAA12297_X2.1_20150311,5298,12297,2015-03-10T14:35:25Z,2015.03.10_14:36:00_TAI,"[2015.03.10_11:36:00_TAI, 2015.03.10_14:36:00_TAI]",16,16,PASS,PASS,PASS,PASS,-33.907406,-17.419428,PASS,16/16 returned; all requested fields complete; HARP/NOAA mapping holds; all QUALITY=0; T0 is within the disk-position rule.,0.278169,0.410,NOT_AVAILABLE_IN_INPUT,This query does not include CMASK/effective-pixel fields. It does not claim that measurement-driven trends are excluded.,NOT_FORMAL_INDEPENDENT_CONTROL,2015-03-11T16:11:00Z,25.593,PASS,0,0,CATALOG_CLEAN_AND_STRICT_DATA_QUALIFIED_TIME_CANDIDATE,Passes the existing strict data baseline and the guarded catalog screen; remains a same-AR temporal candidate only.,NO
SHRGT45_严格阴性对照前推检索_20260807,NOAA12297_X2.1_20150311,5298,12297,2015-03-10T14:47:25Z,2015.03.10_14:48:00_TAI,"[2015.03.10_11:48:00_TAI, 2015.03.10_14:48:00_TAI]",16,16,PASS,PASS,PASS,PASS,-33.800003,-17.420088,PASS,16/16 returned; all requested fields complete; HARP/NOAA mapping holds; all QUALITY=0; T0 is within the disk-position rule.,0.240434,1.005,NOT_AVAILABLE_IN_INPUT,This query does not include CMASK/effective-pixel fields. It does not claim that measurement-driven trends are excluded.,NOT_FORMAL_INDEPENDENT_CONTROL,2015-03-11T16:11:00Z,25.393,PASS,0,0,CATALOG_CLEAN_AND_STRICT_DATA_QUALIFIED_TIME_CANDIDATE,Passes the existing strict data baseline and the guarded catalog screen; remains a same-AR temporal candidate only.,NO
SHRGT45_严格阴性对照前推检索_20260807,NOAA12297_X2.1_20150311,5298,12297,2015-03-10T14:59:25Z,2015.03.10_15:00:00_TAI,"[2015.03.10_12:00:00_TAI, 2015.03.10_15:00:00_TAI]",16,16,PASS,PASS,PASS,PASS,-33.683949,-17.418753,PASS,16/16 returned; all requested fields complete; HARP/NOAA mapping holds; all QUALITY=0; T0 is within the disk-position rule.,0.091191,0.046,NOT_AVAILABLE_IN_INPUT,This query does not include CMASK/effective-pixel fields. It does not claim that measurement-driven trends are excluded.,NOT_FORMAL_INDEPENDENT_CONTROL,2015-03-11T16:11:00Z,25.193,PASS,0,0,CATALOG_CLEAN_AND_STRICT_DATA_QUALIFIED_TIME_CANDIDATE,Passes the existing strict data baseline and the guarded catalog screen; remains a same-AR temporal candidate only.,NO
SHRGT45_严格阴性对照前推检索_20260807,NOAA12297_X2.1_20150311,5298,12297,2015-03-10T15:11:25Z,2015.03.10_15:12:00_TAI,"[2015.03.10_12:12:00_TAI, 2015.03.10_15:12:00_TAI]",16,16,PASS,PASS,PASS,PASS,-33.572319,-17.414276,PASS,16/16 returned; all requested fields complete; HARP/NOAA mapping holds; all QUALITY=0; T0 is within the disk-position rule.,-0.001265,0.147,NOT_AVAILABLE_IN_INPUT,This query does not include CMASK/effective-pixel fields. It does not claim that measurement-driven trends are excluded.,NOT_FORMAL_INDEPENDENT_CONTROL,2015-03-11T16:11:00Z,24.993,PASS,0,0,CATALOG_CLEAN_AND_STRICT_DATA_QUALIFIED_TIME_CANDIDATE,Passes the existing strict data baseline and the guarded catalog screen; remains a same-AR temporal candidate only.,NO
SHRGT45_严格阴性对照前推检索_20260807,NOAA12297_X2.1_20150311,5298,12297,2015-03-10T15:23:25Z,2015.03.10_15:24:00_TAI,"[2015.03.10_12:24:00_TAI, 2015.03.10_15:24:00_TAI]",16,16,PASS,PASS,PASS,PASS,-33.466122,-17.412151,PASS,16/16 returned; all requested fields complete; HARP/NOAA mapping holds; all QUALITY=0; T0 is within the disk-position rule.,-0.099412,-0.066,NOT_AVAILABLE_IN_INPUT,This query does not include CMASK/effective-pixel fields. It does not claim that measurement-driven trends are excluded.,NOT_FORMAL_INDEPENDENT_CONTROL,2015-03-11T16:11:00Z,24.793,PASS,0,0,CATALOG_CLEAN_AND_STRICT_DATA_QUALIFIED_TIME_CANDIDATE,Passes the existing strict data baseline and the guarded catalog screen; remains a same-AR temporal candidate only.,NO
SHRGT45_严格阴性对照前推检索_20260807,NOAA12297_X2.1_20150311,5298,12297,2015-03-10T15:35:25Z,2015.03.10_15:36:00_TAI,"[2015.03.10_12:36:00_TAI, 2015.03.10_15:36:00_TAI]",16,16,PASS,PASS,PASS,PASS,-33.355770,-17.410507,PASS,16/16 returned; all requested fields complete; HARP/NOAA mapping holds; all QUALITY=0; T0 is within the disk-position rule.,-0.130522,0.079,NOT_AVAILABLE_IN_INPUT,This query does not include CMASK/effective-pixel fields. It does not claim that measurement-driven trends are excluded.,NOT_FORMAL_INDEPENDENT_CONTROL,2015-03-11T16:11:00Z,24.593,PASS,0,0,CATALOG_CLEAN_AND_STRICT_DATA_QUALIFIED_TIME_CANDIDATE,Passes the existing strict data baseline and the guarded catalog screen; remains a same-AR temporal candidate only.,NO
SHRGT45_严格阴性对照前推检索_20260807,NOAA12297_X2.1_20150311,5298,12297,2015-03-10T15:47:25Z,2015.03.10_15:48:00_TAI,"[2015.03.10_12:48:00_TAI, 2015.03.10_15:48:00_TAI]",16,16,PASS,PASS,PASS,PASS,-33.252796,-17.409199,PASS,16/16 returned; all requested fields complete; HARP/NOAA mapping holds; all QUALITY=0; T0 is within the disk-position rule.,-0.167316,-0.322,NOT_AVAILABLE_IN_INPUT,This query does not include CMASK/effective-pixel fields. It does not claim that measurement-driven trends are excluded.,NOT_FORMAL_INDEPENDENT_CONTROL,2015-03-11T16:11:00Z,24.393,PASS,0,0,CATALOG_CLEAN_AND_STRICT_DATA_QUALIFIED_TIME_CANDIDATE,Passes the existing strict data baseline and the guarded catalog screen; remains a same-AR temporal candidate only.,NO
SHRGT45_严格阴性对照前推检索_20260807,NOAA12297_X2.1_20150311,5298,12297,2015-03-10T15:59:25Z,2015.03.10_16:00:00_TAI,"[2015.03.10_13:00:00_TAI, 2015.03.10_16:00:00_TAI]",16,16,PASS,PASS,PASS,PASS,-33.134022,-17.400103,PASS,16/16 returned; all requested fields complete; HARP/NOAA mapping holds; all QUALITY=0; T0 is within the disk-position rule.,-0.124265,0.086,NOT_AVAILABLE_IN_INPUT,This query does not include CMASK/effective-pixel fields. It does not claim that measurement-driven trends are excluded.,NOT_FORMAL_INDEPENDENT_CONTROL,2015-03-11T16:11:00Z,24.193,PASS,0,0,CATALOG_CLEAN_AND_STRICT_DATA_QUALIFIED_TIME_CANDIDATE,Passes the existing strict data baseline and the guarded catalog screen; remains a same-AR temporal candidate only.,NO
SHRGT45_严格阴性对照前推检索_20260807,NOAA12297_X2.1_20150311,5298,12297,2015-03-10T16:11:25Z,2015.03.10_16:12:00_TAI,"[2015.03.10_13:12:00_TAI, 2015.03.10_16:12:00_TAI]",16,16,PASS,PASS,PASS,PASS,-33.021267,-17.393251,PASS,16/16 returned; all requested fields complete; HARP/NOAA mapping holds; all QUALITY=0; T0 is within the disk-position rule.,-0.080603,0.259,NOT_AVAILABLE_IN_INPUT,This query does not include CMASK/effective-pixel fields. It does not claim that measurement-driven trends are excluded.,NOT_FORMAL_INDEPENDENT_CONTROL,2015-03-11T16:11:00Z,23.993,PASS,0,0,CATALOG_CLEAN_AND_STRICT_DATA_QUALIFIED_TIME_CANDIDATE,Passes the existing strict data baseline and the guarded catalog screen; remains a same-AR temporal candidate only.,NO
SHRGT45_严格阴性对照前推检索_20260807,NOAA12297_X2.1_20150311,5298,12297,2015-03-10T16:23:25Z,2015.03.10_16:24:00_TAI,"[2015.03.10_13:24:00_TAI, 2015.03.10_16:24:00_TAI]",16,16,PASS,PASS,PASS,PASS,-32.917416,-17.393070,PASS,16/16 returned; all requested fields complete; HARP/NOAA mapping holds; all QUALITY=0; T0 is within the disk-position rule.,-0.050566,0.190,NOT_AVAILABLE_IN_INPUT,This query does not include CMASK/effective-pixel fields. It does not claim that measurement-driven trends are excluded.,NOT_FORMAL_INDEPENDENT_CONTROL,2015-03-11T16:11:00Z,23.793,PASS,0,0,CATALOG_CLEAN_AND_STRICT_DATA_QUALIFIED_TIME_CANDIDATE,Passes the existing strict data baseline and the guarded catalog screen; remains a same-AR temporal candidate only.,NO
SHRGT45_严格阴性对照前推检索_20260807,NOAA12297_X2.1_20150311,5298,12297,2015-03-10T16:35:25Z,2015.03.10_16:36:00_TAI,"[2015.03.10_13:36:00_TAI, 2015.03.10_16:36:00_TAI]",16,16,PASS,PASS,PASS,PASS,-32.819733,-17.403126,PASS,16/16 returned; all requested fields complete; HARP/NOAA mapping holds; all QUALITY=0; T0 is within the disk-position rule.,0.024765,0.317,NOT_AVAILABLE_IN_INPUT,This query does not include CMASK/effective-pixel fields. It does not claim that measurement-driven trends are excluded.,NOT_FORMAL_INDEPENDENT_CONTROL,2015-03-11T16:11:00Z,23.593,PASS,0,0,CATALOG_CLEAN_AND_STRICT_DATA_QUALIFIED_TIME_CANDIDATE,Passes the existing strict data baseline and the guarded catalog screen; remains a same-AR temporal candidate only.,NO
SHRGT45_严格阴性对照前推检索_20260807,NOAA12297_X2.1_20150311,5298,12297,2015-03-10T16:47:25Z,2015.03.10_16:48:00_TAI,"[2015.03.10_13:48:00_TAI, 2015.03.10_16:48:00_TAI]",16,16,PASS,PASS,PASS,PASS,-32.701542,-17.408695,PASS,16/16 returned; all requested fields complete; HARP/NOAA mapping holds; all QUALITY=0; T0 is within the disk-position rule.,0.149478,0.400,NOT_AVAILABLE_IN_INPUT,This query does not include CMASK/effective-pixel fields. It does not claim that measurement-driven trends are excluded.,NOT_FORMAL_INDEPENDENT_CONTROL,2015-03-11T16:11:00Z,23.393,PASS,0,0,CATALOG_CLEAN_AND_STRICT_DATA_QUALIFIED_TIME_CANDIDATE,Passes the existing strict data baseline and the guarded catalog screen; remains a same-AR temporal candidate only.,YES
SHRGT45_严格阴性对照前推检索_20260807,NOAA12673_X9.3_20170906,7115,12673,2017-09-03T11:59:23Z,2017.09.03_12:00:00_TAI,"[2017.09.03_09:00:00_TAI, 2017.09.03_12:00:00_TAI]",16,16,PASS,PASS,FAIL,PASS,-4.503684,-9.390560,FAIL,Failed: all QUALITY=0,0.222544,0.034,NOT_AVAILABLE_IN_INPUT,This query does not include CMASK/effective-pixel fields. It does not claim that measurement-driven trends are excluded.,NOT_FORMAL_INDEPENDENT_CONTROL,2017-09-06T11:53:00Z,71.894,PASS,0,0,CATALOG_CLEAN_BUT_STRICT_DATA_GATE_FAIL,Failed: all QUALITY=0,NO
SHRGT45_严格阴性对照前推检索_20260807,NOAA12673_X9.3_20170906,7115,12673,2017-09-03T12:11:23Z,2017.09.03_12:12:00_TAI,"[2017.09.03_09:12:00_TAI, 2017.09.03_12:12:00_TAI]",16,16,PASS,PASS,PASS,PASS,-4.391284,-9.388794,PASS,16/16 returned; all requested fields complete; HARP/NOAA mapping holds; all QUALITY=0; T0 is within the disk-position rule.,0.379412,1.534,NOT_AVAILABLE_IN_INPUT,This query does not include CMASK/effective-pixel fields. It does not claim that measurement-driven trends are excluded.,NOT_FORMAL_INDEPENDENT_CONTROL,2017-09-06T11:53:00Z,71.694,PASS,0,0,CATALOG_CLEAN_AND_STRICT_DATA_QUALIFIED_TIME_CANDIDATE,Passes the existing strict data baseline and the guarded catalog screen; remains a same-AR temporal candidate only.,NO
SHRGT45_严格阴性对照前推检索_20260807,NOAA12673_X9.3_20170906,7115,12673,2017-09-03T12:23:23Z,2017.09.03_12:24:00_TAI,"[2017.09.03_09:24:00_TAI, 2017.09.03_12:24:00_TAI]",16,16,PASS,PASS,PASS,PASS,-4.289414,-9.384179,PASS,16/16 returned; all requested fields complete; HARP/NOAA mapping holds; all QUALITY=0; T0 is within the disk-position rule.,0.456368,1.360,NOT_AVAILABLE_IN_INPUT,This query does not include CMASK/effective-pixel fields. It does not claim that measurement-driven trends are excluded.,NOT_FORMAL_INDEPENDENT_CONTROL,2017-09-06T11:53:00Z,71.494,PASS,0,0,CATALOG_CLEAN_AND_STRICT_DATA_QUALIFIED_TIME_CANDIDATE,Passes the existing strict data baseline and the guarded catalog screen; remains a same-AR temporal candidate only.,NO
SHRGT45_严格阴性对照前推检索_20260807,NOAA12673_X9.3_20170906,7115,12673,2017-09-03T12:35:23Z,2017.09.03_12:36:00_TAI,"[2017.09.03_09:36:00_TAI, 2017.09.03_12:36:00_TAI]",16,16,PASS,PASS,PASS,PASS,-4.175922,-9.384187,PASS,16/16 returned; all requested fields complete; HARP/NOAA mapping holds; all QUALITY=0; T0 is within the disk-position rule.,0.467993,1.408,NOT_AVAILABLE_IN_INPUT,This query does not include CMASK/effective-pixel fields. It does not claim that measurement-driven trends are excluded.,NOT_FORMAL_INDEPENDENT_CONTROL,2017-09-06T11:53:00Z,71.294,PASS,0,0,CATALOG_CLEAN_AND_STRICT_DATA_QUALIFIED_TIME_CANDIDATE,Passes the existing strict data baseline and the guarded catalog screen; remains a same-AR temporal candidate only.,NO
SHRGT45_严格阴性对照前推检索_20260807,NOAA12673_X9.3_20170906,7115,12673,2017-09-03T12:47:23Z,2017.09.03_12:48:00_TAI,"[2017.09.03_09:48:00_TAI, 2017.09.03_12:48:00_TAI]",16,16,PASS,PASS,PASS,PASS,-4.068708,-9.371279,PASS,16/16 returned; all requested fields complete; HARP/NOAA mapping holds; all QUALITY=0; T0 is within the disk-position rule.,0.396816,1.487,NOT_AVAILABLE_IN_INPUT,This query does not include CMASK/effective-pixel fields. It does not claim that measurement-driven trends are excluded.,NOT_FORMAL_INDEPENDENT_CONTROL,2017-09-06T11:53:00Z,71.094,PASS,0,0,CATALOG_CLEAN_AND_STRICT_DATA_QUALIFIED_TIME_CANDIDATE,Passes the existing strict data baseline and the guarded catalog screen; remains a same-AR temporal candidate only.,NO
SHRGT45_严格阴性对照前推检索_20260807,NOAA12673_X9.3_20170906,7115,12673,2017-09-03T12:59:23Z,2017.09.03_13:00:00_TAI,"[2017.09.03_10:00:00_TAI, 2017.09.03_13:00:00_TAI]",16,16,PASS,PASS,PASS,PASS,-3.964502,-9.357544,PASS,16/16 returned; all requested fields complete; HARP/NOAA mapping holds; all QUALITY=0; T0 is within the disk-position rule.,0.286125,0.865,NOT_AVAILABLE_IN_INPUT,This query does not include CMASK/effective-pixel fields. It does not claim that measurement-driven trends are excluded.,NOT_FORMAL_INDEPENDENT_CONTROL,2017-09-06T11:53:00Z,70.894,PASS,0,0,CATALOG_CLEAN_AND_STRICT_DATA_QUALIFIED_TIME_CANDIDATE,Passes the existing strict data baseline and the guarded catalog screen; remains a same-AR temporal candidate only.,NO
SHRGT45_严格阴性对照前推检索_20260807,NOAA12673_X9.3_20170906,7115,12673,2017-09-03T13:11:23Z,2017.09.03_13:12:00_TAI,"[2017.09.03_10:12:00_TAI, 2017.09.03_13:12:00_TAI]",16,16,PASS,PASS,PASS,PASS,-3.849195,-9.346331,PASS,16/16 returned; all requested fields complete; HARP/NOAA mapping holds; all QUALITY=0; T0 is within the disk-position rule.,0.214441,0.565,NOT_AVAILABLE_IN_INPUT,This query does not include CMASK/effective-pixel fields. It does not claim that measurement-driven trends are excluded.,NOT_FORMAL_INDEPENDENT_CONTROL,2017-09-06T11:53:00Z,70.694,PASS,0,0,CATALOG_CLEAN_AND_STRICT_DATA_QUALIFIED_TIME_CANDIDATE,Passes the existing strict data baseline and the guarded catalog screen; remains a same-AR temporal candidate only.,NO
SHRGT45_严格阴性对照前推检索_20260807,NOAA12673_X9.3_20170906,7115,12673,2017-09-03T13:23:23Z,2017.09.03_13:24:00_TAI,"[2017.09.03_10:24:00_TAI, 2017.09.03_13:24:00_TAI]",16,16,PASS,PASS,PASS,PASS,-3.741667,-9.341136,PASS,16/16 returned; all requested fields complete; HARP/NOAA mapping holds; all QUALITY=0; T0 is within the disk-position rule.,0.142831,0.118,NOT_AVAILABLE_IN_INPUT,This query does not include CMASK/effective-pixel fields. It does not claim that measurement-driven trends are excluded.,NOT_FORMAL_INDEPENDENT_CONTROL,2017-09-06T11:53:00Z,70.494,PASS,0,0,CATALOG_CLEAN_AND_STRICT_DATA_QUALIFIED_TIME_CANDIDATE,Passes the existing strict data baseline and the guarded catalog screen; remains a same-AR temporal candidate only.,NO
SHRGT45_严格阴性对照前推检索_20260807,NOAA12673_X9.3_20170906,7115,12673,2017-09-03T13:35:23Z,2017.09.03_13:36:00_TAI,"[2017.09.03_10:36:00_TAI, 2017.09.03_13:36:00_TAI]",16,16,PASS,PASS,PASS,PASS,-3.638458,-9.333331,PASS,16/16 returned; all requested fields complete; HARP/NOAA mapping holds; all QUALITY=0; T0 is within the disk-position rule.,0.047096,0.114,NOT_AVAILABLE_IN_INPUT,This query does not include CMASK/effective-pixel fields. It does not claim that measurement-driven trends are excluded.,NOT_FORMAL_INDEPENDENT_CONTROL,2017-09-06T11:53:00Z,70.294,PASS,0,0,CATALOG_CLEAN_AND_STRICT_DATA_QUALIFIED_TIME_CANDIDATE,Passes the existing strict data baseline and the guarded catalog screen; remains a same-AR temporal candidate only.,NO
SHRGT45_严格阴性对照前推检索_20260807,NOAA12673_X9.3_20170906,7115,12673,2017-09-03T13:47:23Z,2017.09.03_13:48:00_TAI,"[2017.09.03_10:48:00_TAI, 2017.09.03_13:48:00_TAI]",16,16,PASS,PASS,FAIL,PASS,-3.537264,-9.322221,FAIL,Failed: all QUALITY=0,-0.114618,-0.670,NOT_AVAILABLE_IN_INPUT,This query does not include CMASK/effective-pixel fields. It does not claim that measurement-driven trends are excluded.,NOT_FORMAL_INDEPENDENT_CONTROL,2017-09-06T11:53:00Z,70.094,PASS,0,0,CATALOG_CLEAN_BUT_STRICT_DATA_GATE_FAIL,Failed: all QUALITY=0,NO
SHRGT45_严格阴性对照前推检索_20260807,NOAA12673_X9.3_20170906,7115,12673,2017-09-03T13:59:23Z,2017.09.03_14:00:00_TAI,"[2017.09.03_11:00:00_TAI, 2017.09.03_14:00:00_TAI]",16,16,PASS,PASS,FAIL,PASS,-3.427335,-9.308026,FAIL,Failed: all QUALITY=0,-0.208022,-1.286,NOT_AVAILABLE_IN_INPUT,This query does not include CMASK/effective-pixel fields. It does not claim that measurement-driven trends are excluded.,NOT_FORMAL_INDEPENDENT_CONTROL,2017-09-06T11:53:00Z,69.894,PASS,0,0,CATALOG_CLEAN_BUT_STRICT_DATA_GATE_FAIL,Failed: all QUALITY=0,NO
SHRGT45_严格阴性对照前推检索_20260807,NOAA12673_X9.3_20170906,7115,12673,2017-09-03T14:11:23Z,2017.09.03_14:12:00_TAI,"[2017.09.03_11:12:00_TAI, 2017.09.03_14:12:00_TAI]",16,16,PASS,PASS,FAIL,PASS,-3.321408,-9.305091,FAIL,Failed: all QUALITY=0,-0.267184,-1.516,NOT_AVAILABLE_IN_INPUT,This query does not include CMASK/effective-pixel fields. It does not claim that measurement-driven trends are excluded.,NOT_FORMAL_INDEPENDENT_CONTROL,2017-09-06T11:53:00Z,69.694,PASS,0,0,CATALOG_CLEAN_BUT_STRICT_DATA_GATE_FAIL,Failed: all QUALITY=0,NO
SHRGT45_严格阴性对照前推检索_20260807,NOAA12673_X9.3_20170906,7115,12673,2017-09-03T14:23:23Z,2017.09.03_14:24:00_TAI,"[2017.09.03_11:24:00_TAI, 2017.09.03_14:24:00_TAI]",16,16,PASS,PASS,FAIL,PASS,-3.212806,-9.297718,FAIL,Failed: all QUALITY=0,-0.316956,-0.846,NOT_AVAILABLE_IN_INPUT,This query does not include CMASK/effective-pixel fields. It does not claim that measurement-driven trends are excluded.,NOT_FORMAL_INDEPENDENT_CONTROL,2017-09-06T11:53:00Z,69.494,PASS,0,0,CATALOG_CLEAN_BUT_STRICT_DATA_GATE_FAIL,Failed: all QUALITY=0,NO
SHRGT45_严格阴性对照前推检索_20260807,NOAA12673_X9.3_20170906,7115,12673,2017-09-03T14:35:23Z,2017.09.03_14:36:00_TAI,"[2017.09.03_11:36:00_TAI, 2017.09.03_14:36:00_TAI]",16,16,PASS,PASS,FAIL,PASS,-3.101771,-9.298197,FAIL,Failed: all QUALITY=0,-0.518294,-1.623,NOT_AVAILABLE_IN_INPUT,This query does not include CMASK/effective-pixel fields. It does not claim that measurement-driven trends are excluded.,NOT_FORMAL_INDEPENDENT_CONTROL,2017-09-06T11:53:00Z,69.294,PASS,0,0,CATALOG_CLEAN_BUT_STRICT_DATA_GATE_FAIL,Failed: all QUALITY=0,NO
SHRGT45_严格阴性对照前推检索_20260807,NOAA12673_X9.3_20170906,7115,12673,2017-09-03T14:47:23Z,2017.09.03_14:48:00_TAI,"[2017.09.03_11:48:00_TAI, 2017.09.03_14:48:00_TAI]",16,16,PASS,PASS,FAIL,PASS,-2.987466,-9.302728,FAIL,Failed: all QUALITY=0,-0.715728,-1.444,NOT_AVAILABLE_IN_INPUT,This query does not include CMASK/effective-pixel fields. It does not claim that measurement-driven trends are excluded.,NOT_FORMAL_INDEPENDENT_CONTROL,2017-09-06T11:53:00Z,69.094,PASS,0,0,CATALOG_CLEAN_BUT_STRICT_DATA_GATE_FAIL,Failed: all QUALITY=0,NO
SHRGT45_严格阴性对照前推检索_20260807,NOAA12673_X9.3_20170906,7115,12673,2017-09-03T14:59:23Z,2017.09.03_15:00:00_TAI,"[2017.09.03_12:00:00_TAI, 2017.09.03_15:00:00_TAI]",16,16,PASS,PASS,FAIL,PASS,-2.877497,-9.303499,FAIL,Failed: all QUALITY=0,-0.959978,-2.201,NOT_AVAILABLE_IN_INPUT,This query does not include CMASK/effective-pixel fields. It does not claim that measurement-driven trends are excluded.,NOT_FORMAL_INDEPENDENT_CONTROL,2017-09-06T11:53:00Z,68.894,PASS,0,0,CATALOG_CLEAN_BUT_STRICT_DATA_GATE_FAIL,Failed: all QUALITY=0,NO
SHRGT45_严格阴性对照前推检索_20260807,NOAA12673_X9.3_20170906,7115,12673,2017-09-03T15:11:23Z,2017.09.03_15:12:00_TAI,"[2017.09.03_12:12:00_TAI, 2017.09.03_15:12:00_TAI]",16,16,PASS,PASS,FAIL,PASS,-2.761882,-9.303531,FAIL,Failed: all QUALITY=0,-1.147706,-3.443,NOT_AVAILABLE_IN_INPUT,This query does not include CMASK/effective-pixel fields. It does not claim that measurement-driven trends are excluded.,NOT_FORMAL_INDEPENDENT_CONTROL,2017-09-06T11:53:00Z,68.694,PASS,0,0,CATALOG_CLEAN_BUT_STRICT_DATA_GATE_FAIL,Failed: all QUALITY=0,NO
SHRGT45_严格阴性对照前推检索_20260807,NOAA12673_X9.3_20170906,7115,12673,2017-09-03T15:23:23Z,2017.09.03_15:24:00_TAI,"[2017.09.03_12:24:00_TAI, 2017.09.03_15:24:00_TAI]",16,16,PASS,PASS,FAIL,PASS,-2.648284,-9.299678,FAIL,Failed: all QUALITY=0,-1.114949,-2.883,NOT_AVAILABLE_IN_INPUT,This query does not include CMASK/effective-pixel fields. It does not claim that measurement-driven trends are excluded.,NOT_FORMAL_INDEPENDENT_CONTROL,2017-09-06T11:53:00Z,68.494,PASS,0,0,CATALOG_CLEAN_BUT_STRICT_DATA_GATE_FAIL,Failed: all QUALITY=0,NO
SHRGT45_严格阴性对照前推检索_20260807,NOAA12673_X9.3_20170906,7115,12673,2017-09-03T15:35:23Z,2017.09.03_15:36:00_TAI,"[2017.09.03_12:36:00_TAI, 2017.09.03_15:36:00_TAI]",16,16,PASS,PASS,FAIL,PASS,-2.531984,-9.289559,FAIL,Failed: all QUALITY=0,-0.987846,-1.827,NOT_AVAILABLE_IN_INPUT,This query does not include CMASK/effective-pixel fields. It does not claim that measurement-driven trends are excluded.,NOT_FORMAL_INDEPENDENT_CONTROL,2017-09-06T11:53:00Z,68.294,PASS,0,0,CATALOG_CLEAN_BUT_STRICT_DATA_GATE_FAIL,Failed: all QUALITY=0,NO
SHRGT45_严格阴性对照前推检索_20260807,NOAA12673_X9.3_20170906,7115,12673,2017-09-03T15:47:23Z,2017.09.03_15:48:00_TAI,"[2017.09.03_12:48:00_TAI, 2017.09.03_15:48:00_TAI]",16,16,PASS,PASS,FAIL,PASS,-2.417957,-9.286326,FAIL,Failed: all QUALITY=0,-0.830456,-1.281,NOT_AVAILABLE_IN_INPUT,This query does not include CMASK/effective-pixel fields. It does not claim that measurement-driven trends are excluded.,NOT_FORMAL_INDEPENDENT_CONTROL,2017-09-06T11:53:00Z,68.094,PASS,0,0,CATALOG_CLEAN_BUT_STRICT_DATA_GATE_FAIL,Failed: all QUALITY=0,NO
SHRGT45_严格阴性对照前推检索_20260807,NOAA12673_X9.3_20170906,7115,12673,2017-09-03T15:59:23Z,2017.09.03_16:00:00_TAI,"[2017.09.03_13:00:00_TAI, 2017.09.03_16:00:00_TAI]",16,16,PASS,PASS,FAIL,PASS,-2.310008,-9.278720,FAIL,Failed: all QUALITY=0,-0.676066,-1.398,NOT_AVAILABLE_IN_INPUT,This query does not include CMASK/effective-pixel fields. It does not claim that measurement-driven trends are excluded.,NOT_FORMAL_INDEPENDENT_CONTROL,2017-09-06T11:53:00Z,67.894,PASS,0,0,CATALOG_CLEAN_BUT_STRICT_DATA_GATE_FAIL,Failed: all QUALITY=0,NO
SHRGT45_严格阴性对照前推检索_20260807,NOAA12673_X9.3_20170906,7115,12673,2017-09-03T16:11:23Z,2017.09.03_16:12:00_TAI,"[2017.09.03_13:12:00_TAI, 2017.09.03_16:12:00_TAI]",16,16,PASS,PASS,FAIL,PASS,-2.207654,-9.280813,FAIL,Failed: all QUALITY=0,-0.500566,-1.240,NOT_AVAILABLE_IN_INPUT,This query does not include CMASK/effective-pixel fields. It does not claim that measurement-driven trends are excluded.,NOT_FORMAL_INDEPENDENT_CONTROL,2017-09-06T11:53:00Z,67.694,PASS,0,0,CATALOG_CLEAN_BUT_STRICT_DATA_GATE_FAIL,Failed: all QUALITY=0,NO
SHRGT45_严格阴性对照前推检索_20260807,NOAA12673_X9.3_20170906,7115,12673,2017-09-03T16:23:23Z,2017.09.03_16:24:00_TAI,"[2017.09.03_13:24:00_TAI, 2017.09.03_16:24:00_TAI]",16,16,PASS,PASS,FAIL,PASS,-2.087725,-9.276254,FAIL,Failed: all QUALITY=0,-0.303301,-0.984,NOT_AVAILABLE_IN_INPUT,This query does not include CMASK/effective-pixel fields. It does not claim that measurement-driven trends are excluded.,NOT_FORMAL_INDEPENDENT_CONTROL,2017-09-06T11:53:00Z,67.494,PASS,0,0,CATALOG_CLEAN_BUT_STRICT_DATA_GATE_FAIL,Failed: all QUALITY=0,NO
SHRGT45_严格阴性对照前推检索_20260807,NOAA12673_X9.3_20170906,7115,12673,2017-09-03T16:35:23Z,2017.09.03_16:36:00_TAI,"[2017.09.03_13:36:00_TAI, 2017.09.03_16:36:00_TAI]",16,16,PASS,PASS,FAIL,PASS,-1.975810,-9.283896,FAIL,Failed: all QUALITY=0,-0.063551,-0.080,NOT_AVAILABLE_IN_INPUT,This query does not include CMASK/effective-pixel fields. It does not claim that measurement-driven trends are excluded.,NOT_FORMAL_INDEPENDENT_CONTROL,2017-09-06T11:53:00Z,67.294,PASS,0,0,CATALOG_CLEAN_BUT_STRICT_DATA_GATE_FAIL,Failed: all QUALITY=0,NO
SHRGT45_严格阴性对照前推检索_20260807,NOAA12673_X9.3_20170906,7115,12673,2017-09-03T16:47:23Z,2017.09.03_16:48:00_TAI,"[2017.09.03_13:48:00_TAI, 2017.09.03_16:48:00_TAI]",16,16,PASS,PASS,FAIL,PASS,-1.864381,-9.285929,FAIL,Failed: all QUALITY=0,0.127743,0.057,NOT_AVAILABLE_IN_INPUT,This query does not include CMASK/effective-pixel fields. It does not claim that measurement-driven trends are excluded.,NOT_FORMAL_INDEPENDENT_CONTROL,2017-09-06T11:53:00Z,67.094,PASS,0,0,CATALOG_CLEAN_BUT_STRICT_DATA_GATE_FAIL,Failed: all QUALITY=0,NO
SHRGT45_严格阴性对照前推检索_20260807,NOAA12673_X9.3_20170906,7115,12673,2017-09-03T16:59:23Z,2017.09.03_17:00:00_TAI,"[2017.09.03_14:00:00_TAI, 2017.09.03_17:00:00_TAI]",16,16,PASS,PASS,FAIL,PASS,-1.753543,-9.283437,FAIL,Failed: all QUALITY=0,0.329779,0.416,NOT_AVAILABLE_IN_INPUT,This query does not include CMASK/effective-pixel fields. It does not claim that measurement-driven trends are excluded.,NOT_FORMAL_INDEPENDENT_CONTROL,2017-09-06T11:53:00Z,66.894,PASS,0,0,CATALOG_CLEAN_BUT_STRICT_DATA_GATE_FAIL,Failed: all QUALITY=0,NO
SHRGT45_严格阴性对照前推检索_20260807,NOAA12673_X9.3_20170906,7115,12673,2017-09-03T17:11:23Z,2017.09.03_17:12:00_TAI,"[2017.09.03_14:12:00_TAI, 2017.09.03_17:12:00_TAI]",16,16,PASS,PASS,FAIL,PASS,-1.663554,-9.297643,FAIL,Failed: all QUALITY=0,0.572463,1.317,NOT_AVAILABLE_IN_INPUT,This query does not include CMASK/effective-pixel fields. It does not claim that measurement-driven trends are excluded.,NOT_FORMAL_INDEPENDENT_CONTROL,2017-09-06T11:53:00Z,66.694,PASS,0,0,CATALOG_CLEAN_BUT_STRICT_DATA_GATE_FAIL,Failed: all QUALITY=0,NO
SHRGT45_严格阴性对照前推检索_20260807,NOAA12673_X9.3_20170906,7115,12673,2017-09-03T17:23:23Z,2017.09.03_17:24:00_TAI,"[2017.09.03_14:24:00_TAI, 2017.09.03_17:24:00_TAI]",16,16,PASS,PASS,FAIL,PASS,-1.625409,-9.343263,FAIL,Failed: all QUALITY=0,0.730044,1.068,NOT_AVAILABLE_IN_INPUT,This query does not include CMASK/effective-pixel fields. It does not claim that measurement-driven trends are excluded.,NOT_FORMAL_INDEPENDENT_CONTROL,2017-09-06T11:53:00Z,66.494,PASS,0,0,CATALOG_CLEAN_BUT_STRICT_DATA_GATE_FAIL,Failed: all QUALITY=0,NO
SHRGT45_严格阴性对照前推检索_20260807,NOAA12673_X9.3_20170906,7115,12673,2017-09-03T17:35:23Z,2017.09.03_17:36:00_TAI,"[2017.09.03_14:36:00_TAI, 2017.09.03_17:36:00_TAI]",16,16,PASS,PASS,FAIL,PASS,-1.513999,-9.340833,FAIL,Failed: all QUALITY=0,0.899051,2.131,NOT_AVAILABLE_IN_INPUT,This query does not include CMASK/effective-pixel fields. It does not claim that measurement-driven trends are excluded.,NOT_FORMAL_INDEPENDENT_CONTROL,2017-09-06T11:53:00Z,66.294,PASS,0,0,CATALOG_CLEAN_BUT_STRICT_DATA_GATE_FAIL,Failed: all QUALITY=0,NO
SHRGT45_严格阴性对照前推检索_20260807,NOAA12673_X9.3_20170906,7115,12673,2017-09-03T17:47:23Z,2017.09.03_17:48:00_TAI,"[2017.09.03_14:48:00_TAI, 2017.09.03_17:48:00_TAI]",16,16,PASS,PASS,PASS,PASS,-1.391730,-9.318182,PASS,16/16 returned; all requested fields complete; HARP/NOAA mapping holds; all QUALITY=0; T0 is within the disk-position rule.,0.989074,2.657,NOT_AVAILABLE_IN_INPUT,This query does not include CMASK/effective-pixel fields. It does not claim that measurement-driven trends are excluded.,NOT_FORMAL_INDEPENDENT_CONTROL,2017-09-06T11:53:00Z,66.094,PASS,0,0,CATALOG_CLEAN_AND_STRICT_DATA_QUALIFIED_TIME_CANDIDATE,Passes the existing strict data baseline and the guarded catalog screen; remains a same-AR temporal candidate only.,NO
SHRGT45_严格阴性对照前推检索_20260807,NOAA12673_X9.3_20170906,7115,12673,2017-09-03T17:59:23Z,2017.09.03_18:00:00_TAI,"[2017.09.03_15:00:00_TAI, 2017.09.03_18:00:00_TAI]",16,16,PASS,PASS,FAIL,PASS,-1.272163,-9.306087,FAIL,Failed: all QUALITY=0,1.054691,3.228,NOT_AVAILABLE_IN_INPUT,This query does not include CMASK/effective-pixel fields. It does not claim that measurement-driven trends are excluded.,NOT_FORMAL_INDEPENDENT_CONTROL,2017-09-06T11:53:00Z,65.894,PASS,0,0,CATALOG_CLEAN_BUT_STRICT_DATA_GATE_FAIL,Failed: all QUALITY=0,NO
SHRGT45_严格阴性对照前推检索_20260807,NOAA12673_X9.3_20170906,7115,12673,2017-09-03T18:11:23Z,2017.09.03_18:12:00_TAI,"[2017.09.03_15:12:00_TAI, 2017.09.03_18:12:00_TAI]",16,16,PASS,PASS,FAIL,PASS,-1.152816,-9.290816,FAIL,Failed: all QUALITY=0,0.996956,3.078,NOT_AVAILABLE_IN_INPUT,This query does not include CMASK/effective-pixel fields. It does not claim that measurement-driven trends are excluded.,NOT_FORMAL_INDEPENDENT_CONTROL,2017-09-06T11:53:00Z,65.694,PASS,0,0,CATALOG_CLEAN_BUT_STRICT_DATA_GATE_FAIL,Failed: all QUALITY=0,NO
SHRGT45_严格阴性对照前推检索_20260807,NOAA12673_X9.3_20170906,7115,12673,2017-09-03T18:23:23Z,2017.09.03_18:24:00_TAI,"[2017.09.03_15:24:00_TAI, 2017.09.03_18:24:00_TAI]",16,16,PASS,PASS,FAIL,PASS,-1.037205,-9.276056,FAIL,Failed: all QUALITY=0,0.913478,2.957,NOT_AVAILABLE_IN_INPUT,This query does not include CMASK/effective-pixel fields. It does not claim that measurement-driven trends are excluded.,NOT_FORMAL_INDEPENDENT_CONTROL,2017-09-06T11:53:00Z,65.494,PASS,0,0,CATALOG_CLEAN_BUT_STRICT_DATA_GATE_FAIL,Failed: all QUALITY=0,NO
SHRGT45_严格阴性对照前推检索_20260807,NOAA12673_X9.3_20170906,7115,12673,2017-09-03T18:35:23Z,2017.09.03_18:36:00_TAI,"[2017.09.03_15:36:00_TAI, 2017.09.03_18:36:00_TAI]",16,16,PASS,PASS,FAIL,PASS,-0.922241,-9.260249,FAIL,Failed: all QUALITY=0,0.854456,2.542,NOT_AVAILABLE_IN_INPUT,This query does not include CMASK/effective-pixel fields. It does not claim that measurement-driven trends are excluded.,NOT_FORMAL_INDEPENDENT_CONTROL,2017-09-06T11:53:00Z,65.294,PASS,0,0,CATALOG_CLEAN_BUT_STRICT_DATA_GATE_FAIL,Failed: all QUALITY=0,NO
SHRGT45_严格阴性对照前推检索_20260807,NOAA12673_X9.3_20170906,7115,12673,2017-09-03T18:47:23Z,2017.09.03_18:48:00_TAI,"[2017.09.03_15:48:00_TAI, 2017.09.03_18:48:00_TAI]",16,16,PASS,PASS,FAIL,PASS,-0.803230,-9.246039,FAIL,Failed: all QUALITY=0,0.688125,0.821,NOT_AVAILABLE_IN_INPUT,This query does not include CMASK/effective-pixel fields. It does not claim that measurement-driven trends are excluded.,NOT_FORMAL_INDEPENDENT_CONTROL,2017-09-06T11:53:00Z,65.094,PASS,0,0,CATALOG_CLEAN_BUT_STRICT_DATA_GATE_FAIL,Failed: all QUALITY=0,NO
SHRGT45_严格阴性对照前推检索_20260807,NOAA12673_X9.3_20170906,7115,12673,2017-09-03T18:59:23Z,2017.09.03_19:00:00_TAI,"[2017.09.03_16:00:00_TAI, 2017.09.03_19:00:00_TAI]",16,16,PASS,PASS,FAIL,PASS,-0.684128,-9.239238,FAIL,Failed: all QUALITY=0,0.621890,1.490,NOT_AVAILABLE_IN_INPUT,This query does not include CMASK/effective-pixel fields. It does not claim that measurement-driven trends are excluded.,NOT_FORMAL_INDEPENDENT_CONTROL,2017-09-06T11:53:00Z,64.894,PASS,0,0,CATALOG_CLEAN_BUT_STRICT_DATA_GATE_FAIL,Failed: all QUALITY=0,NO
SHRGT45_严格阴性对照前推检索_20260807,NOAA12673_X9.3_20170906,7115,12673,2017-09-03T19:11:23Z,2017.09.03_19:12:00_TAI,"[2017.09.03_16:12:00_TAI, 2017.09.03_19:12:00_TAI]",16,16,PASS,PASS,FAIL,PASS,-0.572597,-9.227005,FAIL,Failed: all QUALITY=0,0.533963,1.604,NOT_AVAILABLE_IN_INPUT,This query does not include CMASK/effective-pixel fields. It does not claim that measurement-driven trends are excluded.,NOT_FORMAL_INDEPENDENT_CONTROL,2017-09-06T11:53:00Z,64.694,PASS,0,0,CATALOG_CLEAN_BUT_STRICT_DATA_GATE_FAIL,Failed: all QUALITY=0,NO
SHRGT45_严格阴性对照前推检索_20260807,NOAA12673_X9.3_20170906,7115,12673,2017-09-03T19:23:23Z,2017.09.03_19:24:00_TAI,"[2017.09.03_16:24:00_TAI, 2017.09.03_19:24:00_TAI]",16,16,PASS,PASS,FAIL,PASS,-0.462035,-9.224487,FAIL,Failed: all QUALITY=0,0.487853,2.007,NOT_AVAILABLE_IN_INPUT,This query does not include CMASK/effective-pixel fields. It does not claim that measurement-driven trends are excluded.,NOT_FORMAL_INDEPENDENT_CONTROL,2017-09-06T11:53:00Z,64.494,PASS,0,0,CATALOG_CLEAN_BUT_STRICT_DATA_GATE_FAIL,Failed: all QUALITY=0,NO
SHRGT45_严格阴性对照前推检索_20260807,NOAA12673_X9.3_20170906,7115,12673,2017-09-03T19:35:23Z,2017.09.03_19:36:00_TAI,"[2017.09.03_16:36:00_TAI, 2017.09.03_19:36:00_TAI]",16,16,PASS,PASS,FAIL,PASS,-0.346023,-9.221528,FAIL,Failed: all QUALITY=0,0.419838,1.566,NOT_AVAILABLE_IN_INPUT,This query does not include CMASK/effective-pixel fields. It does not claim that measurement-driven trends are excluded.,NOT_FORMAL_INDEPENDENT_CONTROL,2017-09-06T11:53:00Z,64.294,PASS,0,0,CATALOG_CLEAN_BUT_STRICT_DATA_GATE_FAIL,Failed: all QUALITY=0,NO
SHRGT45_严格阴性对照前推检索_20260807,NOAA12673_X9.3_20170906,7115,12673,2017-09-03T19:47:23Z,2017.09.03_19:48:00_TAI,"[2017.09.03_16:48:00_TAI, 2017.09.03_19:48:00_TAI]",16,16,PASS,PASS,FAIL,PASS,-0.229121,-9.222198,FAIL,Failed: all QUALITY=0,0.447140,2.185,NOT_AVAILABLE_IN_INPUT,This query does not include CMASK/effective-pixel fields. It does not claim that measurement-driven trends are excluded.,NOT_FORMAL_INDEPENDENT_CONTROL,2017-09-06T11:53:00Z,64.094,PASS,0,0,CATALOG_CLEAN_BUT_STRICT_DATA_GATE_FAIL,Failed: all QUALITY=0,NO
SHRGT45_严格阴性对照前推检索_20260807,NOAA12673_X9.3_20170906,7115,12673,2017-09-03T19:59:23Z,2017.09.03_20:00:00_TAI,"[2017.09.03_17:00:00_TAI, 2017.09.03_20:00:00_TAI]",16,16,PASS,PASS,FAIL,PASS,-0.109328,-9.207618,FAIL,Failed: all QUALITY=0,0.407235,1.625,NOT_AVAILABLE_IN_INPUT,This query does not include CMASK/effective-pixel fields. It does not claim that measurement-driven trends are excluded.,NOT_FORMAL_INDEPENDENT_CONTROL,2017-09-06T11:53:00Z,63.894,PASS,0,0,CATALOG_CLEAN_BUT_STRICT_DATA_GATE_FAIL,Failed: all QUALITY=0,NO
SHRGT45_严格阴性对照前推检索_20260807,NOAA12673_X9.3_20170906,7115,12673,2017-09-03T20:11:23Z,2017.09.03_20:12:00_TAI,"[2017.09.03_17:12:00_TAI, 2017.09.03_20:12:00_TAI]",16,16,PASS,PASS,FAIL,PASS,0.006016,-9.193540,FAIL,Failed: all QUALITY=0,0.421522,1.550,NOT_AVAILABLE_IN_INPUT,This query does not include CMASK/effective-pixel fields. It does not claim that measurement-driven trends are excluded.,NOT_FORMAL_INDEPENDENT_CONTROL,2017-09-06T11:53:00Z,63.694,PASS,0,0,CATALOG_CLEAN_BUT_STRICT_DATA_GATE_FAIL,Failed: all QUALITY=0,NO
SHRGT45_严格阴性对照前推检索_20260807,NOAA12673_X9.3_20170906,7115,12673,2017-09-03T20:23:23Z,2017.09.03_20:24:00_TAI,"[2017.09.03_17:24:00_TAI, 2017.09.03_20:24:00_TAI]",16,16,PASS,PASS,FAIL,PASS,0.124169,-9.182431,FAIL,Failed: all QUALITY=0,0.462868,1.697,NOT_AVAILABLE_IN_INPUT,This query does not include CMASK/effective-pixel fields. It does not claim that measurement-driven trends are excluded.,NOT_FORMAL_INDEPENDENT_CONTROL,2017-09-06T11:53:00Z,63.494,PASS,0,0,CATALOG_CLEAN_BUT_STRICT_DATA_GATE_FAIL,Failed: all QUALITY=0,NO
SHRGT45_严格阴性对照前推检索_20260807,NOAA12673_X9.3_20170906,7115,12673,2017-09-03T20:35:23Z,2017.09.03_20:36:00_TAI,"[2017.09.03_17:36:00_TAI, 2017.09.03_20:36:00_TAI]",16,16,PASS,PASS,FAIL,PASS,0.235597,-9.164300,FAIL,Failed: all QUALITY=0,0.483890,1.742,NOT_AVAILABLE_IN_INPUT,This query does not include CMASK/effective-pixel fields. It does not claim that measurement-driven trends are excluded.,NOT_FORMAL_INDEPENDENT_CONTROL,2017-09-06T11:53:00Z,63.294,PASS,0,0,CATALOG_CLEAN_BUT_STRICT_DATA_GATE_FAIL,Failed: all QUALITY=0,NO
SHRGT45_严格阴性对照前推检索_20260807,NOAA12673_X9.3_20170906,7115,12673,2017-09-03T20:47:23Z,2017.09.03_20:48:00_TAI,"[2017.09.03_17:48:00_TAI, 2017.09.03_20:48:00_TAI]",16,16,PASS,PASS,FAIL,PASS,0.347282,-9.148916,FAIL,Failed: all QUALITY=0,0.488449,1.194,NOT_AVAILABLE_IN_INPUT,This query does not include CMASK/effective-pixel fields. It does not claim that measurement-driven trends are excluded.,NOT_FORMAL_INDEPENDENT_CONTROL,2017-09-06T11:53:00Z,63.094,PASS,0,0,CATALOG_CLEAN_BUT_STRICT_DATA_GATE_FAIL,Failed: all QUALITY=0,NO
SHRGT45_严格阴性对照前推检索_20260807,NOAA12673_X9.3_20170906,7115,12673,2017-09-03T20:59:23Z,2017.09.03_21:00:00_TAI,"[2017.09.03_18:00:00_TAI, 2017.09.03_21:00:00_TAI]",16,16,PASS,PASS,FAIL,PASS,0.461595,-9.138825,FAIL,Failed: all QUALITY=0,0.533353,1.060,NOT_AVAILABLE_IN_INPUT,This query does not include CMASK/effective-pixel fields. It does not claim that measurement-driven trends are excluded.,NOT_FORMAL_INDEPENDENT_CONTROL,2017-09-06T11:53:00Z,62.894,PASS,0,0,CATALOG_CLEAN_BUT_STRICT_DATA_GATE_FAIL,Failed: all QUALITY=0,NO
SHRGT45_严格阴性对照前推检索_20260807,NOAA12673_X9.3_20170906,7115,12673,2017-09-03T21:11:23Z,2017.09.03_21:12:00_TAI,"[2017.09.03_18:12:00_TAI, 2017.09.03_21:12:00_TAI]",16,16,PASS,PASS,FAIL,PASS,0.586095,-9.128633,FAIL,Failed: all QUALITY=0,0.650794,1.976,NOT_AVAILABLE_IN_INPUT,This query does not include CMASK/effective-pixel fields. It does not claim that measurement-driven trends are excluded.,NOT_FORMAL_INDEPENDENT_CONTROL,2017-09-06T11:53:00Z,62.694,PASS,0,0,CATALOG_CLEAN_BUT_STRICT_DATA_GATE_FAIL,Failed: all QUALITY=0,NO
SHRGT45_严格阴性对照前推检索_20260807,NOAA12673_X9.3_20170906,7115,12673,2017-09-03T21:23:23Z,2017.09.03_21:24:00_TAI,"[2017.09.03_18:24:00_TAI, 2017.09.03_21:24:00_TAI]",16,16,PASS,PASS,FAIL,PASS,0.702889,-9.115099,FAIL,Failed: all QUALITY=0,0.768735,2.217,NOT_AVAILABLE_IN_INPUT,This query does not include CMASK/effective-pixel fields. It does not claim that measurement-driven trends are excluded.,NOT_FORMAL_INDEPENDENT_CONTROL,2017-09-06T11:53:00Z,62.494,PASS,0,0,CATALOG_CLEAN_BUT_STRICT_DATA_GATE_FAIL,Failed: all QUALITY=0,NO
SHRGT45_严格阴性对照前推检索_20260807,NOAA12673_X9.3_20170906,7115,12673,2017-09-03T21:35:23Z,2017.09.03_21:36:00_TAI,"[2017.09.03_18:36:00_TAI, 2017.09.03_21:36:00_TAI]",16,16,PASS,PASS,PASS,PASS,0.821650,-9.108392,PASS,16/16 returned; all requested fields complete; HARP/NOAA mapping holds; all QUALITY=0; T0 is within the disk-position rule.,0.889699,2.045,NOT_AVAILABLE_IN_INPUT,This query does not include CMASK/effective-pixel fields. It does not claim that measurement-driven trends are excluded.,NOT_FORMAL_INDEPENDENT_CONTROL,2017-09-06T11:53:00Z,62.294,PASS,0,0,CATALOG_CLEAN_AND_STRICT_DATA_QUALIFIED_TIME_CANDIDATE,Passes the existing strict data baseline and the guarded catalog screen; remains a same-AR temporal candidate only.,NO
SHRGT45_严格阴性对照前推检索_20260807,NOAA12673_X9.3_20170906,7115,12673,2017-09-03T21:47:23Z,2017.09.03_21:48:00_TAI,"[2017.09.03_18:48:00_TAI, 2017.09.03_21:48:00_TAI]",16,16,PASS,PASS,PASS,PASS,0.936423,-9.104462,PASS,16/16 returned; all requested fields complete; HARP/NOAA mapping holds; all QUALITY=0; T0 is within the disk-position rule.,1.012574,3.384,NOT_AVAILABLE_IN_INPUT,This query does not include CMASK/effective-pixel fields. It does not claim that measurement-driven trends are excluded.,NOT_FORMAL_INDEPENDENT_CONTROL,2017-09-06T11:53:00Z,62.094,PASS,0,0,CATALOG_CLEAN_AND_STRICT_DATA_QUALIFIED_TIME_CANDIDATE,Passes the existing strict data baseline and the guarded catalog screen; remains a same-AR temporal candidate only.,NO
SHRGT45_严格阴性对照前推检索_20260807,NOAA12673_X9.3_20170906,7115,12673,2017-09-03T21:59:23Z,2017.09.03_22:00:00_TAI,"[2017.09.03_19:00:00_TAI, 2017.09.03_22:00:00_TAI]",16,16,PASS,PASS,PASS,PASS,1.046109,-9.104358,PASS,16/16 returned; all requested fields complete; HARP/NOAA mapping holds; all QUALITY=0; T0 is within the disk-position rule.,0.964029,2.985,NOT_AVAILABLE_IN_INPUT,This query does not include CMASK/effective-pixel fields. It does not claim that measurement-driven trends are excluded.,NOT_FORMAL_INDEPENDENT_CONTROL,2017-09-06T11:53:00Z,61.894,PASS,0,0,CATALOG_CLEAN_AND_STRICT_DATA_QUALIFIED_TIME_CANDIDATE,Passes the existing strict data baseline and the guarded catalog screen; remains a same-AR temporal candidate only.,NO
SHRGT45_严格阴性对照前推检索_20260807,NOAA12673_X9.3_20170906,7115,12673,2017-09-03T22:11:23Z,2017.09.03_22:12:00_TAI,"[2017.09.03_19:12:00_TAI, 2017.09.03_22:12:00_TAI]",16,16,PASS,PASS,PASS,PASS,1.158857,-9.103788,PASS,16/16 returned; all requested fields complete; HARP/NOAA mapping holds; all QUALITY=0; T0 is within the disk-position rule.,0.885265,2.438,NOT_AVAILABLE_IN_INPUT,This query does not include CMASK/effective-pixel fields. It does not claim that measurement-driven trends are excluded.,NOT_FORMAL_INDEPENDENT_CONTROL,2017-09-06T11:53:00Z,61.694,PASS,0,0,CATALOG_CLEAN_AND_STRICT_DATA_QUALIFIED_TIME_CANDIDATE,Passes the existing strict data baseline and the guarded catalog screen; remains a same-AR temporal candidate only.,NO
SHRGT45_严格阴性对照前推检索_20260807,NOAA12673_X9.3_20170906,7115,12673,2017-09-03T22:23:23Z,2017.09.03_22:24:00_TAI,"[2017.09.03_19:24:00_TAI, 2017.09.03_22:24:00_TAI]",16,16,PASS,PASS,PASS,PASS,1.281177,-9.099994,PASS,16/16 returned; all requested fields complete; HARP/NOAA mapping holds; all QUALITY=0; T0 is within the disk-position rule.,0.883588,2.755,NOT_AVAILABLE_IN_INPUT,This query does not include CMASK/effective-pixel fields. It does not claim that measurement-driven trends are excluded.,NOT_FORMAL_INDEPENDENT_CONTROL,2017-09-06T11:53:00Z,61.494,PASS,0,0,CATALOG_CLEAN_AND_STRICT_DATA_QUALIFIED_TIME_CANDIDATE,Passes the existing strict data baseline and the guarded catalog screen; remains a same-AR temporal candidate only.,YES
SHRGT45_严格阴性对照前推检索_20260807,NOAA12673_X9.3_20170906,7115,12673,2017-09-05T21:59:23Z,2017.09.05_22:00:00_TAI,"[2017.09.05_19:00:00_TAI, 2017.09.05_22:00:00_TAI]",16,16,PASS,PASS,FAIL,PASS,28.089388,-9.244525,FAIL,Failed: all QUALITY=0,-0.200162,-0.554,NOT_AVAILABLE_IN_INPUT,This query does not include CMASK/effective-pixel fields. It does not claim that measurement-driven trends are excluded.,NOT_FORMAL_INDEPENDENT_CONTROL,2017-09-06T11:53:00Z,13.894,PASS,0,0,CATALOG_CLEAN_BUT_STRICT_DATA_GATE_FAIL,Failed: all QUALITY=0,NO
SHRGT45_严格阴性对照前推检索_20260807,NOAA12673_X9.3_20170906,7115,12673,2017-09-05T22:11:23Z,2017.09.05_22:12:00_TAI,"[2017.09.05_19:12:00_TAI, 2017.09.05_22:12:00_TAI]",16,16,PASS,PASS,FAIL,PASS,28.203449,-9.239456,FAIL,Failed: all QUALITY=0,-0.239728,-0.158,NOT_AVAILABLE_IN_INPUT,This query does not include CMASK/effective-pixel fields. It does not claim that measurement-driven trends are excluded.,NOT_FORMAL_INDEPENDENT_CONTROL,2017-09-06T11:53:00Z,13.694,PASS,0,0,CATALOG_CLEAN_BUT_STRICT_DATA_GATE_FAIL,Failed: all QUALITY=0,NO
SHRGT45_严格阴性对照前推检索_20260807,NOAA12673_X9.3_20170906,7115,12673,2017-09-05T22:23:23Z,2017.09.05_22:24:00_TAI,"[2017.09.05_19:24:00_TAI, 2017.09.05_22:24:00_TAI]",16,16,PASS,PASS,FAIL,PASS,28.318840,-9.237560,FAIL,Failed: all QUALITY=0,-0.287559,-0.787,NOT_AVAILABLE_IN_INPUT,This query does not include CMASK/effective-pixel fields. It does not claim that measurement-driven trends are excluded.,NOT_FORMAL_INDEPENDENT_CONTROL,2017-09-06T11:53:00Z,13.494,PASS,0,0,CATALOG_CLEAN_BUT_STRICT_DATA_GATE_FAIL,Failed: all QUALITY=0,NO
SHRGT45_严格阴性对照前推检索_20260807,NOAA12673_X9.3_20170906,7115,12673,2017-09-05T22:35:23Z,2017.09.05_22:36:00_TAI,"[2017.09.05_19:36:00_TAI, 2017.09.05_22:36:00_TAI]",16,16,PASS,PASS,FAIL,PASS,28.429117,-9.238463,FAIL,Failed: all QUALITY=0,-0.245618,-0.373,NOT_AVAILABLE_IN_INPUT,This query does not include CMASK/effective-pixel fields. It does not claim that measurement-driven trends are excluded.,NOT_FORMAL_INDEPENDENT_CONTROL,2017-09-06T11:53:00Z,13.294,PASS,0,0,CATALOG_CLEAN_BUT_STRICT_DATA_GATE_FAIL,Failed: all QUALITY=0,NO
SHRGT45_严格阴性对照前推检索_20260807,NOAA12673_X9.3_20170906,7115,12673,2017-09-05T22:47:23Z,2017.09.05_22:48:00_TAI,"[2017.09.05_19:48:00_TAI, 2017.09.05_22:48:00_TAI]",16,16,PASS,PASS,FAIL,PASS,28.540138,-9.245334,FAIL,Failed: all QUALITY=0,-0.246169,-0.856,NOT_AVAILABLE_IN_INPUT,This query does not include CMASK/effective-pixel fields. It does not claim that measurement-driven trends are excluded.,NOT_FORMAL_INDEPENDENT_CONTROL,2017-09-06T11:53:00Z,13.094,PASS,0,0,CATALOG_CLEAN_BUT_STRICT_DATA_GATE_FAIL,Failed: all QUALITY=0,NO
SHRGT45_严格阴性对照前推检索_20260807,NOAA12673_X9.3_20170906,7115,12673,2017-09-05T22:59:23Z,2017.09.05_23:00:00_TAI,"[2017.09.05_20:00:00_TAI, 2017.09.05_23:00:00_TAI]",16,16,PASS,PASS,FAIL,PASS,28.646749,-9.238851,FAIL,Failed: all QUALITY=0,-0.180199,-0.534,NOT_AVAILABLE_IN_INPUT,This query does not include CMASK/effective-pixel fields. It does not claim that measurement-driven trends are excluded.,NOT_FORMAL_INDEPENDENT_CONTROL,2017-09-06T11:53:00Z,12.894,PASS,0,0,CATALOG_CLEAN_BUT_STRICT_DATA_GATE_FAIL,Failed: all QUALITY=0,NO
SHRGT45_严格阴性对照前推检索_20260807,NOAA12673_X9.3_20170906,7115,12673,2017-09-05T23:11:23Z,2017.09.05_23:12:00_TAI,"[2017.09.05_20:12:00_TAI, 2017.09.05_23:12:00_TAI]",16,16,PASS,PASS,FAIL,PASS,28.752958,-9.247585,FAIL,Failed: all QUALITY=0,-0.098985,0.119,NOT_AVAILABLE_IN_INPUT,This query does not include CMASK/effective-pixel fields. It does not claim that measurement-driven trends are excluded.,NOT_FORMAL_INDEPENDENT_CONTROL,2017-09-06T11:53:00Z,12.694,PASS,0,0,CATALOG_CLEAN_BUT_STRICT_DATA_GATE_FAIL,Failed: all QUALITY=0,NO
SHRGT45_严格阴性对照前推检索_20260807,NOAA12673_X9.3_20170906,7115,12673,2017-09-05T23:23:23Z,2017.09.05_23:24:00_TAI,"[2017.09.05_20:24:00_TAI, 2017.09.05_23:24:00_TAI]",16,16,PASS,PASS,FAIL,PASS,28.866234,-9.252634,FAIL,Failed: all QUALITY=0,-0.138971,-0.341,NOT_AVAILABLE_IN_INPUT,This query does not include CMASK/effective-pixel fields. It does not claim that measurement-driven trends are excluded.,NOT_FORMAL_INDEPENDENT_CONTROL,2017-09-06T11:53:00Z,12.494,PASS,0,0,CATALOG_CLEAN_BUT_STRICT_DATA_GATE_FAIL,Failed: all QUALITY=0,NO
SHRGT45_严格阴性对照前推检索_20260807,NOAA12673_X9.3_20170906,7115,12673,2017-09-05T23:35:23Z,2017.09.05_23:36:00_TAI,"[2017.09.05_20:36:00_TAI, 2017.09.05_23:36:00_TAI]",16,16,PASS,PASS,FAIL,PASS,28.976429,-9.248860,FAIL,Failed: all QUALITY=0,-0.267912,-1.487,NOT_AVAILABLE_IN_INPUT,This query does not include CMASK/effective-pixel fields. It does not claim that measurement-driven trends are excluded.,NOT_FORMAL_INDEPENDENT_CONTROL,2017-09-06T11:53:00Z,12.294,PASS,0,0,CATALOG_CLEAN_BUT_STRICT_DATA_GATE_FAIL,Failed: all QUALITY=0,NO
