run_id,queue,flare_event_id,flare_class,flare_onset_utc,flare_NOAA_AR,event_provenance_status,ar_assignment_status,HARPNUM,NOAA_AR,T_REC_TAI,T_REC_UTC,distance_to_flare_hr,SHRGT45,SHRGT45_slope_3h_percent_per_hr,SHRGT45_delta_3h_percent,SHRGT45_slope_3h_strict_percent_per_hr,SHRGT45_delta_3h_strict_percent,MEANALP,USFLUX,QUALITY,quality_gate_status,quality_fatal_bits,disk_position,sample_state,control_status,data_source,field_complete,ar_mapping_pass,quality_zero,quality_fatal,quality_retained_provisional,history3h_expected_records,history3h_returned_records,history3h_valid_records,history3h_missing_records,history3h_span_minutes,history3h_max_gap_minutes,history3h_pass_provisional,history3h_complete_quality_zero,disk_gate_pass,buffer_or_cluster_excluded,passes_main_gates_provisional,passes_strict_baseline,history_start_T_REC_TAI,history_end_T_REC_TAI,anchor_target_lead_hr,anchor_delta_hr,anchor_within_tolerance,state_note
SHRGT45_全信息基准版_20260727,ALL_SAMPLE_SUPPLEMENT,NOAA12673_X9.3_20170906,X9.3,2017-09-06T11:53:00Z,12673,NEEDS_CLARIFICATION_OFFICIAL_GOES_JWFD_SNAPSHOT,MATCHES_EVENT_NOAA_AR,7115,12673,2017.09.05_23:48:00_TAI,2017-09-05T23:47:23Z,12.093611,51.099,,,,,-0.09905171,4.096515e+22,0x00000000,ZERO_QUALITY,,LON_FWT=29.087;LAT_FWT=-9.247,NEGATIVE_CANDIDATE,PROVISIONAL_CONTROL_PENDING_FULL_MPLUS_CATALOG_AUDIT,JSOC definitive hmi.sharp_cea_720s keyword query; raw JSON copied from 20260723 cache unless --fetch used,1,1,1,0,0,16,1,1,15,0.0,0.0,0,0,1,0,0,0,2017.09.05_23:48:00_TAI,2017.09.05_23:48:00_TAI,,,,Seed-based provisional control: no seeded M+ in future 3-6h and no seeded M+ in previous 3h.
SHRGT45_全信息基准版_20260727,ALL_SAMPLE_SUPPLEMENT,NOAA12673_X9.3_20170906,X9.3,2017-09-06T11:53:00Z,12673,NEEDS_CLARIFICATION_OFFICIAL_GOES_JWFD_SNAPSHOT,MATCHES_EVENT_NOAA_AR,7115,12673,2017.09.06_00:00:00_TAI,2017-09-05T23:59:23Z,11.893611,50.799,,,,,-0.09952597,4.116054e+22,0x00000000,ZERO_QUALITY,,LON_FWT=29.202;LAT_FWT=-9.253,NEGATIVE_CANDIDATE,PROVISIONAL_CONTROL_PENDING_FULL_MPLUS_CATALOG_AUDIT,JSOC definitive hmi.sharp_cea_720s keyword query; raw JSON copied from 20260723 cache unless --fetch used,1,1,1,0,0,16,2,2,14,12.0,12.0,0,0,1,0,0,0,2017.09.05_23:48:00_TAI,2017.09.06_00:00:00_TAI,,,,Seed-based provisional control: no seeded M+ in future 3-6h and no seeded M+ in previous 3h.
SHRGT45_全信息基准版_20260727,ALL_SAMPLE_SUPPLEMENT,NOAA12673_X9.3_20170906,X9.3,2017-09-06T11:53:00Z,12673,NEEDS_CLARIFICATION_OFFICIAL_GOES_JWFD_SNAPSHOT,MATCHES_EVENT_NOAA_AR,7115,12673,2017.09.06_00:12:00_TAI,2017-09-06T00:11:23Z,11.693611,50.565,,,,,-0.10011157,4.128284e+22,0x00000000,ZERO_QUALITY,,LON_FWT=29.313;LAT_FWT=-9.256,NEGATIVE_CANDIDATE,PROVISIONAL_CONTROL_PENDING_FULL_MPLUS_CATALOG_AUDIT,JSOC definitive hmi.sharp_cea_720s keyword query; raw JSON copied from 20260723 cache unless --fetch used,1,1,1,0,0,16,3,3,13,24.0,12.0,0,0,1,0,0,0,2017.09.05_23:48:00_TAI,2017.09.06_00:12:00_TAI,,,,Seed-based provisional control: no seeded M+ in future 3-6h and no seeded M+ in previous 3h.
SHRGT45_全信息基准版_20260727,ALL_SAMPLE_SUPPLEMENT,NOAA12673_X9.3_20170906,X9.3,2017-09-06T11:53:00Z,12673,NEEDS_CLARIFICATION_OFFICIAL_GOES_JWFD_SNAPSHOT,MATCHES_EVENT_NOAA_AR,7115,12673,2017.09.06_00:24:00_TAI,2017-09-06T00:23:23Z,11.493611,50.558,,,,,-0.10030103,4.1281e+22,0x00000000,ZERO_QUALITY,,LON_FWT=29.427;LAT_FWT=-9.255,NEGATIVE_CANDIDATE,PROVISIONAL_CONTROL_PENDING_FULL_MPLUS_CATALOG_AUDIT,JSOC definitive hmi.sharp_cea_720s keyword query; raw JSON copied from 20260723 cache unless --fetch used,1,1,1,0,0,16,4,4,12,36.0,12.0,0,0,1,0,0,0,2017.09.05_23:48:00_TAI,2017.09.06_00:24:00_TAI,,,,Seed-based provisional control: no seeded M+ in future 3-6h and no seeded M+ in previous 3h.
SHRGT45_全信息基准版_20260727,ALL_SAMPLE_SUPPLEMENT,NOAA12673_X9.3_20170906,X9.3,2017-09-06T11:53:00Z,12673,NEEDS_CLARIFICATION_OFFICIAL_GOES_JWFD_SNAPSHOT,MATCHES_EVENT_NOAA_AR,7115,12673,2017.09.06_00:36:00_TAI,2017-09-06T00:35:23Z,11.293611,50.315,,,,,-0.10156815,4.159605e+22,0x00000000,ZERO_QUALITY,,LON_FWT=29.544;LAT_FWT=-9.251,NEGATIVE_CANDIDATE,PROVISIONAL_CONTROL_PENDING_FULL_MPLUS_CATALOG_AUDIT,JSOC definitive hmi.sharp_cea_720s keyword query; raw JSON copied from 20260723 cache unless --fetch used,1,1,1,0,0,16,5,5,11,48.0,12.0,0,0,1,0,0,0,2017.09.05_23:48:00_TAI,2017.09.06_00:36:00_TAI,,,,Seed-based provisional control: no seeded M+ in future 3-6h and no seeded M+ in previous 3h.
SHRGT45_全信息基准版_20260727,ALL_SAMPLE_SUPPLEMENT,NOAA12673_X9.3_20170906,X9.3,2017-09-06T11:53:00Z,12673,NEEDS_CLARIFICATION_OFFICIAL_GOES_JWFD_SNAPSHOT,MATCHES_EVENT_NOAA_AR,7115,12673,2017.09.06_00:48:00_TAI,2017-09-06T00:47:23Z,11.093611,50.202,,,,,-0.10282785,4.162406e+22,0x00000000,ZERO_QUALITY,,LON_FWT=29.643;LAT_FWT=-9.257,NEGATIVE_CANDIDATE,PROVISIONAL_CONTROL_PENDING_FULL_MPLUS_CATALOG_AUDIT,JSOC definitive hmi.sharp_cea_720s keyword query; raw JSON copied from 20260723 cache unless --fetch used,1,1,1,0,0,16,6,6,10,60.0,12.0,0,0,1,0,0,0,2017.09.05_23:48:00_TAI,2017.09.06_00:48:00_TAI,,,,Seed-based provisional control: no seeded M+ in future 3-6h and no seeded M+ in previous 3h.
SHRGT45_全信息基准版_20260727,ALL_SAMPLE_SUPPLEMENT,NOAA12673_X9.3_20170906,X9.3,2017-09-06T11:53:00Z,12673,NEEDS_CLARIFICATION_OFFICIAL_GOES_JWFD_SNAPSHOT,MATCHES_EVENT_NOAA_AR,7115,12673,2017.09.06_01:00:00_TAI,2017-09-06T00:59:23Z,10.893611,50.5,,,,,-0.10440179,4.152016e+22,0x00000000,ZERO_QUALITY,,LON_FWT=29.749;LAT_FWT=-9.261,NEGATIVE_CANDIDATE,PROVISIONAL_CONTROL_PENDING_FULL_MPLUS_CATALOG_AUDIT,JSOC definitive hmi.sharp_cea_720s keyword query; raw JSON copied from 20260723 cache unless --fetch used,1,1,1,0,0,16,7,7,9,72.0,12.0,0,0,1,0,0,0,2017.09.05_23:48:00_TAI,2017.09.06_01:00:00_TAI,,,,Seed-based provisional control: no seeded M+ in future 3-6h and no seeded M+ in previous 3h.
SHRGT45_全信息基准版_20260727,ALL_SAMPLE_SUPPLEMENT,NOAA12673_X9.3_20170906,X9.3,2017-09-06T11:53:00Z,12673,NEEDS_CLARIFICATION_OFFICIAL_GOES_JWFD_SNAPSHOT,MATCHES_EVENT_NOAA_AR,7115,12673,2017.09.06_01:12:00_TAI,2017-09-06T01:11:23Z,10.693611,50.737,,,,,-0.10328738,4.142719e+22,0x00000000,ZERO_QUALITY,,LON_FWT=29.864;LAT_FWT=-9.256,NEGATIVE_CANDIDATE,PROVISIONAL_CONTROL_PENDING_FULL_MPLUS_CATALOG_AUDIT,JSOC definitive hmi.sharp_cea_720s keyword query; raw JSON copied from 20260723 cache unless --fetch used,1,1,1,0,0,16,8,8,8,84.0,12.0,0,0,1,0,0,0,2017.09.05_23:48:00_TAI,2017.09.06_01:12:00_TAI,,,,Seed-based provisional control: no seeded M+ in future 3-6h and no seeded M+ in previous 3h.
SHRGT45_全信息基准版_20260727,ALL_SAMPLE_SUPPLEMENT,NOAA12673_X9.3_20170906,X9.3,2017-09-06T11:53:00Z,12673,NEEDS_CLARIFICATION_OFFICIAL_GOES_JWFD_SNAPSHOT,MATCHES_EVENT_NOAA_AR,7115,12673,2017.09.06_01:24:00_TAI,2017-09-06T01:23:23Z,10.493611,50.914,,,,,-0.09930151,4.151508e+22,0x00000000,ZERO_QUALITY,,LON_FWT=29.982;LAT_FWT=-9.259,NEGATIVE_CANDIDATE,PROVISIONAL_CONTROL_PENDING_FULL_MPLUS_CATALOG_AUDIT,JSOC definitive hmi.sharp_cea_720s keyword query; raw JSON copied from 20260723 cache unless --fetch used,1,1,1,0,0,16,9,9,7,96.0,12.0,0,0,1,0,0,0,2017.09.05_23:48:00_TAI,2017.09.06_01:24:00_TAI,,,,Seed-based provisional control: no seeded M+ in future 3-6h and no seeded M+ in previous 3h.
SHRGT45_全信息基准版_20260727,ALL_SAMPLE_SUPPLEMENT,NOAA12673_X9.3_20170906,X9.3,2017-09-06T11:53:00Z,12673,NEEDS_CLARIFICATION_OFFICIAL_GOES_JWFD_SNAPSHOT,MATCHES_EVENT_NOAA_AR,7115,12673,2017.09.06_01:36:00_TAI,2017-09-06T01:35:23Z,10.293611,49.57,,,,,-0.09858762,4.201787e+22,0x00000000,ZERO_QUALITY,,LON_FWT=30.093;LAT_FWT=-9.260,NEGATIVE_CANDIDATE,PROVISIONAL_CONTROL_PENDING_FULL_MPLUS_CATALOG_AUDIT,JSOC definitive hmi.sharp_cea_720s keyword query; raw JSON copied from 20260723 cache unless --fetch used,1,1,1,0,0,16,10,10,6,108.0,12.0,0,0,1,0,0,0,2017.09.05_23:48:00_TAI,2017.09.06_01:36:00_TAI,,,,Seed-based provisional control: no seeded M+ in future 3-6h and no seeded M+ in previous 3h.
SHRGT45_全信息基准版_20260727,ALL_SAMPLE_SUPPLEMENT,NOAA12673_X9.3_20170906,X9.3,2017-09-06T11:53:00Z,12673,NEEDS_CLARIFICATION_OFFICIAL_GOES_JWFD_SNAPSHOT,MATCHES_EVENT_NOAA_AR,7115,12673,2017.09.06_01:48:00_TAI,2017-09-06T01:47:23Z,10.093611,50.926,,,,,-0.09963791,4.159554e+22,0x00000000,ZERO_QUALITY,,LON_FWT=30.205;LAT_FWT=-9.261,NEGATIVE_CANDIDATE,PROVISIONAL_CONTROL_PENDING_FULL_MPLUS_CATALOG_AUDIT,JSOC definitive hmi.sharp_cea_720s keyword query; raw JSON copied from 20260723 cache unless --fetch used,1,1,1,0,0,16,11,11,5,120.0,12.0,0,0,1,0,0,0,2017.09.05_23:48:00_TAI,2017.09.06_01:48:00_TAI,,,,Seed-based provisional control: no seeded M+ in future 3-6h and no seeded M+ in previous 3h.
SHRGT45_全信息基准版_20260727,ALL_SAMPLE_SUPPLEMENT,NOAA12673_X9.3_20170906,X9.3,2017-09-06T11:53:00Z,12673,NEEDS_CLARIFICATION_OFFICIAL_GOES_JWFD_SNAPSHOT,MATCHES_EVENT_NOAA_AR,7115,12673,2017.09.06_02:00:00_TAI,2017-09-06T01:59:23Z,9.893611,49.861,,,,,-0.09813442,4.185996e+22,0x00000000,ZERO_QUALITY,,LON_FWT=30.328;LAT_FWT=-9.258,NEGATIVE_CANDIDATE,PROVISIONAL_CONTROL_PENDING_FULL_MPLUS_CATALOG_AUDIT,JSOC definitive hmi.sharp_cea_720s keyword query; raw JSON copied from 20260723 cache unless --fetch used,1,1,1,0,0,16,12,12,4,132.0,12.0,0,0,1,0,0,0,2017.09.05_23:48:00_TAI,2017.09.06_02:00:00_TAI,,,,Seed-based provisional control: no seeded M+ in future 3-6h and no seeded M+ in previous 3h.
SHRGT45_全信息基准版_20260727,ALL_SAMPLE_SUPPLEMENT,NOAA12673_X9.3_20170906,X9.3,2017-09-06T11:53:00Z,12673,NEEDS_CLARIFICATION_OFFICIAL_GOES_JWFD_SNAPSHOT,MATCHES_EVENT_NOAA_AR,7115,12673,2017.09.06_02:12:00_TAI,2017-09-06T02:11:23Z,9.693611,50.64,,,,,-0.09910828,4.168987e+22,0x00000000,ZERO_QUALITY,,LON_FWT=30.433;LAT_FWT=-9.255,NEGATIVE_CANDIDATE,PROVISIONAL_CONTROL_PENDING_FULL_MPLUS_CATALOG_AUDIT,JSOC definitive hmi.sharp_cea_720s keyword query; raw JSON copied from 20260723 cache unless --fetch used,1,1,1,0,0,16,13,13,3,144.0,12.0,0,0,1,0,0,0,2017.09.05_23:48:00_TAI,2017.09.06_02:12:00_TAI,,,,Seed-based provisional control: no seeded M+ in future 3-6h and no seeded M+ in previous 3h.
SHRGT45_全信息基准版_20260727,ALL_SAMPLE_SUPPLEMENT,NOAA12673_X9.3_20170906,X9.3,2017-09-06T11:53:00Z,12673,NEEDS_CLARIFICATION_OFFICIAL_GOES_JWFD_SNAPSHOT,MATCHES_EVENT_NOAA_AR,7115,12673,2017.09.06_02:24:00_TAI,2017-09-06T02:23:23Z,9.493611,50.059,,,,,-0.09765701,4.190481e+22,0x00000000,ZERO_QUALITY,,LON_FWT=30.542;LAT_FWT=-9.262,NEGATIVE_CANDIDATE,PROVISIONAL_CONTROL_PENDING_FULL_MPLUS_CATALOG_AUDIT,JSOC definitive hmi.sharp_cea_720s keyword query; raw JSON copied from 20260723 cache unless --fetch used,1,1,1,0,0,16,14,14,2,156.0,12.0,0,0,1,0,0,0,2017.09.05_23:48:00_TAI,2017.09.06_02:24:00_TAI,,,,Seed-based provisional control: no seeded M+ in future 3-6h and no seeded M+ in previous 3h.
SHRGT45_全信息基准版_20260727,ALL_SAMPLE_SUPPLEMENT,NOAA12673_X9.3_20170906,X9.3,2017-09-06T11:53:00Z,12673,NEEDS_CLARIFICATION_OFFICIAL_GOES_JWFD_SNAPSHOT,MATCHES_EVENT_NOAA_AR,7115,12673,2017.09.06_02:36:00_TAI,2017-09-06T02:35:23Z,9.293611,50.326,-0.201446,-0.773,,,-0.09946083,4.181662e+22,0x00000000,ZERO_QUALITY,,LON_FWT=30.657;LAT_FWT=-9.263,NEGATIVE_CANDIDATE,PROVISIONAL_CONTROL_PENDING_FULL_MPLUS_CATALOG_AUDIT,JSOC definitive hmi.sharp_cea_720s keyword query; raw JSON copied from 20260723 cache unless --fetch used,1,1,1,0,0,16,15,15,1,168.0,12.0,1,0,1,0,1,0,2017.09.05_23:48:00_TAI,2017.09.06_02:36:00_TAI,,,,Seed-based provisional control: no seeded M+ in future 3-6h and no seeded M+ in previous 3h.
SHRGT45_全信息基准版_20260727,ALL_SAMPLE_SUPPLEMENT,NOAA12673_X9.3_20170906,X9.3,2017-09-06T11:53:00Z,12673,NEEDS_CLARIFICATION_OFFICIAL_GOES_JWFD_SNAPSHOT,MATCHES_EVENT_NOAA_AR,7115,12673,2017.09.06_02:48:00_TAI,2017-09-06T02:47:23Z,9.093611,50.314,-0.183257,-0.785,-0.183257,-0.785,-0.09524516,4.178599e+22,0x00000000,ZERO_QUALITY,,LON_FWT=30.767;LAT_FWT=-9.268,NEGATIVE_CANDIDATE,PROVISIONAL_CONTROL_PENDING_FULL_MPLUS_CATALOG_AUDIT,JSOC definitive hmi.sharp_cea_720s keyword query; raw JSON copied from 20260723 cache unless --fetch used,1,1,1,0,0,16,16,16,0,180.0,12.0,1,1,1,0,1,1,2017.09.05_23:48:00_TAI,2017.09.06_02:48:00_TAI,,,,Seed-based provisional control: no seeded M+ in future 3-6h and no seeded M+ in previous 3h.
SHRGT45_全信息基准版_20260727,ALL_SAMPLE_SUPPLEMENT,NOAA12673_X9.3_20170906,X9.3,2017-09-06T11:53:00Z,12673,NEEDS_CLARIFICATION_OFFICIAL_GOES_JWFD_SNAPSHOT,MATCHES_EVENT_NOAA_AR,7115,12673,2017.09.06_03:00:00_TAI,2017-09-06T02:59:23Z,8.893611,50.393,-0.11114,-0.406,-0.11114,-0.406,-0.10029618,4.209163e+22,0x00000000,ZERO_QUALITY,,LON_FWT=30.877;LAT_FWT=-9.274,NEGATIVE_CANDIDATE,PROVISIONAL_CONTROL_PENDING_FULL_MPLUS_CATALOG_AUDIT,JSOC definitive hmi.sharp_cea_720s keyword query; raw JSON copied from 20260723 cache unless --fetch used,1,1,1,0,0,16,16,16,0,180.0,12.0,1,1,1,0,1,1,2017.09.06_00:00:00_TAI,2017.09.06_03:00:00_TAI,,,,Seed-based provisional control: no seeded M+ in future 3-6h and no seeded M+ in previous 3h.
SHRGT45_全信息基准版_20260727,ALL_SAMPLE_SUPPLEMENT,NOAA12673_X9.3_20170906,X9.3,2017-09-06T11:53:00Z,12673,NEEDS_CLARIFICATION_OFFICIAL_GOES_JWFD_SNAPSHOT,MATCHES_EVENT_NOAA_AR,7115,12673,2017.09.06_03:12:00_TAI,2017-09-06T03:11:23Z,8.693611,50.247,-0.082243,-0.318,-0.082243,-0.318,-0.09874547,4.230989e+22,0x00000000,ZERO_QUALITY,,LON_FWT=30.989;LAT_FWT=-9.274,NEGATIVE_CANDIDATE,PROVISIONAL_CONTROL_PENDING_FULL_MPLUS_CATALOG_AUDIT,JSOC definitive hmi.sharp_cea_720s keyword query; raw JSON copied from 20260723 cache unless --fetch used,1,1,1,0,0,16,16,16,0,180.0,12.0,1,1,1,0,1,1,2017.09.06_00:12:00_TAI,2017.09.06_03:12:00_TAI,,,,Seed-based provisional control: no seeded M+ in future 3-6h and no seeded M+ in previous 3h.
SHRGT45_全信息基准版_20260727,ALL_SAMPLE_SUPPLEMENT,NOAA12673_X9.3_20170906,X9.3,2017-09-06T11:53:00Z,12673,NEEDS_CLARIFICATION_OFFICIAL_GOES_JWFD_SNAPSHOT,MATCHES_EVENT_NOAA_AR,7115,12673,2017.09.06_03:24:00_TAI,2017-09-06T03:23:23Z,8.493611,49.233,-0.186316,-1.325,-0.186316,-1.325,-0.09956652,4.266334e+22,0x00000000,ZERO_QUALITY,,LON_FWT=31.100;LAT_FWT=-9.277,NEGATIVE_CANDIDATE,PROVISIONAL_CONTROL_PENDING_FULL_MPLUS_CATALOG_AUDIT,JSOC definitive hmi.sharp_cea_720s keyword query; raw JSON copied from 20260723 cache unless --fetch used,1,1,1,0,0,16,16,16,0,180.0,12.0,1,1,1,0,1,1,2017.09.06_00:24:00_TAI,2017.09.06_03:24:00_TAI,,,,Seed-based provisional control: no seeded M+ in future 3-6h and no seeded M+ in previous 3h.
SHRGT45_全信息基准版_20260727,ALL_SAMPLE_SUPPLEMENT,NOAA12673_X9.3_20170906,X9.3,2017-09-06T11:53:00Z,12673,NEEDS_CLARIFICATION_OFFICIAL_GOES_JWFD_SNAPSHOT,MATCHES_EVENT_NOAA_AR,7115,12673,2017.09.06_03:36:00_TAI,2017-09-06T03:35:23Z,8.293611,48.774,-0.322301,-1.541,-0.322301,-1.541,-0.10057376,4.278795e+22,0x00000000,ZERO_QUALITY,,LON_FWT=31.216;LAT_FWT=-9.292,NEGATIVE_CANDIDATE,PROVISIONAL_CONTROL_PENDING_FULL_MPLUS_CATALOG_AUDIT,JSOC definitive hmi.sharp_cea_720s keyword query; raw JSON copied from 20260723 cache unless --fetch used,1,1,1,0,0,16,16,16,0,180.0,12.0,1,1,1,0,1,1,2017.09.06_00:36:00_TAI,2017.09.06_03:36:00_TAI,,,,Seed-based provisional control: no seeded M+ in future 3-6h and no seeded M+ in previous 3h.
SHRGT45_全信息基准版_20260727,ALL_SAMPLE_SUPPLEMENT,NOAA12673_X9.3_20170906,X9.3,2017-09-06T11:53:00Z,12673,NEEDS_CLARIFICATION_OFFICIAL_GOES_JWFD_SNAPSHOT,MATCHES_EVENT_NOAA_AR,7115,12673,2017.09.06_03:48:00_TAI,2017-09-06T03:47:23Z,8.093611,49.696,-0.360735,-0.506,-0.360735,-0.506,-0.09896152,4.254882e+22,0x00000000,ZERO_QUALITY,,LON_FWT=31.326;LAT_FWT=-9.287,NEGATIVE_CANDIDATE,PROVISIONAL_CONTROL_PENDING_FULL_MPLUS_CATALOG_AUDIT,JSOC definitive hmi.sharp_cea_720s keyword query; raw JSON copied from 20260723 cache unless --fetch used,1,1,1,0,0,16,16,16,0,180.0,12.0,1,1,1,0,1,1,2017.09.06_00:48:00_TAI,2017.09.06_03:48:00_TAI,,,,Seed-based provisional control: no seeded M+ in future 3-6h and no seeded M+ in previous 3h.
SHRGT45_全信息基准版_20260727,ALL_SAMPLE_SUPPLEMENT,NOAA12673_X9.3_20170906,X9.3,2017-09-06T11:53:00Z,12673,NEEDS_CLARIFICATION_OFFICIAL_GOES_JWFD_SNAPSHOT,MATCHES_EVENT_NOAA_AR,7115,12673,2017.09.06_04:00:00_TAI,2017-09-06T03:59:23Z,7.893611,50.046,-0.365588,-0.454,-0.365588,-0.454,-0.09879546,4.270855e+22,0x00000000,ZERO_QUALITY,,LON_FWT=31.436;LAT_FWT=-9.290,NEGATIVE_CANDIDATE,PROVISIONAL_CONTROL_PENDING_FULL_MPLUS_CATALOG_AUDIT,JSOC definitive hmi.sharp_cea_720s keyword query; raw JSON copied from 20260723 cache unless --fetch used,1,1,1,0,0,16,16,16,0,180.0,12.0,1,1,1,0,1,1,2017.09.06_01:00:00_TAI,2017.09.06_04:00:00_TAI,,,,Seed-based provisional control: no seeded M+ in future 3-6h and no seeded M+ in previous 3h.
SHRGT45_全信息基准版_20260727,ALL_SAMPLE_SUPPLEMENT,NOAA12673_X9.3_20170906,X9.3,2017-09-06T11:53:00Z,12673,NEEDS_CLARIFICATION_OFFICIAL_GOES_JWFD_SNAPSHOT,MATCHES_EVENT_NOAA_AR,7115,12673,2017.09.06_04:12:00_TAI,2017-09-06T04:11:23Z,7.693611,49.923,-0.344463,-0.814,-0.344463,-0.814,-0.10103612,4.285853e+22,0x00000000,ZERO_QUALITY,,LON_FWT=31.557;LAT_FWT=-9.285,NEGATIVE_CANDIDATE,PROVISIONAL_CONTROL_PENDING_FULL_MPLUS_CATALOG_AUDIT,JSOC definitive hmi.sharp_cea_720s keyword query; raw JSON copied from 20260723 cache unless --fetch used,1,1,1,0,0,16,16,16,0,180.0,12.0,1,1,1,0,1,1,2017.09.06_01:12:00_TAI,2017.09.06_04:12:00_TAI,,,,Seed-based provisional control: no seeded M+ in future 3-6h and no seeded M+ in previous 3h.
SHRGT45_全信息基准版_20260727,ALL_SAMPLE_SUPPLEMENT,NOAA12673_X9.3_20170906,X9.3,2017-09-06T11:53:00Z,12673,NEEDS_CLARIFICATION_OFFICIAL_GOES_JWFD_SNAPSHOT,MATCHES_EVENT_NOAA_AR,7115,12673,2017.09.06_04:24:00_TAI,2017-09-06T04:23:23Z,7.493611,50.176,-0.257324,-0.738,-0.257324,-0.738,-0.09966912,4.298391e+22,0x00000000,ZERO_QUALITY,,LON_FWT=31.676;LAT_FWT=-9.288,NEGATIVE_CANDIDATE,PROVISIONAL_CONTROL_PENDING_FULL_MPLUS_CATALOG_AUDIT,JSOC definitive hmi.sharp_cea_720s keyword query; raw JSON copied from 20260723 cache unless --fetch used,1,1,1,0,0,16,16,16,0,180.0,12.0,1,1,1,0,1,1,2017.09.06_01:24:00_TAI,2017.09.06_04:24:00_TAI,,,,Seed-based provisional control: no seeded M+ in future 3-6h and no seeded M+ in previous 3h.
SHRGT45_全信息基准版_20260727,ALL_SAMPLE_SUPPLEMENT,NOAA12673_X9.3_20170906,X9.3,2017-09-06T11:53:00Z,12673,NEEDS_CLARIFICATION_OFFICIAL_GOES_JWFD_SNAPSHOT,MATCHES_EVENT_NOAA_AR,7115,12673,2017.09.06_04:36:00_TAI,2017-09-06T04:35:23Z,7.293611,49.156,-0.252309,-0.414,-0.252309,-0.414,-0.09730007,4.305687e+22,0x00000000,ZERO_QUALITY,,LON_FWT=31.780;LAT_FWT=-9.297,NEGATIVE_CANDIDATE,PROVISIONAL_CONTROL_PENDING_FULL_MPLUS_CATALOG_AUDIT,JSOC definitive hmi.sharp_cea_720s keyword query; raw JSON copied from 20260723 cache unless --fetch used,1,1,1,0,0,16,16,16,0,180.0,12.0,1,1,1,0,1,1,2017.09.06_01:36:00_TAI,2017.09.06_04:36:00_TAI,,,,Seed-based provisional control: no seeded M+ in future 3-6h and no seeded M+ in previous 3h.
SHRGT45_全信息基准版_20260727,ALL_SAMPLE_SUPPLEMENT,NOAA12673_X9.3_20170906,X9.3,2017-09-06T11:53:00Z,12673,NEEDS_CLARIFICATION_OFFICIAL_GOES_JWFD_SNAPSHOT,MATCHES_EVENT_NOAA_AR,7115,12673,2017.09.06_04:48:00_TAI,2017-09-06T04:47:23Z,7.093611,49.489,-0.352713,-1.437,-0.352713,-1.437,-0.09502941,4.307398e+22,0x00000000,ZERO_QUALITY,,LON_FWT=31.903;LAT_FWT=-9.300,NEGATIVE_CANDIDATE,PROVISIONAL_CONTROL_PENDING_FULL_MPLUS_CATALOG_AUDIT,JSOC definitive hmi.sharp_cea_720s keyword query; raw JSON copied from 20260723 cache unless --fetch used,1,1,1,0,0,16,16,16,0,180.0,12.0,1,1,1,0,1,1,2017.09.06_01:48:00_TAI,2017.09.06_04:48:00_TAI,,,,Seed-based provisional control: no seeded M+ in future 3-6h and no seeded M+ in previous 3h.
SHRGT45_全信息基准版_20260727,ALL_SAMPLE_SUPPLEMENT,NOAA12673_X9.3_20170906,X9.3,2017-09-06T11:53:00Z,12673,NEEDS_CLARIFICATION_OFFICIAL_GOES_JWFD_SNAPSHOT,MATCHES_EVENT_NOAA_AR,7115,12673,2017.09.06_05:00:00_TAI,2017-09-06T04:59:23Z,6.893611,49.752,-0.253419,-0.109,-0.253419,-0.109,-0.10104434,4.340678e+22,0x00000000,ZERO_QUALITY,,LON_FWT=32.012;LAT_FWT=-9.307,NEGATIVE_CANDIDATE,PROVISIONAL_CONTROL_PENDING_FULL_MPLUS_CATALOG_AUDIT,JSOC definitive hmi.sharp_cea_720s keyword query; raw JSON copied from 20260723 cache unless --fetch used,1,1,1,0,0,16,16,16,0,180.0,12.0,1,1,1,0,1,1,2017.09.06_02:00:00_TAI,2017.09.06_05:00:00_TAI,,,,Seed-based provisional control: no seeded M+ in future 3-6h and no seeded M+ in previous 3h.
SHRGT45_全信息基准版_20260727,ALL_SAMPLE_SUPPLEMENT,NOAA12673_X9.3_20170906,X9.3,2017-09-06T11:53:00Z,12673,NEEDS_CLARIFICATION_OFFICIAL_GOES_JWFD_SNAPSHOT,MATCHES_EVENT_NOAA_AR,7115,12673,2017.09.06_05:12:00_TAI,2017-09-06T05:11:23Z,6.693611,49.154,-0.335941,-1.486,-0.335941,-1.486,-0.1002757,4.362184e+22,0x00000000,ZERO_QUALITY,,LON_FWT=32.119;LAT_FWT=-9.305,NEGATIVE_CANDIDATE,PROVISIONAL_CONTROL_PENDING_FULL_MPLUS_CATALOG_AUDIT,JSOC definitive hmi.sharp_cea_720s keyword query; raw JSON copied from 20260723 cache unless --fetch used,1,1,1,0,0,16,16,16,0,180.0,12.0,1,1,1,0,1,1,2017.09.06_02:12:00_TAI,2017.09.06_05:12:00_TAI,,,,Seed-based provisional control: no seeded M+ in future 3-6h and no seeded M+ in previous 3h.
SHRGT45_全信息基准版_20260727,ALL_SAMPLE_SUPPLEMENT,NOAA12673_X9.3_20170906,X9.3,2017-09-06T11:53:00Z,12673,NEEDS_CLARIFICATION_OFFICIAL_GOES_JWFD_SNAPSHOT,MATCHES_EVENT_NOAA_AR,7115,12673,2017.09.06_05:24:00_TAI,2017-09-06T05:23:23Z,6.493611,48.729,-0.357566,-1.33,-0.357566,-1.33,-0.09908131,4.375392e+22,0x00000000,ZERO_QUALITY,,LON_FWT=32.227;LAT_FWT=-9.302,NEGATIVE_CANDIDATE,PROVISIONAL_CONTROL_PENDING_FULL_MPLUS_CATALOG_AUDIT,JSOC definitive hmi.sharp_cea_720s keyword query; raw JSON copied from 20260723 cache unless --fetch used,1,1,1,0,0,16,16,16,0,180.0,12.0,1,1,1,0,1,1,2017.09.06_02:24:00_TAI,2017.09.06_05:24:00_TAI,,,,Seed-based provisional control: no seeded M+ in future 3-6h and no seeded M+ in previous 3h.
SHRGT45_全信息基准版_20260727,ALL_SAMPLE_SUPPLEMENT,NOAA12673_X9.3_20170906,X9.3,2017-09-06T11:53:00Z,12673,NEEDS_CLARIFICATION_OFFICIAL_GOES_JWFD_SNAPSHOT,MATCHES_EVENT_NOAA_AR,7115,12673,2017.09.06_05:36:00_TAI,2017-09-06T05:35:23Z,6.293611,48.828,-0.412794,-1.498,-0.412794,-1.498,-0.09951486,4.386522e+22,0x00000000,ZERO_QUALITY,,LON_FWT=32.342;LAT_FWT=-9.307,NEGATIVE_CANDIDATE,PROVISIONAL_CONTROL_PENDING_FULL_MPLUS_CATALOG_AUDIT,JSOC definitive hmi.sharp_cea_720s keyword query; raw JSON copied from 20260723 cache unless --fetch used,1,1,1,0,0,16,16,16,0,180.0,12.0,1,1,1,0,1,1,2017.09.06_02:36:00_TAI,2017.09.06_05:36:00_TAI,,,,Seed-based provisional control: no seeded M+ in future 3-6h and no seeded M+ in previous 3h.
SHRGT45_全信息基准版_20260727,ALL_SAMPLE_SUPPLEMENT,NOAA12673_X9.3_20170906,X9.3,2017-09-06T11:53:00Z,12673,NEEDS_CLARIFICATION_OFFICIAL_GOES_JWFD_SNAPSHOT,MATCHES_EVENT_NOAA_AR,7115,12673,2017.09.06_05:48:00_TAI,2017-09-06T05:47:23Z,6.093611,47.608,-0.551103,-2.706,-0.551103,-2.706,-0.0974943,4.424183e+22,0x00000000,ZERO_QUALITY,,LON_FWT=32.450;LAT_FWT=-9.315,NEGATIVE_CANDIDATE,PROVISIONAL_CONTROL_PENDING_FULL_MPLUS_CATALOG_AUDIT,JSOC definitive hmi.sharp_cea_720s keyword query; raw JSON copied from 20260723 cache unless --fetch used,1,1,1,0,0,16,16,16,0,180.0,12.0,1,1,1,0,1,1,2017.09.06_02:48:00_TAI,2017.09.06_05:48:00_TAI,,,,Seed-based provisional control: no seeded M+ in future 3-6h and no seeded M+ in previous 3h.
SHRGT45_全信息基准版_20260727,ALL_SAMPLE_SUPPLEMENT,NOAA12673_X9.3_20170906,X9.3,2017-09-06T11:53:00Z,12673,NEEDS_CLARIFICATION_OFFICIAL_GOES_JWFD_SNAPSHOT,MATCHES_EVENT_NOAA_AR,7115,12673,2017.09.06_06:00:00_TAI,2017-09-06T05:59:23Z,5.893611,47.89,-0.619838,-2.503,,,-0.09418182,4.454649e+22,0x00010000,NONZERO_RETAINED_PROVISIONAL,,LON_FWT=32.564;LAT_FWT=-9.319,POSITIVE_CANDIDATE,,JSOC definitive hmi.sharp_cea_720s keyword query; raw JSON copied from 20260723 cache unless --fetch used,1,1,0,0,1,16,16,16,0,180.0,12.0,1,0,1,0,1,0,2017.09.06_03:00:00_TAI,2017.09.06_06:00:00_TAI,,,,Future 3-6h contains the seeded M+ GOES-onset event.
SHRGT45_全信息基准版_20260727,ALL_SAMPLE_SUPPLEMENT,NOAA12673_X9.3_20170906,X9.3,2017-09-06T11:53:00Z,12673,NEEDS_CLARIFICATION_OFFICIAL_GOES_JWFD_SNAPSHOT,MATCHES_EVENT_NOAA_AR,7115,12673,2017.09.06_08:36:00_TAI,2017-09-06T08:35:23Z,3.293611,47.451,,,,,-0.09699952,4.54207e+22,0x00000000,ZERO_QUALITY,,LON_FWT=34.006;LAT_FWT=-9.347,POSITIVE_CANDIDATE,,JSOC definitive hmi.sharp_cea_720s keyword query; raw JSON copied from 20260723 cache unless --fetch used,1,1,1,0,0,16,4,4,12,180.0,156.0,0,0,1,0,0,0,2017.09.06_05:36:00_TAI,2017.09.06_08:36:00_TAI,,,,Future 3-6h contains the seeded M+ GOES-onset event.
SHRGT45_全信息基准版_20260727,ALL_SAMPLE_SUPPLEMENT,NOAA12673_X9.3_20170906,X9.3,2017-09-06T11:53:00Z,12673,NEEDS_CLARIFICATION_OFFICIAL_GOES_JWFD_SNAPSHOT,MATCHES_EVENT_NOAA_AR,7115,12673,2017.09.06_08:48:00_TAI,2017-09-06T08:47:23Z,3.093611,47.451,,,,,-0.09720058,4.552194e+22,0x00000000,ZERO_QUALITY,,LON_FWT=34.115;LAT_FWT=-9.351,POSITIVE_CANDIDATE,,JSOC definitive hmi.sharp_cea_720s keyword query; raw JSON copied from 20260723 cache unless --fetch used,1,1,1,0,0,16,4,4,12,180.0,156.0,0,0,1,0,0,0,2017.09.06_05:48:00_TAI,2017.09.06_08:48:00_TAI,,,,Future 3-6h contains the seeded M+ GOES-onset event.
SHRGT45_全信息基准版_20260727,ALL_SAMPLE_SUPPLEMENT,NOAA12673_X9.3_20170906,X9.3,2017-09-06T11:53:00Z,12673,NEEDS_CLARIFICATION_OFFICIAL_GOES_JWFD_SNAPSHOT,MATCHES_EVENT_NOAA_AR,7115,12673,2017.09.06_09:00:00_TAI,2017-09-06T08:59:23Z,2.893611,47.249,,,,,-0.08954407,4.59946e+22,0x00010000,NONZERO_RETAINED_PROVISIONAL,,LON_FWT=34.226;LAT_FWT=-9.363,BUFFER_OR_EXCLUDE,,JSOC definitive hmi.sharp_cea_720s keyword query; raw JSON copied from 20260723 cache unless --fetch used,1,1,0,0,1,16,4,4,12,180.0,156.0,0,0,1,1,0,0,2017.09.06_06:00:00_TAI,2017.09.06_09:00:00_TAI,,,,Future 0-3h contains M+; excluded from 3-6h main analysis.
SHRGT45_全信息基准版_20260727,ALL_SAMPLE_SUPPLEMENT,NOAA12673_X9.3_20170906,X9.3,2017-09-06T11:53:00Z,12673,NEEDS_CLARIFICATION_OFFICIAL_GOES_JWFD_SNAPSHOT,MATCHES_EVENT_NOAA_AR,7115,12673,2017.09.06_09:12:00_TAI,2017-09-06T09:11:23Z,2.693611,47.481,,,,,-0.06655876,4.50439e+22,0x00000000,ZERO_QUALITY,,LON_FWT=34.360;LAT_FWT=-9.375,BUFFER_OR_EXCLUDE,,JSOC definitive hmi.sharp_cea_720s keyword query; raw JSON copied from 20260723 cache unless --fetch used,1,1,1,0,0,16,4,4,12,36.0,12.0,0,0,1,1,0,0,2017.09.06_08:36:00_TAI,2017.09.06_09:12:00_TAI,,,,Future 0-3h contains M+; excluded from 3-6h main analysis.
SHRGT45_全信息基准版_20260727,ALL_SAMPLE_SUPPLEMENT,NOAA12673_X9.3_20170906,X9.3,2017-09-06T11:53:00Z,12673,NEEDS_CLARIFICATION_OFFICIAL_GOES_JWFD_SNAPSHOT,MATCHES_EVENT_NOAA_AR,7115,12673,2017.09.06_09:24:00_TAI,2017-09-06T09:23:23Z,2.493611,47.0,,,,,-0.09256669,4.533183e+22,0x00000000,ZERO_QUALITY,,LON_FWT=34.464;LAT_FWT=-9.388,BUFFER_OR_EXCLUDE,,JSOC definitive hmi.sharp_cea_720s keyword query; raw JSON copied from 20260723 cache unless --fetch used,1,1,1,0,0,16,5,5,11,48.0,12.0,0,0,1,1,0,0,2017.09.06_08:36:00_TAI,2017.09.06_09:24:00_TAI,,,,Future 0-3h contains M+; excluded from 3-6h main analysis.
SHRGT45_全信息基准版_20260727,ALL_SAMPLE_SUPPLEMENT,NOAA12673_X9.3_20170906,X9.3,2017-09-06T11:53:00Z,12673,NEEDS_CLARIFICATION_OFFICIAL_GOES_JWFD_SNAPSHOT,MATCHES_EVENT_NOAA_AR,7115,12673,2017.09.06_09:36:00_TAI,2017-09-06T09:35:23Z,2.293611,46.915,,,,,-0.09725439,4.54708e+22,0x00000000,ZERO_QUALITY,,LON_FWT=34.567;LAT_FWT=-9.394,BUFFER_OR_EXCLUDE,,JSOC definitive hmi.sharp_cea_720s keyword query; raw JSON copied from 20260723 cache unless --fetch used,1,1,1,0,0,16,6,6,10,60.0,12.0,0,0,1,1,0,0,2017.09.06_08:36:00_TAI,2017.09.06_09:36:00_TAI,,,,Future 0-3h contains M+; excluded from 3-6h main analysis.
SHRGT45_全信息基准版_20260727,ALL_SAMPLE_SUPPLEMENT,NOAA12673_X9.3_20170906,X9.3,2017-09-06T11:53:00Z,12673,NEEDS_CLARIFICATION_OFFICIAL_GOES_JWFD_SNAPSHOT,MATCHES_EVENT_NOAA_AR,7115,12673,2017.09.06_09:48:00_TAI,2017-09-06T09:47:23Z,2.093611,46.635,,,,,-0.10073786,4.571545e+22,0x00000000,ZERO_QUALITY,,LON_FWT=34.665;LAT_FWT=-9.401,BUFFER_OR_EXCLUDE,,JSOC definitive hmi.sharp_cea_720s keyword query; raw JSON copied from 20260723 cache unless --fetch used,1,1,1,0,0,16,7,7,9,72.0,12.0,0,0,1,1,0,0,2017.09.06_08:36:00_TAI,2017.09.06_09:48:00_TAI,,,,Future 0-3h contains M+; excluded from 3-6h main analysis.
SHRGT45_全信息基准版_20260727,ALL_SAMPLE_SUPPLEMENT,NOAA12673_X9.3_20170906,X9.3,2017-09-06T11:53:00Z,12673,NEEDS_CLARIFICATION_OFFICIAL_GOES_JWFD_SNAPSHOT,MATCHES_EVENT_NOAA_AR,7115,12673,2017.09.06_10:00:00_TAI,2017-09-06T09:59:23Z,1.893611,46.369,,,,,-0.09775697,4.582431e+22,0x00000000,ZERO_QUALITY,,LON_FWT=34.781;LAT_FWT=-9.410,BUFFER_OR_EXCLUDE,,JSOC definitive hmi.sharp_cea_720s keyword query; raw JSON copied from 20260723 cache unless --fetch used,1,1,1,0,0,16,8,8,8,84.0,12.0,0,0,1,1,0,0,2017.09.06_08:36:00_TAI,2017.09.06_10:00:00_TAI,,,,Future 0-3h contains M+; excluded from 3-6h main analysis.
SHRGT45_全信息基准版_20260727,ALL_SAMPLE_SUPPLEMENT,NOAA12673_X9.3_20170906,X9.3,2017-09-06T11:53:00Z,12673,NEEDS_CLARIFICATION_OFFICIAL_GOES_JWFD_SNAPSHOT,MATCHES_EVENT_NOAA_AR,7115,12673,2017.09.06_10:12:00_TAI,2017-09-06T10:11:23Z,1.693611,46.444,,,,,-0.09135859,4.594636e+22,0x00000000,ZERO_QUALITY,,LON_FWT=34.883;LAT_FWT=-9.421,BUFFER_OR_EXCLUDE,,JSOC definitive hmi.sharp_cea_720s keyword query; raw JSON copied from 20260723 cache unless --fetch used,1,1,1,0,0,16,9,9,7,96.0,12.0,0,0,1,1,0,0,2017.09.06_08:36:00_TAI,2017.09.06_10:12:00_TAI,,,,Future 0-3h contains M+; excluded from 3-6h main analysis.
SHRGT45_全信息基准版_20260727,ALL_SAMPLE_SUPPLEMENT,NOAA12673_X9.3_20170906,X9.3,2017-09-06T11:53:00Z,12673,NEEDS_CLARIFICATION_OFFICIAL_GOES_JWFD_SNAPSHOT,MATCHES_EVENT_NOAA_AR,7115,12673,2017.09.06_10:24:00_TAI,2017-09-06T10:23:23Z,1.493611,46.597,,,,,-0.09726683,4.597564e+22,0x00000000,ZERO_QUALITY,,LON_FWT=35.002;LAT_FWT=-9.421,BUFFER_OR_EXCLUDE,,JSOC definitive hmi.sharp_cea_720s keyword query; raw JSON copied from 20260723 cache unless --fetch used,1,1,1,0,0,16,10,10,6,108.0,12.0,0,0,1,1,0,0,2017.09.06_08:36:00_TAI,2017.09.06_10:24:00_TAI,,,,Future 0-3h contains M+; excluded from 3-6h main analysis.
SHRGT45_全信息基准版_20260727,ALL_SAMPLE_SUPPLEMENT,NOAA12673_X9.3_20170906,X9.3,2017-09-06T11:53:00Z,12673,NEEDS_CLARIFICATION_OFFICIAL_GOES_JWFD_SNAPSHOT,MATCHES_EVENT_NOAA_AR,7115,12673,2017.09.06_10:36:00_TAI,2017-09-06T10:35:23Z,1.293611,46.731,,,,,-0.09656171,4.643335e+22,0x00000000,ZERO_QUALITY,,LON_FWT=35.116;LAT_FWT=-9.419,BUFFER_OR_EXCLUDE,,JSOC definitive hmi.sharp_cea_720s keyword query; raw JSON copied from 20260723 cache unless --fetch used,1,1,1,0,0,16,11,11,5,120.0,12.0,0,0,1,1,0,0,2017.09.06_08:36:00_TAI,2017.09.06_10:36:00_TAI,,,,Future 0-3h contains M+; excluded from 3-6h main analysis.
SHRGT45_全信息基准版_20260727,ALL_SAMPLE_SUPPLEMENT,NOAA12673_X9.3_20170906,X9.3,2017-09-06T11:53:00Z,12673,NEEDS_CLARIFICATION_OFFICIAL_GOES_JWFD_SNAPSHOT,MATCHES_EVENT_NOAA_AR,7115,12673,2017.09.06_10:48:00_TAI,2017-09-06T10:47:23Z,1.093611,46.858,,,,,-0.09583747,4.640414e+22,0x00001000,NONZERO_RETAINED_PROVISIONAL,,LON_FWT=35.225;LAT_FWT=-9.425,BUFFER_OR_EXCLUDE,,JSOC definitive hmi.sharp_cea_720s keyword query; raw JSON copied from 20260723 cache unless --fetch used,1,1,0,0,1,16,12,12,4,132.0,12.0,0,0,1,1,0,0,2017.09.06_08:36:00_TAI,2017.09.06_10:48:00_TAI,,,,Future 0-3h contains M+; excluded from 3-6h main analysis.
SHRGT45_全信息基准版_20260727,ALL_SAMPLE_SUPPLEMENT,NOAA12673_X9.3_20170906,X9.3,2017-09-06T11:53:00Z,12673,NEEDS_CLARIFICATION_OFFICIAL_GOES_JWFD_SNAPSHOT,MATCHES_EVENT_NOAA_AR,7115,12673,2017.09.06_11:00:00_TAI,2017-09-06T10:59:23Z,0.893611,46.729,,,,,-0.09345945,4.644016e+22,0x00001000,NONZERO_RETAINED_PROVISIONAL,,LON_FWT=35.338;LAT_FWT=-9.431,BUFFER_OR_EXCLUDE,,JSOC definitive hmi.sharp_cea_720s keyword query; raw JSON copied from 20260723 cache unless --fetch used,1,1,0,0,1,16,13,13,3,144.0,12.0,0,0,1,1,0,0,2017.09.06_08:36:00_TAI,2017.09.06_11:00:00_TAI,,,,Future 0-3h contains M+; excluded from 3-6h main analysis.
SHRGT45_全信息基准版_20260727,ALL_SAMPLE_SUPPLEMENT,NOAA12673_X9.3_20170906,X9.3,2017-09-06T11:53:00Z,12673,NEEDS_CLARIFICATION_OFFICIAL_GOES_JWFD_SNAPSHOT,MATCHES_EVENT_NOAA_AR,7115,12673,2017.09.06_11:12:00_TAI,2017-09-06T11:11:23Z,0.693611,46.591,,,,,-0.09136084,4.653098e+22,0x00000000,ZERO_QUALITY,,LON_FWT=35.440;LAT_FWT=-9.449,BUFFER_OR_EXCLUDE,,JSOC definitive hmi.sharp_cea_720s keyword query; raw JSON copied from 20260723 cache unless --fetch used,1,1,1,0,0,16,14,14,2,156.0,12.0,0,0,1,1,0,0,2017.09.06_08:36:00_TAI,2017.09.06_11:12:00_TAI,,,,Future 0-3h contains M+; excluded from 3-6h main analysis.
SHRGT45_全信息基准版_20260727,ALL_SAMPLE_SUPPLEMENT,NOAA12673_X9.3_20170906,X9.3,2017-09-06T11:53:00Z,12673,NEEDS_CLARIFICATION_OFFICIAL_GOES_JWFD_SNAPSHOT,MATCHES_EVENT_NOAA_AR,7115,12673,2017.09.06_11:24:00_TAI,2017-09-06T11:23:23Z,0.493611,46.659,-0.31125,-0.792,,,-0.08870838,4.662629e+22,0x00000000,ZERO_QUALITY,,LON_FWT=35.550;LAT_FWT=-9.456,BUFFER_OR_EXCLUDE,,JSOC definitive hmi.sharp_cea_720s keyword query; raw JSON copied from 20260723 cache unless --fetch used,1,1,1,0,0,16,15,15,1,168.0,12.0,1,0,1,1,0,0,2017.09.06_08:36:00_TAI,2017.09.06_11:24:00_TAI,,,,Future 0-3h contains M+; excluded from 3-6h main analysis.
SHRGT45_全信息基准版_20260727,ALL_SAMPLE_SUPPLEMENT,NOAA12673_X9.3_20170906,X9.3,2017-09-06T11:53:00Z,12673,NEEDS_CLARIFICATION_OFFICIAL_GOES_JWFD_SNAPSHOT,MATCHES_EVENT_NOAA_AR,7115,12673,2017.09.06_11:36:00_TAI,2017-09-06T11:35:23Z,0.293611,46.747,-0.270699,-0.704,,,-0.08704239,4.65488e+22,0x00000000,ZERO_QUALITY,,LON_FWT=35.657;LAT_FWT=-9.457,BUFFER_OR_EXCLUDE,,JSOC definitive hmi.sharp_cea_720s keyword query; raw JSON copied from 20260723 cache unless --fetch used,1,1,1,0,0,16,16,16,0,180.0,12.0,1,0,1,1,0,0,2017.09.06_08:36:00_TAI,2017.09.06_11:36:00_TAI,,,,Future 0-3h contains M+; excluded from 3-6h main analysis.
SHRGT45_全信息基准版_20260727,ALL_SAMPLE_SUPPLEMENT,NOAA12297_X2.1_20150311,X2.1,2015-03-11T16:11:00Z,12297,NEEDS_CLARIFICATION_OFFICIAL_GOES_JWFD_SNAPSHOT,MATCHES_EVENT_NOAA_AR,5298,12297,2015.03.11_04:00:00_TAI,2015-03-11T03:59:25Z,12.193056,41.445,,,,,0.08885211,2.443344e+22,0x00000000,ZERO_QUALITY,,LON_FWT=-26.709;LAT_FWT=-17.308,NEGATIVE_CANDIDATE,PROVISIONAL_CONTROL_PENDING_FULL_MPLUS_CATALOG_AUDIT,JSOC definitive hmi.sharp_cea_720s keyword query; raw JSON copied from 20260723 cache unless --fetch used,1,1,1,0,0,16,1,1,15,0.0,0.0,0,0,1,0,0,0,2015.03.11_04:00:00_TAI,2015.03.11_04:00:00_TAI,,,,Seed-based provisional control: no seeded M+ in future 3-6h and no seeded M+ in previous 3h.
SHRGT45_全信息基准版_20260727,ALL_SAMPLE_SUPPLEMENT,NOAA12297_X2.1_20150311,X2.1,2015-03-11T16:11:00Z,12297,NEEDS_CLARIFICATION_OFFICIAL_GOES_JWFD_SNAPSHOT,MATCHES_EVENT_NOAA_AR,5298,12297,2015.03.11_04:12:00_TAI,2015-03-11T04:11:25Z,11.993056,41.122,,,,,0.08604364,2.451968e+22,0x00000000,ZERO_QUALITY,,LON_FWT=-26.598;LAT_FWT=-17.295,NEGATIVE_CANDIDATE,PROVISIONAL_CONTROL_PENDING_FULL_MPLUS_CATALOG_AUDIT,JSOC definitive hmi.sharp_cea_720s keyword query; raw JSON copied from 20260723 cache unless --fetch used,1,1,1,0,0,16,2,2,14,12.0,12.0,0,0,1,0,0,0,2015.03.11_04:00:00_TAI,2015.03.11_04:12:00_TAI,,,,Seed-based provisional control: no seeded M+ in future 3-6h and no seeded M+ in previous 3h.
SHRGT45_全信息基准版_20260727,ALL_SAMPLE_SUPPLEMENT,NOAA12297_X2.1_20150311,X2.1,2015-03-11T16:11:00Z,12297,NEEDS_CLARIFICATION_OFFICIAL_GOES_JWFD_SNAPSHOT,MATCHES_EVENT_NOAA_AR,5298,12297,2015.03.11_04:24:00_TAI,2015-03-11T04:23:25Z,11.793056,40.637,,,,,0.085379,2.47023e+22,0x00000000,ZERO_QUALITY,,LON_FWT=-26.494;LAT_FWT=-17.297,NEGATIVE_CANDIDATE,PROVISIONAL_CONTROL_PENDING_FULL_MPLUS_CATALOG_AUDIT,JSOC definitive hmi.sharp_cea_720s keyword query; raw JSON copied from 20260723 cache unless --fetch used,1,1,1,0,0,16,3,3,13,24.0,12.0,0,0,1,0,0,0,2015.03.11_04:00:00_TAI,2015.03.11_04:24:00_TAI,,,,Seed-based provisional control: no seeded M+ in future 3-6h and no seeded M+ in previous 3h.
SHRGT45_全信息基准版_20260727,ALL_SAMPLE_SUPPLEMENT,NOAA12297_X2.1_20150311,X2.1,2015-03-11T16:11:00Z,12297,NEEDS_CLARIFICATION_OFFICIAL_GOES_JWFD_SNAPSHOT,MATCHES_EVENT_NOAA_AR,5298,12297,2015.03.11_04:36:00_TAI,2015-03-11T04:35:25Z,11.593056,41.422,,,,,0.08701071,2.454446e+22,0x00000000,ZERO_QUALITY,,LON_FWT=-26.397;LAT_FWT=-17.295,NEGATIVE_CANDIDATE,PROVISIONAL_CONTROL_PENDING_FULL_MPLUS_CATALOG_AUDIT,JSOC definitive hmi.sharp_cea_720s keyword query; raw JSON copied from 20260723 cache unless --fetch used,1,1,1,0,0,16,4,4,12,36.0,12.0,0,0,1,0,0,0,2015.03.11_04:00:00_TAI,2015.03.11_04:36:00_TAI,,,,Seed-based provisional control: no seeded M+ in future 3-6h and no seeded M+ in previous 3h.
SHRGT45_全信息基准版_20260727,ALL_SAMPLE_SUPPLEMENT,NOAA12297_X2.1_20150311,X2.1,2015-03-11T16:11:00Z,12297,NEEDS_CLARIFICATION_OFFICIAL_GOES_JWFD_SNAPSHOT,MATCHES_EVENT_NOAA_AR,5298,12297,2015.03.11_04:48:00_TAI,2015-03-11T04:47:25Z,11.393056,41.421,,,,,0.0870783,2.465016e+22,0x00000000,ZERO_QUALITY,,LON_FWT=-26.276;LAT_FWT=-17.299,NEGATIVE_CANDIDATE,PROVISIONAL_CONTROL_PENDING_FULL_MPLUS_CATALOG_AUDIT,JSOC definitive hmi.sharp_cea_720s keyword query; raw JSON copied from 20260723 cache unless --fetch used,1,1,1,0,0,16,5,5,11,48.0,12.0,0,0,1,0,0,0,2015.03.11_04:00:00_TAI,2015.03.11_04:48:00_TAI,,,,Seed-based provisional control: no seeded M+ in future 3-6h and no seeded M+ in previous 3h.
SHRGT45_全信息基准版_20260727,ALL_SAMPLE_SUPPLEMENT,NOAA12297_X2.1_20150311,X2.1,2015-03-11T16:11:00Z,12297,NEEDS_CLARIFICATION_OFFICIAL_GOES_JWFD_SNAPSHOT,MATCHES_EVENT_NOAA_AR,5298,12297,2015.03.11_05:00:00_TAI,2015-03-11T04:59:25Z,11.193056,41.356,,,,,0.088089,2.465935e+22,0x00000000,ZERO_QUALITY,,LON_FWT=-26.164;LAT_FWT=-17.307,NEGATIVE_CANDIDATE,PROVISIONAL_CONTROL_PENDING_FULL_MPLUS_CATALOG_AUDIT,JSOC definitive hmi.sharp_cea_720s keyword query; raw JSON copied from 20260723 cache unless --fetch used,1,1,1,0,0,16,6,6,10,60.0,12.0,0,0,1,0,0,0,2015.03.11_04:00:00_TAI,2015.03.11_05:00:00_TAI,,,,Seed-based provisional control: no seeded M+ in future 3-6h and no seeded M+ in previous 3h.
SHRGT45_全信息基准版_20260727,ALL_SAMPLE_SUPPLEMENT,NOAA12297_X2.1_20150311,X2.1,2015-03-11T16:11:00Z,12297,NEEDS_CLARIFICATION_OFFICIAL_GOES_JWFD_SNAPSHOT,MATCHES_EVENT_NOAA_AR,5298,12297,2015.03.11_05:12:00_TAI,2015-03-11T05:11:25Z,10.993056,41.795,,,,,0.08754374,2.478893e+22,0x00000000,ZERO_QUALITY,,LON_FWT=-26.050;LAT_FWT=-17.301,NEGATIVE_CANDIDATE,PROVISIONAL_CONTROL_PENDING_FULL_MPLUS_CATALOG_AUDIT,JSOC definitive hmi.sharp_cea_720s keyword query; raw JSON copied from 20260723 cache unless --fetch used,1,1,1,0,0,16,7,7,9,72.0,12.0,0,0,1,0,0,0,2015.03.11_04:00:00_TAI,2015.03.11_05:12:00_TAI,,,,Seed-based provisional control: no seeded M+ in future 3-6h and no seeded M+ in previous 3h.
SHRGT45_全信息基准版_20260727,ALL_SAMPLE_SUPPLEMENT,NOAA12297_X2.1_20150311,X2.1,2015-03-11T16:11:00Z,12297,NEEDS_CLARIFICATION_OFFICIAL_GOES_JWFD_SNAPSHOT,MATCHES_EVENT_NOAA_AR,5298,12297,2015.03.11_05:24:00_TAI,2015-03-11T05:23:25Z,10.793056,41.856,,,,,0.08755761,2.482393e+22,0x00000000,ZERO_QUALITY,,LON_FWT=-25.929;LAT_FWT=-17.302,NEGATIVE_CANDIDATE,PROVISIONAL_CONTROL_PENDING_FULL_MPLUS_CATALOG_AUDIT,JSOC definitive hmi.sharp_cea_720s keyword query; raw JSON copied from 20260723 cache unless --fetch used,1,1,1,0,0,16,8,8,8,84.0,12.0,0,0,1,0,0,0,2015.03.11_04:00:00_TAI,2015.03.11_05:24:00_TAI,,,,Seed-based provisional control: no seeded M+ in future 3-6h and no seeded M+ in previous 3h.
SHRGT45_全信息基准版_20260727,ALL_SAMPLE_SUPPLEMENT,NOAA12297_X2.1_20150311,X2.1,2015-03-11T16:11:00Z,12297,NEEDS_CLARIFICATION_OFFICIAL_GOES_JWFD_SNAPSHOT,MATCHES_EVENT_NOAA_AR,5298,12297,2015.03.11_05:36:00_TAI,2015-03-11T05:35:25Z,10.593056,42.09,,,,,0.08621594,2.489395e+22,0x00000000,ZERO_QUALITY,,LON_FWT=-25.820;LAT_FWT=-17.302,NEGATIVE_CANDIDATE,PROVISIONAL_CONTROL_PENDING_FULL_MPLUS_CATALOG_AUDIT,JSOC definitive hmi.sharp_cea_720s keyword query; raw JSON copied from 20260723 cache unless --fetch used,1,1,1,0,0,16,9,9,7,96.0,12.0,0,0,1,0,0,0,2015.03.11_04:00:00_TAI,2015.03.11_05:36:00_TAI,,,,Seed-based provisional control: no seeded M+ in future 3-6h and no seeded M+ in previous 3h.
SHRGT45_全信息基准版_20260727,ALL_SAMPLE_SUPPLEMENT,NOAA12297_X2.1_20150311,X2.1,2015-03-11T16:11:00Z,12297,NEEDS_CLARIFICATION_OFFICIAL_GOES_JWFD_SNAPSHOT,MATCHES_EVENT_NOAA_AR,5298,12297,2015.03.11_05:48:00_TAI,2015-03-11T05:47:25Z,10.393056,42.0,,,,,0.08583383,2.482855e+22,0x00000000,ZERO_QUALITY,,LON_FWT=-25.712;LAT_FWT=-17.300,NEGATIVE_CANDIDATE,PROVISIONAL_CONTROL_PENDING_FULL_MPLUS_CATALOG_AUDIT,JSOC definitive hmi.sharp_cea_720s keyword query; raw JSON copied from 20260723 cache unless --fetch used,1,1,1,0,0,16,10,10,6,108.0,12.0,0,0,1,0,0,0,2015.03.11_04:00:00_TAI,2015.03.11_05:48:00_TAI,,,,Seed-based provisional control: no seeded M+ in future 3-6h and no seeded M+ in previous 3h.
SHRGT45_全信息基准版_20260727,ALL_SAMPLE_SUPPLEMENT,NOAA12297_X2.1_20150311,X2.1,2015-03-11T16:11:00Z,12297,NEEDS_CLARIFICATION_OFFICIAL_GOES_JWFD_SNAPSHOT,MATCHES_EVENT_NOAA_AR,5298,12297,2015.03.11_06:00:00_TAI,2015-03-11T05:59:25Z,10.193056,41.885,,,,,0.08569951,2.4639e+22,0x00010400,NONZERO_RETAINED_PROVISIONAL,,LON_FWT=-25.600;LAT_FWT=-17.309,NEGATIVE_CANDIDATE,PROVISIONAL_CONTROL_PENDING_FULL_MPLUS_CATALOG_AUDIT,JSOC definitive hmi.sharp_cea_720s keyword query; raw JSON copied from 20260723 cache unless --fetch used,1,1,0,0,1,16,11,11,5,120.0,12.0,0,0,1,0,0,0,2015.03.11_04:00:00_TAI,2015.03.11_06:00:00_TAI,,,,Seed-based provisional control: no seeded M+ in future 3-6h and no seeded M+ in previous 3h.
SHRGT45_全信息基准版_20260727,ALL_SAMPLE_SUPPLEMENT,NOAA12297_X2.1_20150311,X2.1,2015-03-11T16:11:00Z,12297,NEEDS_CLARIFICATION_OFFICIAL_GOES_JWFD_SNAPSHOT,MATCHES_EVENT_NOAA_AR,5298,12297,2015.03.11_06:12:00_TAI,2015-03-11T06:11:25Z,9.993056,42.149,,,,,0.08476691,2.440896e+22,0x00010400,NONZERO_RETAINED_PROVISIONAL,,LON_FWT=-25.500;LAT_FWT=-17.317,NEGATIVE_CANDIDATE,PROVISIONAL_CONTROL_PENDING_FULL_MPLUS_CATALOG_AUDIT,JSOC definitive hmi.sharp_cea_720s keyword query; raw JSON copied from 20260723 cache unless --fetch used,1,1,0,0,1,16,12,12,4,132.0,12.0,0,0,1,0,0,0,2015.03.11_04:00:00_TAI,2015.03.11_06:12:00_TAI,,,,Seed-based provisional control: no seeded M+ in future 3-6h and no seeded M+ in previous 3h.
SHRGT45_全信息基准版_20260727,ALL_SAMPLE_SUPPLEMENT,NOAA12297_X2.1_20150311,X2.1,2015-03-11T16:11:00Z,12297,NEEDS_CLARIFICATION_OFFICIAL_GOES_JWFD_SNAPSHOT,MATCHES_EVENT_NOAA_AR,5298,12297,2015.03.11_09:12:00_TAI,2015-03-11T09:11:25Z,6.993056,42.802,,,,,0.08476347,2.413145e+22,0x00000400,NONZERO_RETAINED_PROVISIONAL,,LON_FWT=-23.897;LAT_FWT=-17.363,NEGATIVE_CANDIDATE,PROVISIONAL_CONTROL_PENDING_FULL_MPLUS_CATALOG_AUDIT,JSOC definitive hmi.sharp_cea_720s keyword query; raw JSON copied from 20260723 cache unless --fetch used,1,1,0,0,1,16,2,2,14,180.0,180.0,0,0,1,0,0,0,2015.03.11_06:12:00_TAI,2015.03.11_09:12:00_TAI,,,,Seed-based provisional control: no seeded M+ in future 3-6h and no seeded M+ in previous 3h.
SHRGT45_全信息基准版_20260727,ALL_SAMPLE_SUPPLEMENT,NOAA12297_X2.1_20150311,X2.1,2015-03-11T16:11:00Z,12297,NEEDS_CLARIFICATION_OFFICIAL_GOES_JWFD_SNAPSHOT,MATCHES_EVENT_NOAA_AR,5298,12297,2015.03.11_09:24:00_TAI,2015-03-11T09:23:25Z,6.793056,42.901,,,,,0.08551638,2.420588e+22,0x00000000,ZERO_QUALITY,,LON_FWT=-23.778;LAT_FWT=-17.363,NEGATIVE_CANDIDATE,PROVISIONAL_CONTROL_PENDING_FULL_MPLUS_CATALOG_AUDIT,JSOC definitive hmi.sharp_cea_720s keyword query; raw JSON copied from 20260723 cache unless --fetch used,1,1,1,0,0,16,2,2,14,12.0,12.0,0,0,1,0,0,0,2015.03.11_09:12:00_TAI,2015.03.11_09:24:00_TAI,,,,Seed-based provisional control: no seeded M+ in future 3-6h and no seeded M+ in previous 3h.
SHRGT45_全信息基准版_20260727,ALL_SAMPLE_SUPPLEMENT,NOAA12297_X2.1_20150311,X2.1,2015-03-11T16:11:00Z,12297,NEEDS_CLARIFICATION_OFFICIAL_GOES_JWFD_SNAPSHOT,MATCHES_EVENT_NOAA_AR,5298,12297,2015.03.11_09:36:00_TAI,2015-03-11T09:35:25Z,6.593056,43.293,,,,,0.08348072,2.427025e+22,0x00010400,NONZERO_RETAINED_PROVISIONAL,,LON_FWT=-23.668;LAT_FWT=-17.362,NEGATIVE_CANDIDATE,PROVISIONAL_CONTROL_PENDING_FULL_MPLUS_CATALOG_AUDIT,JSOC definitive hmi.sharp_cea_720s keyword query; raw JSON copied from 20260723 cache unless --fetch used,1,1,0,0,1,16,3,3,13,24.0,12.0,0,0,1,0,0,0,2015.03.11_09:12:00_TAI,2015.03.11_09:36:00_TAI,,,,Seed-based provisional control: no seeded M+ in future 3-6h and no seeded M+ in previous 3h.
SHRGT45_全信息基准版_20260727,ALL_SAMPLE_SUPPLEMENT,NOAA12297_X2.1_20150311,X2.1,2015-03-11T16:11:00Z,12297,NEEDS_CLARIFICATION_OFFICIAL_GOES_JWFD_SNAPSHOT,MATCHES_EVENT_NOAA_AR,5298,12297,2015.03.11_10:00:00_TAI,2015-03-11T09:59:25Z,6.193056,43.347,,,,,0.08512913,2.442351e+22,0x00000000,ZERO_QUALITY,,LON_FWT=-23.447;LAT_FWT=-17.373,NEGATIVE_CANDIDATE,PROVISIONAL_CONTROL_PENDING_FULL_MPLUS_CATALOG_AUDIT,JSOC definitive hmi.sharp_cea_720s keyword query; raw JSON copied from 20260723 cache unless --fetch used,1,1,1,0,0,16,4,4,12,48.0,24.0,0,0,1,0,0,0,2015.03.11_09:12:00_TAI,2015.03.11_10:00:00_TAI,,,,Seed-based provisional control: no seeded M+ in future 3-6h and no seeded M+ in previous 3h.
SHRGT45_全信息基准版_20260727,ALL_SAMPLE_SUPPLEMENT,NOAA12297_X2.1_20150311,X2.1,2015-03-11T16:11:00Z,12297,NEEDS_CLARIFICATION_OFFICIAL_GOES_JWFD_SNAPSHOT,MATCHES_EVENT_NOAA_AR,5298,12297,2015.03.11_10:12:00_TAI,2015-03-11T10:11:25Z,5.993056,43.375,,,,,0.08449885,2.434488e+22,0x00000000,ZERO_QUALITY,,LON_FWT=-23.336;LAT_FWT=-17.373,POSITIVE_CANDIDATE,,JSOC definitive hmi.sharp_cea_720s keyword query; raw JSON copied from 20260723 cache unless --fetch used,1,1,1,0,0,16,5,5,11,60.0,24.0,0,0,1,0,0,0,2015.03.11_09:12:00_TAI,2015.03.11_10:12:00_TAI,,,,Future 3-6h contains the seeded M+ GOES-onset event.
SHRGT45_全信息基准版_20260727,ALL_SAMPLE_SUPPLEMENT,NOAA12297_X2.1_20150311,X2.1,2015-03-11T16:11:00Z,12297,NEEDS_CLARIFICATION_OFFICIAL_GOES_JWFD_SNAPSHOT,MATCHES_EVENT_NOAA_AR,5298,12297,2015.03.11_10:24:00_TAI,2015-03-11T10:23:25Z,5.793056,43.173,,,,,0.08558397,2.430379e+22,0x00000000,ZERO_QUALITY,,LON_FWT=-23.226;LAT_FWT=-17.373,POSITIVE_CANDIDATE,,JSOC definitive hmi.sharp_cea_720s keyword query; raw JSON copied from 20260723 cache unless --fetch used,1,1,1,0,0,16,6,6,10,72.0,24.0,0,0,1,0,0,0,2015.03.11_09:12:00_TAI,2015.03.11_10:24:00_TAI,,,,Future 3-6h contains the seeded M+ GOES-onset event.
SHRGT45_全信息基准版_20260727,ALL_SAMPLE_SUPPLEMENT,NOAA12297_X2.1_20150311,X2.1,2015-03-11T16:11:00Z,12297,NEEDS_CLARIFICATION_OFFICIAL_GOES_JWFD_SNAPSHOT,MATCHES_EVENT_NOAA_AR,5298,12297,2015.03.11_10:36:00_TAI,2015-03-11T10:35:25Z,5.593056,43.346,,,,,0.08513355,2.417224e+22,0x00000000,ZERO_QUALITY,,LON_FWT=-23.102;LAT_FWT=-17.371,POSITIVE_CANDIDATE,,JSOC definitive hmi.sharp_cea_720s keyword query; raw JSON copied from 20260723 cache unless --fetch used,1,1,1,0,0,16,7,7,9,84.0,24.0,0,0,1,0,0,0,2015.03.11_09:12:00_TAI,2015.03.11_10:36:00_TAI,,,,Future 3-6h contains the seeded M+ GOES-onset event.
SHRGT45_全信息基准版_20260727,ALL_SAMPLE_SUPPLEMENT,NOAA12297_X2.1_20150311,X2.1,2015-03-11T16:11:00Z,12297,NEEDS_CLARIFICATION_OFFICIAL_GOES_JWFD_SNAPSHOT,MATCHES_EVENT_NOAA_AR,5298,12297,2015.03.11_10:48:00_TAI,2015-03-11T10:47:25Z,5.393056,43.112,,,,,0.08717968,2.419447e+22,0x00000000,ZERO_QUALITY,,LON_FWT=-22.983;LAT_FWT=-17.377,POSITIVE_CANDIDATE,,JSOC definitive hmi.sharp_cea_720s keyword query; raw JSON copied from 20260723 cache unless --fetch used,1,1,1,0,0,16,8,8,8,96.0,24.0,0,0,1,0,0,0,2015.03.11_09:12:00_TAI,2015.03.11_10:48:00_TAI,,,,Future 3-6h contains the seeded M+ GOES-onset event.
SHRGT45_全信息基准版_20260727,ALL_SAMPLE_SUPPLEMENT,NOAA12297_X2.1_20150311,X2.1,2015-03-11T16:11:00Z,12297,NEEDS_CLARIFICATION_OFFICIAL_GOES_JWFD_SNAPSHOT,MATCHES_EVENT_NOAA_AR,5298,12297,2015.03.11_11:00:00_TAI,2015-03-11T10:59:25Z,5.193056,43.25,,,,,0.0860978,2.411163e+22,0x00000000,ZERO_QUALITY,,LON_FWT=-22.873;LAT_FWT=-17.378,POSITIVE_CANDIDATE,,JSOC definitive hmi.sharp_cea_720s keyword query; raw JSON copied from 20260723 cache unless --fetch used,1,1,1,0,0,16,9,9,7,108.0,24.0,0,0,1,0,0,0,2015.03.11_09:12:00_TAI,2015.03.11_11:00:00_TAI,,,,Future 3-6h contains the seeded M+ GOES-onset event.
SHRGT45_全信息基准版_20260727,ALL_SAMPLE_SUPPLEMENT,NOAA12297_X2.1_20150311,X2.1,2015-03-11T16:11:00Z,12297,NEEDS_CLARIFICATION_OFFICIAL_GOES_JWFD_SNAPSHOT,MATCHES_EVENT_NOAA_AR,5298,12297,2015.03.11_11:12:00_TAI,2015-03-11T11:11:25Z,4.993056,42.867,,,,,0.08570755,2.397366e+22,0x00000000,ZERO_QUALITY,,LON_FWT=-22.762;LAT_FWT=-17.377,POSITIVE_CANDIDATE,,JSOC definitive hmi.sharp_cea_720s keyword query; raw JSON copied from 20260723 cache unless --fetch used,1,1,1,0,0,16,10,10,6,120.0,24.0,0,0,1,0,0,0,2015.03.11_09:12:00_TAI,2015.03.11_11:12:00_TAI,,,,Future 3-6h contains the seeded M+ GOES-onset event.
SHRGT45_全信息基准版_20260727,ALL_SAMPLE_SUPPLEMENT,NOAA12297_X2.1_20150311,X2.1,2015-03-11T16:11:00Z,12297,NEEDS_CLARIFICATION_OFFICIAL_GOES_JWFD_SNAPSHOT,MATCHES_EVENT_NOAA_AR,5298,12297,2015.03.11_11:24:00_TAI,2015-03-11T11:23:25Z,4.793056,43.075,,,,,0.08591764,2.373662e+22,0x00000000,ZERO_QUALITY,,LON_FWT=-22.657;LAT_FWT=-17.374,POSITIVE_CANDIDATE,,JSOC definitive hmi.sharp_cea_720s keyword query; raw JSON copied from 20260723 cache unless --fetch used,1,1,1,0,0,16,11,11,5,132.0,24.0,0,0,1,0,0,0,2015.03.11_09:12:00_TAI,2015.03.11_11:24:00_TAI,,,,Future 3-6h contains the seeded M+ GOES-onset event.
SHRGT45_全信息基准版_20260727,ALL_SAMPLE_SUPPLEMENT,NOAA12297_X2.1_20150311,X2.1,2015-03-11T16:11:00Z,12297,NEEDS_CLARIFICATION_OFFICIAL_GOES_JWFD_SNAPSHOT,MATCHES_EVENT_NOAA_AR,5298,12297,2015.03.11_11:36:00_TAI,2015-03-11T11:35:25Z,4.593056,43.288,,,,,0.08653039,2.371116e+22,0x00000000,ZERO_QUALITY,,LON_FWT=-22.544;LAT_FWT=-17.371,POSITIVE_CANDIDATE,,JSOC definitive hmi.sharp_cea_720s keyword query; raw JSON copied from 20260723 cache unless --fetch used,1,1,1,0,0,16,12,12,4,144.0,24.0,0,0,1,0,0,0,2015.03.11_09:12:00_TAI,2015.03.11_11:36:00_TAI,,,,Future 3-6h contains the seeded M+ GOES-onset event.
SHRGT45_全信息基准版_20260727,ALL_SAMPLE_SUPPLEMENT,NOAA12297_X2.1_20150311,X2.1,2015-03-11T16:11:00Z,12297,NEEDS_CLARIFICATION_OFFICIAL_GOES_JWFD_SNAPSHOT,MATCHES_EVENT_NOAA_AR,5298,12297,2015.03.11_11:48:00_TAI,2015-03-11T11:47:25Z,4.393056,43.291,,,,,0.08805357,2.371727e+22,0x00000000,ZERO_QUALITY,,LON_FWT=-22.431;LAT_FWT=-17.369,POSITIVE_CANDIDATE,,JSOC definitive hmi.sharp_cea_720s keyword query; raw JSON copied from 20260723 cache unless --fetch used,1,1,1,0,0,16,13,13,3,156.0,24.0,0,0,1,0,0,0,2015.03.11_09:12:00_TAI,2015.03.11_11:48:00_TAI,,,,Future 3-6h contains the seeded M+ GOES-onset event.
SHRGT45_全信息基准版_20260727,ALL_SAMPLE_SUPPLEMENT,NOAA12297_X2.1_20150311,X2.1,2015-03-11T16:11:00Z,12297,NEEDS_CLARIFICATION_OFFICIAL_GOES_JWFD_SNAPSHOT,MATCHES_EVENT_NOAA_AR,5298,12297,2015.03.11_12:00:00_TAI,2015-03-11T11:59:25Z,4.193056,43.671,0.116976,0.869,,,0.08754497,2.369965e+22,0x00000000,ZERO_QUALITY,,LON_FWT=-22.326;LAT_FWT=-17.365,POSITIVE_CANDIDATE,,JSOC definitive hmi.sharp_cea_720s keyword query; raw JSON copied from 20260723 cache unless --fetch used,1,1,1,0,0,16,14,14,2,168.0,24.0,1,0,1,0,1,0,2015.03.11_09:12:00_TAI,2015.03.11_12:00:00_TAI,,,,Future 3-6h contains the seeded M+ GOES-onset event.
SHRGT45_全信息基准版_20260727,ALL_SAMPLE_SUPPLEMENT,NOAA12297_X2.1_20150311,X2.1,2015-03-11T16:11:00Z,12297,NEEDS_CLARIFICATION_OFFICIAL_GOES_JWFD_SNAPSHOT,MATCHES_EVENT_NOAA_AR,5298,12297,2015.03.11_12:12:00_TAI,2015-03-11T12:11:25Z,3.993056,44.181,0.20756,1.379,,,0.08871289,2.371542e+22,0x00000000,ZERO_QUALITY,,LON_FWT=-22.216;LAT_FWT=-17.361,POSITIVE_CANDIDATE,,JSOC definitive hmi.sharp_cea_720s keyword query; raw JSON copied from 20260723 cache unless --fetch used,1,1,1,0,0,16,15,15,1,180.0,24.0,1,0,1,0,1,0,2015.03.11_09:12:00_TAI,2015.03.11_12:12:00_TAI,,,,Future 3-6h contains the seeded M+ GOES-onset event.
SHRGT45_全信息基准版_20260727,ALL_SAMPLE_SUPPLEMENT,NOAA12297_X2.1_20150311,X2.1,2015-03-11T16:11:00Z,12297,NEEDS_CLARIFICATION_OFFICIAL_GOES_JWFD_SNAPSHOT,MATCHES_EVENT_NOAA_AR,5298,12297,2015.03.11_12:24:00_TAI,2015-03-11T12:23:25Z,3.793056,43.912,0.223093,1.011,,,0.08941413,2.372628e+22,0x00000000,ZERO_QUALITY,,LON_FWT=-22.104;LAT_FWT=-17.356,POSITIVE_CANDIDATE,,JSOC definitive hmi.sharp_cea_720s keyword query; raw JSON copied from 20260723 cache unless --fetch used,1,1,1,0,0,16,15,15,1,180.0,24.0,1,0,1,0,1,0,2015.03.11_09:24:00_TAI,2015.03.11_12:24:00_TAI,,,,Future 3-6h contains the seeded M+ GOES-onset event.
SHRGT45_全信息基准版_20260727,ALL_SAMPLE_SUPPLEMENT,NOAA12297_X2.1_20150311,X2.1,2015-03-11T16:11:00Z,12297,NEEDS_CLARIFICATION_OFFICIAL_GOES_JWFD_SNAPSHOT,MATCHES_EVENT_NOAA_AR,5298,12297,2015.03.11_12:36:00_TAI,2015-03-11T12:35:25Z,3.593056,43.675,0.206748,0.382,,,0.09027524,2.3767e+22,0x00000000,ZERO_QUALITY,,LON_FWT=-22.002;LAT_FWT=-17.351,POSITIVE_CANDIDATE,,JSOC definitive hmi.sharp_cea_720s keyword query; raw JSON copied from 20260723 cache unless --fetch used,1,1,1,0,0,16,15,15,1,180.0,24.0,1,0,1,0,1,0,2015.03.11_09:36:00_TAI,2015.03.11_12:36:00_TAI,,,,Future 3-6h contains the seeded M+ GOES-onset event.
SHRGT45_全信息基准版_20260727,ALL_SAMPLE_SUPPLEMENT,NOAA12297_X2.1_20150311,X2.1,2015-03-11T16:11:00Z,12297,NEEDS_CLARIFICATION_OFFICIAL_GOES_JWFD_SNAPSHOT,MATCHES_EVENT_NOAA_AR,5298,12297,2015.03.11_12:48:00_TAI,2015-03-11T12:47:25Z,3.393056,44.079,0.288196,0.732,,,0.08939618,2.367261e+22,0x00000000,ZERO_QUALITY,,LON_FWT=-21.897;LAT_FWT=-17.361,POSITIVE_CANDIDATE,,JSOC definitive hmi.sharp_cea_720s keyword query; raw JSON copied from 20260723 cache unless --fetch used,1,1,1,0,0,16,15,15,1,168.0,12.0,1,0,1,0,1,0,2015.03.11_10:00:00_TAI,2015.03.11_12:48:00_TAI,,,,Future 3-6h contains the seeded M+ GOES-onset event.
SHRGT45_全信息基准版_20260727,ALL_SAMPLE_SUPPLEMENT,NOAA12297_X2.1_20150311,X2.1,2015-03-11T16:11:00Z,12297,NEEDS_CLARIFICATION_OFFICIAL_GOES_JWFD_SNAPSHOT,MATCHES_EVENT_NOAA_AR,5298,12297,2015.03.11_13:00:00_TAI,2015-03-11T12:59:25Z,3.193056,43.8,0.276735,0.453,0.276735,0.453,0.08844407,2.377032e+22,0x00000000,ZERO_QUALITY,,LON_FWT=-21.777;LAT_FWT=-17.352,POSITIVE_CANDIDATE,,JSOC definitive hmi.sharp_cea_720s keyword query; raw JSON copied from 20260723 cache unless --fetch used,1,1,1,0,0,16,16,16,0,180.0,12.0,1,1,1,0,1,1,2015.03.11_10:00:00_TAI,2015.03.11_13:00:00_TAI,,,,Future 3-6h contains the seeded M+ GOES-onset event.
SHRGT45_全信息基准版_20260727,ALL_SAMPLE_SUPPLEMENT,NOAA12297_X2.1_20150311,X2.1,2015-03-11T16:11:00Z,12297,NEEDS_CLARIFICATION_OFFICIAL_GOES_JWFD_SNAPSHOT,MATCHES_EVENT_NOAA_AR,5298,12297,2015.03.11_13:12:00_TAI,2015-03-11T13:11:25Z,2.993056,44.207,0.343794,0.832,0.343794,0.832,0.08877533,2.370203e+22,0x00000000,ZERO_QUALITY,,LON_FWT=-21.661;LAT_FWT=-17.348,BUFFER_OR_EXCLUDE,,JSOC definitive hmi.sharp_cea_720s keyword query; raw JSON copied from 20260723 cache unless --fetch used,1,1,1,0,0,16,16,16,0,180.0,12.0,1,1,1,1,0,0,2015.03.11_10:12:00_TAI,2015.03.11_13:12:00_TAI,,,,Future 0-3h contains M+; excluded from 3-6h main analysis.
SHRGT45_全信息基准版_20260727,ALL_SAMPLE_SUPPLEMENT,NOAA12297_X2.1_20150311,X2.1,2015-03-11T16:11:00Z,12297,NEEDS_CLARIFICATION_OFFICIAL_GOES_JWFD_SNAPSHOT,MATCHES_EVENT_NOAA_AR,5298,12297,2015.03.11_13:24:00_TAI,2015-03-11T13:23:25Z,2.793056,44.575,0.442294,1.402,0.442294,1.402,0.08838218,2.372955e+22,0x00000000,ZERO_QUALITY,,LON_FWT=-21.545;LAT_FWT=-17.340,BUFFER_OR_EXCLUDE,,JSOC definitive hmi.sharp_cea_720s keyword query; raw JSON copied from 20260723 cache unless --fetch used,1,1,1,0,0,16,16,16,0,180.0,12.0,1,1,1,1,0,0,2015.03.11_10:24:00_TAI,2015.03.11_13:24:00_TAI,,,,Future 0-3h contains M+; excluded from 3-6h main analysis.
SHRGT45_全信息基准版_20260727,ALL_SAMPLE_SUPPLEMENT,NOAA12297_X2.1_20150311,X2.1,2015-03-11T16:11:00Z,12297,NEEDS_CLARIFICATION_OFFICIAL_GOES_JWFD_SNAPSHOT,MATCHES_EVENT_NOAA_AR,5298,12297,2015.03.11_13:36:00_TAI,2015-03-11T13:35:25Z,2.593056,44.503,0.489956,1.157,0.489956,1.157,0.08764392,2.392052e+22,0x00000000,ZERO_QUALITY,,LON_FWT=-21.427;LAT_FWT=-17.330,BUFFER_OR_EXCLUDE,,JSOC definitive hmi.sharp_cea_720s keyword query; raw JSON copied from 20260723 cache unless --fetch used,1,1,1,0,0,16,16,16,0,180.0,12.0,1,1,1,1,0,0,2015.03.11_10:36:00_TAI,2015.03.11_13:36:00_TAI,,,,Future 0-3h contains M+; excluded from 3-6h main analysis.
SHRGT45_全信息基准版_20260727,ALL_SAMPLE_SUPPLEMENT,NOAA12297_X2.1_20150311,X2.1,2015-03-11T16:11:00Z,12297,NEEDS_CLARIFICATION_OFFICIAL_GOES_JWFD_SNAPSHOT,MATCHES_EVENT_NOAA_AR,5298,12297,2015.03.11_13:48:00_TAI,2015-03-11T13:47:25Z,2.393056,44.63,0.553691,1.518,0.553691,1.518,0.08979587,2.396915e+22,0x00000000,ZERO_QUALITY,,LON_FWT=-21.324;LAT_FWT=-17.332,BUFFER_OR_EXCLUDE,,JSOC definitive hmi.sharp_cea_720s keyword query; raw JSON copied from 20260723 cache unless --fetch used,1,1,1,0,0,16,16,16,0,180.0,12.0,1,1,1,1,0,0,2015.03.11_10:48:00_TAI,2015.03.11_13:48:00_TAI,,,,Future 0-3h contains M+; excluded from 3-6h main analysis.
SHRGT45_全信息基准版_20260727,ALL_SAMPLE_SUPPLEMENT,NOAA12297_X2.1_20150311,X2.1,2015-03-11T16:11:00Z,12297,NEEDS_CLARIFICATION_OFFICIAL_GOES_JWFD_SNAPSHOT,MATCHES_EVENT_NOAA_AR,5298,12297,2015.03.11_14:00:00_TAI,2015-03-11T13:59:25Z,2.193056,44.19,0.520765,0.94,0.520765,0.94,0.08951437,2.396394e+22,0x00000000,ZERO_QUALITY,,LON_FWT=-21.211;LAT_FWT=-17.330,BUFFER_OR_EXCLUDE,,JSOC definitive hmi.sharp_cea_720s keyword query; raw JSON copied from 20260723 cache unless --fetch used,1,1,1,0,0,16,16,16,0,180.0,12.0,1,1,1,1,0,0,2015.03.11_11:00:00_TAI,2015.03.11_14:00:00_TAI,,,,Future 0-3h contains M+; excluded from 3-6h main analysis.
SHRGT45_全信息基准版_20260727,ALL_SAMPLE_SUPPLEMENT,NOAA12297_X2.1_20150311,X2.1,2015-03-11T16:11:00Z,12297,NEEDS_CLARIFICATION_OFFICIAL_GOES_JWFD_SNAPSHOT,MATCHES_EVENT_NOAA_AR,5298,12297,2015.03.11_14:12:00_TAI,2015-03-11T14:11:25Z,1.993056,44.186,0.488794,1.319,0.488794,1.319,0.0895184,2.41822e+22,0x00000000,ZERO_QUALITY,,LON_FWT=-21.103;LAT_FWT=-17.326,BUFFER_OR_EXCLUDE,,JSOC definitive hmi.sharp_cea_720s keyword query; raw JSON copied from 20260723 cache unless --fetch used,1,1,1,0,0,16,16,16,0,180.0,12.0,1,1,1,1,0,0,2015.03.11_11:12:00_TAI,2015.03.11_14:12:00_TAI,,,,Future 0-3h contains M+; excluded from 3-6h main analysis.
SHRGT45_全信息基准版_20260727,ALL_SAMPLE_SUPPLEMENT,NOAA12297_X2.1_20150311,X2.1,2015-03-11T16:11:00Z,12297,NEEDS_CLARIFICATION_OFFICIAL_GOES_JWFD_SNAPSHOT,MATCHES_EVENT_NOAA_AR,5298,12297,2015.03.11_14:24:00_TAI,2015-03-11T14:23:25Z,1.793056,44.427,0.421765,1.352,0.421765,1.352,0.0890651,2.418345e+22,0x00000000,ZERO_QUALITY,,LON_FWT=-20.989;LAT_FWT=-17.321,BUFFER_OR_EXCLUDE,,JSOC definitive hmi.sharp_cea_720s keyword query; raw JSON copied from 20260723 cache unless --fetch used,1,1,1,0,0,16,16,16,0,180.0,12.0,1,1,1,1,0,0,2015.03.11_11:24:00_TAI,2015.03.11_14:24:00_TAI,,,,Future 0-3h contains M+; excluded from 3-6h main analysis.
SHRGT45_全信息基准版_20260727,ALL_SAMPLE_SUPPLEMENT,NOAA12297_X2.1_20150311,X2.1,2015-03-11T16:11:00Z,12297,NEEDS_CLARIFICATION_OFFICIAL_GOES_JWFD_SNAPSHOT,MATCHES_EVENT_NOAA_AR,5298,12297,2015.03.11_14:36:00_TAI,2015-03-11T14:35:25Z,1.593056,44.339,0.348088,1.051,0.348088,1.051,0.08845686,2.443458e+22,0x00000000,ZERO_QUALITY,,LON_FWT=-20.874;LAT_FWT=-17.309,BUFFER_OR_EXCLUDE,,JSOC definitive hmi.sharp_cea_720s keyword query; raw JSON copied from 20260723 cache unless --fetch used,1,1,1,0,0,16,16,16,0,180.0,12.0,1,1,1,1,0,0,2015.03.11_11:36:00_TAI,2015.03.11_14:36:00_TAI,,,,Future 0-3h contains M+; excluded from 3-6h main analysis.
SHRGT45_全信息基准版_20260727,ALL_SAMPLE_SUPPLEMENT,NOAA12297_X2.1_20150311,X2.1,2015-03-11T16:11:00Z,12297,NEEDS_CLARIFICATION_OFFICIAL_GOES_JWFD_SNAPSHOT,MATCHES_EVENT_NOAA_AR,5298,12297,2015.03.11_14:48:00_TAI,2015-03-11T14:47:25Z,1.393056,43.73,0.215279,0.439,0.215279,0.439,0.08767752,2.484738e+22,0x00000000,ZERO_QUALITY,,LON_FWT=-20.760;LAT_FWT=-17.302,BUFFER_OR_EXCLUDE,,JSOC definitive hmi.sharp_cea_720s keyword query; raw JSON copied from 20260723 cache unless --fetch used,1,1,1,0,0,16,16,16,0,180.0,12.0,1,1,1,1,0,0,2015.03.11_11:48:00_TAI,2015.03.11_14:48:00_TAI,,,,Future 0-3h contains M+; excluded from 3-6h main analysis.
SHRGT45_全信息基准版_20260727,ALL_SAMPLE_SUPPLEMENT,NOAA12297_X2.1_20150311,X2.1,2015-03-11T16:11:00Z,12297,NEEDS_CLARIFICATION_OFFICIAL_GOES_JWFD_SNAPSHOT,MATCHES_EVENT_NOAA_AR,5298,12297,2015.03.11_15:00:00_TAI,2015-03-11T14:59:25Z,1.193056,43.873,0.092118,0.202,0.092118,0.202,0.08700132,2.499142e+22,0x00000000,ZERO_QUALITY,,LON_FWT=-20.653;LAT_FWT=-17.303,BUFFER_OR_EXCLUDE,,JSOC definitive hmi.sharp_cea_720s keyword query; raw JSON copied from 20260723 cache unless --fetch used,1,1,1,0,0,16,16,16,0,180.0,12.0,1,1,1,1,0,0,2015.03.11_12:00:00_TAI,2015.03.11_15:00:00_TAI,,,,Future 0-3h contains M+; excluded from 3-6h main analysis.
SHRGT45_全信息基准版_20260727,ALL_SAMPLE_SUPPLEMENT,NOAA12297_X2.1_20150311,X2.1,2015-03-11T16:11:00Z,12297,NEEDS_CLARIFICATION_OFFICIAL_GOES_JWFD_SNAPSHOT,MATCHES_EVENT_NOAA_AR,5298,12297,2015.03.11_15:12:00_TAI,2015-03-11T15:11:25Z,0.993056,44.128,0.036022,-0.053,0.036022,-0.053,0.08826417,2.519682e+22,0x00000000,ZERO_QUALITY,,LON_FWT=-20.538;LAT_FWT=-17.294,BUFFER_OR_EXCLUDE,,JSOC definitive hmi.sharp_cea_720s keyword query; raw JSON copied from 20260723 cache unless --fetch used,1,1,1,0,0,16,16,16,0,180.0,12.0,1,1,1,1,0,0,2015.03.11_12:12:00_TAI,2015.03.11_15:12:00_TAI,,,,Future 0-3h contains M+; excluded from 3-6h main analysis.
SHRGT45_全信息基准版_20260727,ALL_SAMPLE_SUPPLEMENT,NOAA12297_X2.1_20150311,X2.1,2015-03-11T16:11:00Z,12297,NEEDS_CLARIFICATION_OFFICIAL_GOES_JWFD_SNAPSHOT,MATCHES_EVENT_NOAA_AR,5298,12297,2015.03.11_15:24:00_TAI,2015-03-11T15:23:25Z,0.793056,44.433,0.070596,0.521,0.070596,0.521,0.08719137,2.531061e+22,0x00000000,ZERO_QUALITY,,LON_FWT=-20.426;LAT_FWT=-17.290,BUFFER_OR_EXCLUDE,,JSOC definitive hmi.sharp_cea_720s keyword query; raw JSON copied from 20260723 cache unless --fetch used,1,1,1,0,0,16,16,16,0,180.0,12.0,1,1,1,1,0,0,2015.03.11_12:24:00_TAI,2015.03.11_15:24:00_TAI,,,,Future 0-3h contains M+; excluded from 3-6h main analysis.
SHRGT45_全信息基准版_20260727,ALL_SAMPLE_SUPPLEMENT,NOAA12297_X2.1_20150311,X2.1,2015-03-11T16:11:00Z,12297,NEEDS_CLARIFICATION_OFFICIAL_GOES_JWFD_SNAPSHOT,MATCHES_EVENT_NOAA_AR,5298,12297,2015.03.11_15:36:00_TAI,2015-03-11T15:35:25Z,0.593056,45.169,0.149015,1.494,0.149015,1.494,0.08940678,2.549591e+22,0x00000000,ZERO_QUALITY,,LON_FWT=-20.313;LAT_FWT=-17.282,BUFFER_OR_EXCLUDE,,JSOC definitive hmi.sharp_cea_720s keyword query; raw JSON copied from 20260723 cache unless --fetch used,1,1,1,0,0,16,16,16,0,180.0,12.0,1,1,1,1,0,0,2015.03.11_12:36:00_TAI,2015.03.11_15:36:00_TAI,,,,Future 0-3h contains M+; excluded from 3-6h main analysis.
SHRGT45_全信息基准版_20260727,ALL_SAMPLE_SUPPLEMENT,NOAA12297_X2.1_20150311,X2.1,2015-03-11T16:11:00Z,12297,NEEDS_CLARIFICATION_OFFICIAL_GOES_JWFD_SNAPSHOT,MATCHES_EVENT_NOAA_AR,5298,12297,2015.03.11_15:48:00_TAI,2015-03-11T15:47:25Z,0.393056,45.192,0.18186,1.113,0.18186,1.113,0.08618131,2.547195e+22,0x00000000,ZERO_QUALITY,,LON_FWT=-20.200;LAT_FWT=-17.273,BUFFER_OR_EXCLUDE,,JSOC definitive hmi.sharp_cea_720s keyword query; raw JSON copied from 20260723 cache unless --fetch used,1,1,1,0,0,16,16,16,0,180.0,12.0,1,1,1,1,0,0,2015.03.11_12:48:00_TAI,2015.03.11_15:48:00_TAI,,,,Future 0-3h contains M+; excluded from 3-6h main analysis.
SHRGT45_全信息基准版_20260727,ALL_SAMPLE_SUPPLEMENT,NOAA12192_X1.1_20141019,X1.1,2014-10-19T04:17:00Z,12192,NEEDS_CLARIFICATION_OFFICIAL_GOES_JWFD_SNAPSHOT,MATCHES_EVENT_NOAA_AR,4698,12192,2014.10.18_16:12:00_TAI,2014-10-18T16:11:25Z,12.093056,31.17,,,,,-0.01129298,1.284591e+23,0x00000000,ZERO_QUALITY,,LON_FWT=-63.850;LAT_FWT=-13.195,NEGATIVE_CANDIDATE,PROVISIONAL_CONTROL_PENDING_FULL_MPLUS_CATALOG_AUDIT,JSOC definitive hmi.sharp_cea_720s keyword query; raw JSON copied from 20260723 cache unless --fetch used,1,1,1,0,0,16,1,1,15,0.0,0.0,0,0,0,0,0,0,2014.10.18_16:12:00_TAI,2014.10.18_16:12:00_TAI,,,,Seed-based provisional control: no seeded M+ in future 3-6h and no seeded M+ in previous 3h.
SHRGT45_全信息基准版_20260727,ALL_SAMPLE_SUPPLEMENT,NOAA12192_X1.1_20141019,X1.1,2014-10-19T04:17:00Z,12192,NEEDS_CLARIFICATION_OFFICIAL_GOES_JWFD_SNAPSHOT,MATCHES_EVENT_NOAA_AR,4698,12192,2014.10.18_16:24:00_TAI,2014-10-18T16:23:25Z,11.893056,31.217,,,,,-0.01060238,1.303103e+23,0x00000000,ZERO_QUALITY,,LON_FWT=-63.765;LAT_FWT=-13.186,NEGATIVE_CANDIDATE,PROVISIONAL_CONTROL_PENDING_FULL_MPLUS_CATALOG_AUDIT,JSOC definitive hmi.sharp_cea_720s keyword query; raw JSON copied from 20260723 cache unless --fetch used,1,1,1,0,0,16,2,2,14,12.0,12.0,0,0,0,0,0,0,2014.10.18_16:12:00_TAI,2014.10.18_16:24:00_TAI,,,,Seed-based provisional control: no seeded M+ in future 3-6h and no seeded M+ in previous 3h.
SHRGT45_全信息基准版_20260727,ALL_SAMPLE_SUPPLEMENT,NOAA12192_X1.1_20141019,X1.1,2014-10-19T04:17:00Z,12192,NEEDS_CLARIFICATION_OFFICIAL_GOES_JWFD_SNAPSHOT,MATCHES_EVENT_NOAA_AR,4698,12192,2014.10.18_16:36:00_TAI,2014-10-18T16:35:25Z,11.693056,30.775,,,,,-0.0105305,1.318083e+23,0x00000000,ZERO_QUALITY,,LON_FWT=-63.675;LAT_FWT=-13.187,NEGATIVE_CANDIDATE,PROVISIONAL_CONTROL_PENDING_FULL_MPLUS_CATALOG_AUDIT,JSOC definitive hmi.sharp_cea_720s keyword query; raw JSON copied from 20260723 cache unless --fetch used,1,1,1,0,0,16,3,3,13,24.0,12.0,0,0,0,0,0,0,2014.10.18_16:12:00_TAI,2014.10.18_16:36:00_TAI,,,,Seed-based provisional control: no seeded M+ in future 3-6h and no seeded M+ in previous 3h.
SHRGT45_全信息基准版_20260727,ALL_SAMPLE_SUPPLEMENT,NOAA12192_X1.1_20141019,X1.1,2014-10-19T04:17:00Z,12192,NEEDS_CLARIFICATION_OFFICIAL_GOES_JWFD_SNAPSHOT,MATCHES_EVENT_NOAA_AR,4698,12192,2014.10.18_16:48:00_TAI,2014-10-18T16:47:25Z,11.493056,30.72,,,,,-0.01082893,1.333666e+23,0x00000000,ZERO_QUALITY,,LON_FWT=-63.554;LAT_FWT=-13.191,NEGATIVE_CANDIDATE,PROVISIONAL_CONTROL_PENDING_FULL_MPLUS_CATALOG_AUDIT,JSOC definitive hmi.sharp_cea_720s keyword query; raw JSON copied from 20260723 cache unless --fetch used,1,1,1,0,0,16,4,4,12,36.0,12.0,0,0,0,0,0,0,2014.10.18_16:12:00_TAI,2014.10.18_16:48:00_TAI,,,,Seed-based provisional control: no seeded M+ in future 3-6h and no seeded M+ in previous 3h.
SHRGT45_全信息基准版_20260727,ALL_SAMPLE_SUPPLEMENT,NOAA12192_X1.1_20141019,X1.1,2014-10-19T04:17:00Z,12192,NEEDS_CLARIFICATION_OFFICIAL_GOES_JWFD_SNAPSHOT,MATCHES_EVENT_NOAA_AR,4698,12192,2014.10.18_17:00:00_TAI,2014-10-18T16:59:25Z,11.293056,30.671,,,,,-0.01075583,1.342865e+23,0x00000000,ZERO_QUALITY,,LON_FWT=-63.454;LAT_FWT=-13.195,NEGATIVE_CANDIDATE,PROVISIONAL_CONTROL_PENDING_FULL_MPLUS_CATALOG_AUDIT,JSOC definitive hmi.sharp_cea_720s keyword query; raw JSON copied from 20260723 cache unless --fetch used,1,1,1,0,0,16,5,5,11,48.0,12.0,0,0,0,0,0,0,2014.10.18_16:12:00_TAI,2014.10.18_17:00:00_TAI,,,,Seed-based provisional control: no seeded M+ in future 3-6h and no seeded M+ in previous 3h.
SHRGT45_全信息基准版_20260727,ALL_SAMPLE_SUPPLEMENT,NOAA12192_X1.1_20141019,X1.1,2014-10-19T04:17:00Z,12192,NEEDS_CLARIFICATION_OFFICIAL_GOES_JWFD_SNAPSHOT,MATCHES_EVENT_NOAA_AR,4698,12192,2014.10.18_17:12:00_TAI,2014-10-18T17:11:25Z,11.093056,31.04,,,,,-0.01098597,1.345069e+23,0x00000000,ZERO_QUALITY,,LON_FWT=-63.358;LAT_FWT=-13.182,NEGATIVE_CANDIDATE,PROVISIONAL_CONTROL_PENDING_FULL_MPLUS_CATALOG_AUDIT,JSOC definitive hmi.sharp_cea_720s keyword query; raw JSON copied from 20260723 cache unless --fetch used,1,1,1,0,0,16,6,6,10,60.0,12.0,0,0,0,0,0,0,2014.10.18_16:12:00_TAI,2014.10.18_17:12:00_TAI,,,,Seed-based provisional control: no seeded M+ in future 3-6h and no seeded M+ in previous 3h.
SHRGT45_全信息基准版_20260727,ALL_SAMPLE_SUPPLEMENT,NOAA12192_X1.1_20141019,X1.1,2014-10-19T04:17:00Z,12192,NEEDS_CLARIFICATION_OFFICIAL_GOES_JWFD_SNAPSHOT,MATCHES_EVENT_NOAA_AR,4698,12192,2014.10.18_17:24:00_TAI,2014-10-18T17:23:25Z,10.893056,30.846,,,,,-0.01086794,1.353533e+23,0x00000000,ZERO_QUALITY,,LON_FWT=-63.282;LAT_FWT=-13.173,NEGATIVE_CANDIDATE,PROVISIONAL_CONTROL_PENDING_FULL_MPLUS_CATALOG_AUDIT,JSOC definitive hmi.sharp_cea_720s keyword query; raw JSON copied from 20260723 cache unless --fetch used,1,1,1,0,0,16,7,7,9,72.0,12.0,0,0,0,0,0,0,2014.10.18_16:12:00_TAI,2014.10.18_17:24:00_TAI,,,,Seed-based provisional control: no seeded M+ in future 3-6h and no seeded M+ in previous 3h.
SHRGT45_全信息基准版_20260727,ALL_SAMPLE_SUPPLEMENT,NOAA12192_X1.1_20141019,X1.1,2014-10-19T04:17:00Z,12192,NEEDS_CLARIFICATION_OFFICIAL_GOES_JWFD_SNAPSHOT,MATCHES_EVENT_NOAA_AR,4698,12192,2014.10.18_17:36:00_TAI,2014-10-18T17:35:25Z,10.693056,31.236,,,,,-0.0113169,1.347966e+23,0x00000000,ZERO_QUALITY,,LON_FWT=-63.171;LAT_FWT=-13.180,NEGATIVE_CANDIDATE,PROVISIONAL_CONTROL_PENDING_FULL_MPLUS_CATALOG_AUDIT,JSOC definitive hmi.sharp_cea_720s keyword query; raw JSON copied from 20260723 cache unless --fetch used,1,1,1,0,0,16,8,8,8,84.0,12.0,0,0,0,0,0,0,2014.10.18_16:12:00_TAI,2014.10.18_17:36:00_TAI,,,,Seed-based provisional control: no seeded M+ in future 3-6h and no seeded M+ in previous 3h.
SHRGT45_全信息基准版_20260727,ALL_SAMPLE_SUPPLEMENT,NOAA12192_X1.1_20141019,X1.1,2014-10-19T04:17:00Z,12192,NEEDS_CLARIFICATION_OFFICIAL_GOES_JWFD_SNAPSHOT,MATCHES_EVENT_NOAA_AR,4698,12192,2014.10.18_17:48:00_TAI,2014-10-18T17:47:25Z,10.493056,31.321,,,,,-0.0112947,1.339792e+23,0x00000000,ZERO_QUALITY,,LON_FWT=-63.071;LAT_FWT=-13.185,NEGATIVE_CANDIDATE,PROVISIONAL_CONTROL_PENDING_FULL_MPLUS_CATALOG_AUDIT,JSOC definitive hmi.sharp_cea_720s keyword query; raw JSON copied from 20260723 cache unless --fetch used,1,1,1,0,0,16,9,9,7,96.0,12.0,0,0,0,0,0,0,2014.10.18_16:12:00_TAI,2014.10.18_17:48:00_TAI,,,,Seed-based provisional control: no seeded M+ in future 3-6h and no seeded M+ in previous 3h.
SHRGT45_全信息基准版_20260727,ALL_SAMPLE_SUPPLEMENT,NOAA12192_X1.1_20141019,X1.1,2014-10-19T04:17:00Z,12192,NEEDS_CLARIFICATION_OFFICIAL_GOES_JWFD_SNAPSHOT,MATCHES_EVENT_NOAA_AR,4698,12192,2014.10.18_18:00:00_TAI,2014-10-18T17:59:25Z,10.293056,31.317,,,,,-0.01092128,1.335803e+23,0x00010400,NONZERO_RETAINED_PROVISIONAL,,LON_FWT=-62.973;LAT_FWT=-13.184,NEGATIVE_CANDIDATE,PROVISIONAL_CONTROL_PENDING_FULL_MPLUS_CATALOG_AUDIT,JSOC definitive hmi.sharp_cea_720s keyword query; raw JSON copied from 20260723 cache unless --fetch used,1,1,0,0,1,16,10,10,6,108.0,12.0,0,0,0,0,0,0,2014.10.18_16:12:00_TAI,2014.10.18_18:00:00_TAI,,,,Seed-based provisional control: no seeded M+ in future 3-6h and no seeded M+ in previous 3h.
SHRGT45_全信息基准版_20260727,ALL_SAMPLE_SUPPLEMENT,NOAA12192_X1.1_20141019,X1.1,2014-10-19T04:17:00Z,12192,NEEDS_CLARIFICATION_OFFICIAL_GOES_JWFD_SNAPSHOT,MATCHES_EVENT_NOAA_AR,4698,12192,2014.10.18_18:12:00_TAI,2014-10-18T18:11:25Z,10.093056,31.466,,,,,-0.01142419,1.332205e+23,0x00010400,NONZERO_RETAINED_PROVISIONAL,,LON_FWT=-62.863;LAT_FWT=-13.181,NEGATIVE_CANDIDATE,PROVISIONAL_CONTROL_PENDING_FULL_MPLUS_CATALOG_AUDIT,JSOC definitive hmi.sharp_cea_720s keyword query; raw JSON copied from 20260723 cache unless --fetch used,1,1,0,0,1,16,11,11,5,120.0,12.0,0,0,0,0,0,0,2014.10.18_16:12:00_TAI,2014.10.18_18:12:00_TAI,,,,Seed-based provisional control: no seeded M+ in future 3-6h and no seeded M+ in previous 3h.
SHRGT45_全信息基准版_20260727,ALL_SAMPLE_SUPPLEMENT,NOAA12192_X1.1_20141019,X1.1,2014-10-19T04:17:00Z,12192,NEEDS_CLARIFICATION_OFFICIAL_GOES_JWFD_SNAPSHOT,MATCHES_EVENT_NOAA_AR,4698,12192,2014.10.18_18:24:00_TAI,2014-10-18T18:23:25Z,9.893056,31.688,,,,,-0.01099104,1.323811e+23,0x00000000,ZERO_QUALITY,,LON_FWT=-62.750;LAT_FWT=-13.162,NEGATIVE_CANDIDATE,PROVISIONAL_CONTROL_PENDING_FULL_MPLUS_CATALOG_AUDIT,JSOC definitive hmi.sharp_cea_720s keyword query; raw JSON copied from 20260723 cache unless --fetch used,1,1,1,0,0,16,12,12,4,132.0,12.0,0,0,0,0,0,0,2014.10.18_16:12:00_TAI,2014.10.18_18:24:00_TAI,,,,Seed-based provisional control: no seeded M+ in future 3-6h and no seeded M+ in previous 3h.
SHRGT45_全信息基准版_20260727,ALL_SAMPLE_SUPPLEMENT,NOAA12192_X1.1_20141019,X1.1,2014-10-19T04:17:00Z,12192,NEEDS_CLARIFICATION_OFFICIAL_GOES_JWFD_SNAPSHOT,MATCHES_EVENT_NOAA_AR,4698,12192,2014.10.18_18:36:00_TAI,2014-10-18T18:35:25Z,9.693056,31.545,,,,,-0.0116848,1.320142e+23,0x00000000,ZERO_QUALITY,,LON_FWT=-62.653;LAT_FWT=-13.159,NEGATIVE_CANDIDATE,PROVISIONAL_CONTROL_PENDING_FULL_MPLUS_CATALOG_AUDIT,JSOC definitive hmi.sharp_cea_720s keyword query; raw JSON copied from 20260723 cache unless --fetch used,1,1,1,0,0,16,13,13,3,144.0,12.0,0,0,0,0,0,0,2014.10.18_16:12:00_TAI,2014.10.18_18:36:00_TAI,,,,Seed-based provisional control: no seeded M+ in future 3-6h and no seeded M+ in previous 3h.
SHRGT45_全信息基准版_20260727,ALL_SAMPLE_SUPPLEMENT,NOAA12192_X1.1_20141019,X1.1,2014-10-19T04:17:00Z,12192,NEEDS_CLARIFICATION_OFFICIAL_GOES_JWFD_SNAPSHOT,MATCHES_EVENT_NOAA_AR,4698,12192,2014.10.18_18:48:00_TAI,2014-10-18T18:47:25Z,9.493056,31.44,,,,,-0.01194511,1.313413e+23,0x00000000,ZERO_QUALITY,,LON_FWT=-62.550;LAT_FWT=-13.164,NEGATIVE_CANDIDATE,PROVISIONAL_CONTROL_PENDING_FULL_MPLUS_CATALOG_AUDIT,JSOC definitive hmi.sharp_cea_720s keyword query; raw JSON copied from 20260723 cache unless --fetch used,1,1,1,0,0,16,14,14,2,156.0,12.0,0,0,0,0,0,0,2014.10.18_16:12:00_TAI,2014.10.18_18:48:00_TAI,,,,Seed-based provisional control: no seeded M+ in future 3-6h and no seeded M+ in previous 3h.
SHRGT45_全信息基准版_20260727,ALL_SAMPLE_SUPPLEMENT,NOAA12192_X1.1_20141019,X1.1,2014-10-19T04:17:00Z,12192,NEEDS_CLARIFICATION_OFFICIAL_GOES_JWFD_SNAPSHOT,MATCHES_EVENT_NOAA_AR,4698,12192,2014.10.18_19:00:00_TAI,2014-10-18T18:59:25Z,9.293056,31.888,0.3125,0.718,,,-0.01177669,1.300679e+23,0x00000000,ZERO_QUALITY,,LON_FWT=-62.418;LAT_FWT=-13.163,NEGATIVE_CANDIDATE,PROVISIONAL_CONTROL_PENDING_FULL_MPLUS_CATALOG_AUDIT,JSOC definitive hmi.sharp_cea_720s keyword query; raw JSON copied from 20260723 cache unless --fetch used,1,1,1,0,0,16,15,15,1,168.0,12.0,1,0,0,0,0,0,2014.10.18_16:12:00_TAI,2014.10.18_19:00:00_TAI,,,,Seed-based provisional control: no seeded M+ in future 3-6h and no seeded M+ in previous 3h.
SHRGT45_全信息基准版_20260727,ALL_SAMPLE_SUPPLEMENT,NOAA12192_X1.1_20141019,X1.1,2014-10-19T04:17:00Z,12192,NEEDS_CLARIFICATION_OFFICIAL_GOES_JWFD_SNAPSHOT,MATCHES_EVENT_NOAA_AR,4698,12192,2014.10.18_19:12:00_TAI,2014-10-18T19:11:25Z,9.093056,32.066,0.350368,0.896,,,-0.0114775,1.29894e+23,0x00000000,ZERO_QUALITY,,LON_FWT=-62.327;LAT_FWT=-13.157,NEGATIVE_CANDIDATE,PROVISIONAL_CONTROL_PENDING_FULL_MPLUS_CATALOG_AUDIT,JSOC definitive hmi.sharp_cea_720s keyword query; raw JSON copied from 20260723 cache unless --fetch used,1,1,1,0,0,16,16,16,0,180.0,12.0,1,0,0,0,0,0,2014.10.18_16:12:00_TAI,2014.10.18_19:12:00_TAI,,,,Seed-based provisional control: no seeded M+ in future 3-6h and no seeded M+ in previous 3h.
SHRGT45_全信息基准版_20260727,ALL_SAMPLE_SUPPLEMENT,NOAA12192_X1.1_20141019,X1.1,2014-10-19T04:17:00Z,12192,NEEDS_CLARIFICATION_OFFICIAL_GOES_JWFD_SNAPSHOT,MATCHES_EVENT_NOAA_AR,4698,12192,2014.10.18_19:24:00_TAI,2014-10-18T19:23:25Z,8.893056,32.156,0.434324,0.939,,,-0.01179944,1.292535e+23,0x00000000,ZERO_QUALITY,,LON_FWT=-62.214;LAT_FWT=-13.163,NEGATIVE_CANDIDATE,PROVISIONAL_CONTROL_PENDING_FULL_MPLUS_CATALOG_AUDIT,JSOC definitive hmi.sharp_cea_720s keyword query; raw JSON copied from 20260723 cache unless --fetch used,1,1,1,0,0,16,16,16,0,180.0,12.0,1,0,0,0,0,0,2014.10.18_16:24:00_TAI,2014.10.18_19:24:00_TAI,,,,Seed-based provisional control: no seeded M+ in future 3-6h and no seeded M+ in previous 3h.
SHRGT45_全信息基准版_20260727,ALL_SAMPLE_SUPPLEMENT,NOAA12192_X1.1_20141019,X1.1,2014-10-19T04:17:00Z,12192,NEEDS_CLARIFICATION_OFFICIAL_GOES_JWFD_SNAPSHOT,MATCHES_EVENT_NOAA_AR,4698,12192,2014.10.18_19:36:00_TAI,2014-10-18T19:35:25Z,8.693056,32.137,0.507559,1.362,,,-0.01164216,1.288627e+23,0x00000000,ZERO_QUALITY,,LON_FWT=-62.099;LAT_FWT=-13.157,NEGATIVE_CANDIDATE,PROVISIONAL_CONTROL_PENDING_FULL_MPLUS_CATALOG_AUDIT,JSOC definitive hmi.sharp_cea_720s keyword query; raw JSON copied from 20260723 cache unless --fetch used,1,1,1,0,0,16,16,16,0,180.0,12.0,1,0,0,0,0,0,2014.10.18_16:36:00_TAI,2014.10.18_19:36:00_TAI,,,,Seed-based provisional control: no seeded M+ in future 3-6h and no seeded M+ in previous 3h.
SHRGT45_全信息基准版_20260727,ALL_SAMPLE_SUPPLEMENT,NOAA12192_X1.1_20141019,X1.1,2014-10-19T04:17:00Z,12192,NEEDS_CLARIFICATION_OFFICIAL_GOES_JWFD_SNAPSHOT,MATCHES_EVENT_NOAA_AR,4698,12192,2014.10.18_19:48:00_TAI,2014-10-18T19:47:25Z,8.493056,32.133,0.511574,1.413,,,-0.01165828,1.285441e+23,0x00000000,ZERO_QUALITY,,LON_FWT=-61.995;LAT_FWT=-13.161,NEGATIVE_CANDIDATE,PROVISIONAL_CONTROL_PENDING_FULL_MPLUS_CATALOG_AUDIT,JSOC definitive hmi.sharp_cea_720s keyword query; raw JSON copied from 20260723 cache unless --fetch used,1,1,1,0,0,16,16,16,0,180.0,12.0,1,0,0,0,0,0,2014.10.18_16:48:00_TAI,2014.10.18_19:48:00_TAI,,,,Seed-based provisional control: no seeded M+ in future 3-6h and no seeded M+ in previous 3h.
SHRGT45_全信息基准版_20260727,ALL_SAMPLE_SUPPLEMENT,NOAA12192_X1.1_20141019,X1.1,2014-10-19T04:17:00Z,12192,NEEDS_CLARIFICATION_OFFICIAL_GOES_JWFD_SNAPSHOT,MATCHES_EVENT_NOAA_AR,4698,12192,2014.10.18_20:00:00_TAI,2014-10-18T19:59:25Z,8.293056,31.96,0.469662,1.289,,,-0.01132464,1.285524e+23,0x00000000,ZERO_QUALITY,,LON_FWT=-61.873;LAT_FWT=-13.162,NEGATIVE_CANDIDATE,PROVISIONAL_CONTROL_PENDING_FULL_MPLUS_CATALOG_AUDIT,JSOC definitive hmi.sharp_cea_720s keyword query; raw JSON copied from 20260723 cache unless --fetch used,1,1,1,0,0,16,16,16,0,180.0,12.0,1,0,0,0,0,0,2014.10.18_17:00:00_TAI,2014.10.18_20:00:00_TAI,,,,Seed-based provisional control: no seeded M+ in future 3-6h and no seeded M+ in previous 3h.
SHRGT45_全信息基准版_20260727,ALL_SAMPLE_SUPPLEMENT,NOAA12192_X1.1_20141019,X1.1,2014-10-19T04:17:00Z,12192,NEEDS_CLARIFICATION_OFFICIAL_GOES_JWFD_SNAPSHOT,MATCHES_EVENT_NOAA_AR,4698,12192,2014.10.18_20:12:00_TAI,2014-10-18T20:11:25Z,8.093056,32.201,0.429971,1.161,,,-0.01181113,1.284093e+23,0x00000000,ZERO_QUALITY,,LON_FWT=-61.754;LAT_FWT=-13.147,NEGATIVE_CANDIDATE,PROVISIONAL_CONTROL_PENDING_FULL_MPLUS_CATALOG_AUDIT,JSOC definitive hmi.sharp_cea_720s keyword query; raw JSON copied from 20260723 cache unless --fetch used,1,1,1,0,0,16,16,16,0,180.0,12.0,1,0,0,0,0,0,2014.10.18_17:12:00_TAI,2014.10.18_20:12:00_TAI,,,,Seed-based provisional control: no seeded M+ in future 3-6h and no seeded M+ in previous 3h.
SHRGT45_全信息基准版_20260727,ALL_SAMPLE_SUPPLEMENT,NOAA12192_X1.1_20141019,X1.1,2014-10-19T04:17:00Z,12192,NEEDS_CLARIFICATION_OFFICIAL_GOES_JWFD_SNAPSHOT,MATCHES_EVENT_NOAA_AR,4698,12192,2014.10.18_20:24:00_TAI,2014-10-18T20:23:25Z,7.893056,32.318,0.426809,1.472,,,-0.01111176,1.285203e+23,0x00000000,ZERO_QUALITY,,LON_FWT=-61.633;LAT_FWT=-13.137,NEGATIVE_CANDIDATE,PROVISIONAL_CONTROL_PENDING_FULL_MPLUS_CATALOG_AUDIT,JSOC definitive hmi.sharp_cea_720s keyword query; raw JSON copied from 20260723 cache unless --fetch used,1,1,1,0,0,16,16,16,0,180.0,12.0,1,0,0,0,0,0,2014.10.18_17:24:00_TAI,2014.10.18_20:24:00_TAI,,,,Seed-based provisional control: no seeded M+ in future 3-6h and no seeded M+ in previous 3h.
SHRGT45_全信息基准版_20260727,ALL_SAMPLE_SUPPLEMENT,NOAA12192_X1.1_20141019,X1.1,2014-10-19T04:17:00Z,12192,NEEDS_CLARIFICATION_OFFICIAL_GOES_JWFD_SNAPSHOT,MATCHES_EVENT_NOAA_AR,4698,12192,2014.10.18_20:36:00_TAI,2014-10-18T20:35:25Z,7.693056,31.899,0.33439,0.663,,,-0.01174813,1.295878e+23,0x00000000,ZERO_QUALITY,,LON_FWT=-61.521;LAT_FWT=-13.132,NEGATIVE_CANDIDATE,PROVISIONAL_CONTROL_PENDING_FULL_MPLUS_CATALOG_AUDIT,JSOC definitive hmi.sharp_cea_720s keyword query; raw JSON copied from 20260723 cache unless --fetch used,1,1,1,0,0,16,16,16,0,180.0,12.0,1,0,0,0,0,0,2014.10.18_17:36:00_TAI,2014.10.18_20:36:00_TAI,,,,Seed-based provisional control: no seeded M+ in future 3-6h and no seeded M+ in previous 3h.
SHRGT45_全信息基准版_20260727,ALL_SAMPLE_SUPPLEMENT,NOAA12192_X1.1_20141019,X1.1,2014-10-19T04:17:00Z,12192,NEEDS_CLARIFICATION_OFFICIAL_GOES_JWFD_SNAPSHOT,MATCHES_EVENT_NOAA_AR,4698,12192,2014.10.18_20:48:00_TAI,2014-10-18T20:47:25Z,7.493056,31.96,0.281963,0.639,,,-0.01199376,1.308332e+23,0x00000000,ZERO_QUALITY,,LON_FWT=-61.374;LAT_FWT=-13.125,NEGATIVE_CANDIDATE,PROVISIONAL_CONTROL_PENDING_FULL_MPLUS_CATALOG_AUDIT,JSOC definitive hmi.sharp_cea_720s keyword query; raw JSON copied from 20260723 cache unless --fetch used,1,1,1,0,0,16,16,16,0,180.0,12.0,1,0,0,0,0,0,2014.10.18_17:48:00_TAI,2014.10.18_20:48:00_TAI,,,,Seed-based provisional control: no seeded M+ in future 3-6h and no seeded M+ in previous 3h.
SHRGT45_全信息基准版_20260727,ALL_SAMPLE_SUPPLEMENT,NOAA12192_X1.1_20141019,X1.1,2014-10-19T04:17:00Z,12192,NEEDS_CLARIFICATION_OFFICIAL_GOES_JWFD_SNAPSHOT,MATCHES_EVENT_NOAA_AR,4698,12192,2014.10.18_21:00:00_TAI,2014-10-18T20:59:25Z,7.293056,31.785,0.210213,0.468,,,-0.01213276,1.316539e+23,0x00000000,ZERO_QUALITY,,LON_FWT=-61.226;LAT_FWT=-13.111,NEGATIVE_CANDIDATE,PROVISIONAL_CONTROL_PENDING_FULL_MPLUS_CATALOG_AUDIT,JSOC definitive hmi.sharp_cea_720s keyword query; raw JSON copied from 20260723 cache unless --fetch used,1,1,1,0,0,16,16,16,0,180.0,12.0,1,0,0,0,0,0,2014.10.18_18:00:00_TAI,2014.10.18_21:00:00_TAI,,,,Seed-based provisional control: no seeded M+ in future 3-6h and no seeded M+ in previous 3h.
SHRGT45_全信息基准版_20260727,ALL_SAMPLE_SUPPLEMENT,NOAA12192_X1.1_20141019,X1.1,2014-10-19T04:17:00Z,12192,NEEDS_CLARIFICATION_OFFICIAL_GOES_JWFD_SNAPSHOT,MATCHES_EVENT_NOAA_AR,4698,12192,2014.10.18_21:12:00_TAI,2014-10-18T21:11:25Z,7.093056,31.584,0.108971,0.118,,,-0.01122509,1.331695e+23,0x00000000,ZERO_QUALITY,,LON_FWT=-61.103;LAT_FWT=-13.105,NEGATIVE_CANDIDATE,PROVISIONAL_CONTROL_PENDING_FULL_MPLUS_CATALOG_AUDIT,JSOC definitive hmi.sharp_cea_720s keyword query; raw JSON copied from 20260723 cache unless --fetch used,1,1,1,0,0,16,16,16,0,180.0,12.0,1,0,0,0,0,0,2014.10.18_18:12:00_TAI,2014.10.18_21:12:00_TAI,,,,Seed-based provisional control: no seeded M+ in future 3-6h and no seeded M+ in previous 3h.
SHRGT45_全信息基准版_20260727,ALL_SAMPLE_SUPPLEMENT,NOAA12192_X1.1_20141019,X1.1,2014-10-19T04:17:00Z,12192,NEEDS_CLARIFICATION_OFFICIAL_GOES_JWFD_SNAPSHOT,MATCHES_EVENT_NOAA_AR,4698,12192,2014.10.18_21:24:00_TAI,2014-10-18T21:23:25Z,6.893056,31.615,0.025846,-0.073,0.025846,-0.073,-0.01196631,1.341907e+23,0x00000000,ZERO_QUALITY,,LON_FWT=-60.979;LAT_FWT=-13.098,NEGATIVE_CANDIDATE,PROVISIONAL_CONTROL_PENDING_FULL_MPLUS_CATALOG_AUDIT,JSOC definitive hmi.sharp_cea_720s keyword query; raw JSON copied from 20260723 cache unless --fetch used,1,1,1,0,0,16,16,16,0,180.0,12.0,1,1,0,0,0,0,2014.10.18_18:24:00_TAI,2014.10.18_21:24:00_TAI,,,,Seed-based provisional control: no seeded M+ in future 3-6h and no seeded M+ in previous 3h.
SHRGT45_全信息基准版_20260727,ALL_SAMPLE_SUPPLEMENT,NOAA12192_X1.1_20141019,X1.1,2014-10-19T04:17:00Z,12192,NEEDS_CLARIFICATION_OFFICIAL_GOES_JWFD_SNAPSHOT,MATCHES_EVENT_NOAA_AR,4698,12192,2014.10.18_21:36:00_TAI,2014-10-18T21:35:25Z,6.693056,31.451,-0.049809,-0.094,-0.049809,-0.094,-0.01072214,1.352254e+23,0x00000000,ZERO_QUALITY,,LON_FWT=-60.865;LAT_FWT=-13.104,NEGATIVE_CANDIDATE,PROVISIONAL_CONTROL_PENDING_FULL_MPLUS_CATALOG_AUDIT,JSOC definitive hmi.sharp_cea_720s keyword query; raw JSON copied from 20260723 cache unless --fetch used,1,1,1,0,0,16,16,16,0,180.0,12.0,1,1,0,0,0,0,2014.10.18_18:36:00_TAI,2014.10.18_21:36:00_TAI,,,,Seed-based provisional control: no seeded M+ in future 3-6h and no seeded M+ in previous 3h.
SHRGT45_全信息基准版_20260727,ALL_SAMPLE_SUPPLEMENT,NOAA12192_X1.1_20141019,X1.1,2014-10-19T04:17:00Z,12192,NEEDS_CLARIFICATION_OFFICIAL_GOES_JWFD_SNAPSHOT,MATCHES_EVENT_NOAA_AR,4698,12192,2014.10.18_21:48:00_TAI,2014-10-18T21:47:25Z,6.493056,31.483,-0.136324,0.043,-0.136324,0.043,-0.01150154,1.358875e+23,0x00000000,ZERO_QUALITY,,LON_FWT=-60.757;LAT_FWT=-13.102,NEGATIVE_CANDIDATE,PROVISIONAL_CONTROL_PENDING_FULL_MPLUS_CATALOG_AUDIT,JSOC definitive hmi.sharp_cea_720s keyword query; raw JSON copied from 20260723 cache unless --fetch used,1,1,1,0,0,16,16,16,0,180.0,12.0,1,1,0,0,0,0,2014.10.18_18:48:00_TAI,2014.10.18_21:48:00_TAI,,,,Seed-based provisional control: no seeded M+ in future 3-6h and no seeded M+ in previous 3h.
SHRGT45_全信息基准版_20260727,ALL_SAMPLE_SUPPLEMENT,NOAA12192_X1.1_20141019,X1.1,2014-10-19T04:17:00Z,12192,NEEDS_CLARIFICATION_OFFICIAL_GOES_JWFD_SNAPSHOT,MATCHES_EVENT_NOAA_AR,4698,12192,2014.10.18_22:00:00_TAI,2014-10-18T21:59:25Z,6.293056,31.318,-0.25325,-0.57,-0.25325,-0.57,-0.01072615,1.366053e+23,0x00000000,ZERO_QUALITY,,LON_FWT=-60.635;LAT_FWT=-13.098,NEGATIVE_CANDIDATE,PROVISIONAL_CONTROL_PENDING_FULL_MPLUS_CATALOG_AUDIT,JSOC definitive hmi.sharp_cea_720s keyword query; raw JSON copied from 20260723 cache unless --fetch used,1,1,1,0,0,16,16,16,0,180.0,12.0,1,1,0,0,0,0,2014.10.18_19:00:00_TAI,2014.10.18_22:00:00_TAI,,,,Seed-based provisional control: no seeded M+ in future 3-6h and no seeded M+ in previous 3h.
SHRGT45_全信息基准版_20260727,ALL_SAMPLE_SUPPLEMENT,NOAA12192_X1.1_20141019,X1.1,2014-10-19T04:17:00Z,12192,NEEDS_CLARIFICATION_OFFICIAL_GOES_JWFD_SNAPSHOT,MATCHES_EVENT_NOAA_AR,4698,12192,2014.10.18_22:12:00_TAI,2014-10-18T22:11:25Z,6.093056,31.397,-0.303669,-0.669,-0.303669,-0.669,-0.01056873,1.374513e+23,0x00000000,ZERO_QUALITY,,LON_FWT=-60.520;LAT_FWT=-13.100,NEGATIVE_CANDIDATE,PROVISIONAL_CONTROL_PENDING_FULL_MPLUS_CATALOG_AUDIT,JSOC definitive hmi.sharp_cea_720s keyword query; raw JSON copied from 20260723 cache unless --fetch used,1,1,1,0,0,16,16,16,0,180.0,12.0,1,1,0,0,0,0,2014.10.18_19:12:00_TAI,2014.10.18_22:12:00_TAI,,,,Seed-based provisional control: no seeded M+ in future 3-6h and no seeded M+ in previous 3h.
SHRGT45_全信息基准版_20260727,ALL_SAMPLE_SUPPLEMENT,NOAA12192_X1.1_20141019,X1.1,2014-10-19T04:17:00Z,12192,NEEDS_CLARIFICATION_OFFICIAL_GOES_JWFD_SNAPSHOT,MATCHES_EVENT_NOAA_AR,4698,12192,2014.10.18_22:24:00_TAI,2014-10-18T22:23:25Z,5.893056,31.116,-0.35561,-1.04,-0.35561,-1.04,-0.01038356,1.379144e+23,0x00000000,ZERO_QUALITY,,LON_FWT=-60.416;LAT_FWT=-13.105,POSITIVE_CANDIDATE,,JSOC definitive hmi.sharp_cea_720s keyword query; raw JSON copied from 20260723 cache unless --fetch used,1,1,1,0,0,16,16,16,0,180.0,12.0,1,1,0,0,0,0,2014.10.18_19:24:00_TAI,2014.10.18_22:24:00_TAI,,,,Future 3-6h contains the seeded M+ GOES-onset event.
SHRGT45_全信息基准版_20260727,ALL_SAMPLE_SUPPLEMENT,NOAA12192_X1.1_20141019,X1.1,2014-10-19T04:17:00Z,12192,NEEDS_CLARIFICATION_OFFICIAL_GOES_JWFD_SNAPSHOT,MATCHES_EVENT_NOAA_AR,4698,12192,2014.10.18_22:36:00_TAI,2014-10-18T22:35:25Z,5.693056,31.165,-0.376926,-0.972,-0.376926,-0.972,-0.01060714,1.380155e+23,0x00000000,ZERO_QUALITY,,LON_FWT=-60.299;LAT_FWT=-13.098,POSITIVE_CANDIDATE,,JSOC definitive hmi.sharp_cea_720s keyword query; raw JSON copied from 20260723 cache unless --fetch used,1,1,1,0,0,16,16,16,0,180.0,12.0,1,1,0,0,0,0,2014.10.18_19:36:00_TAI,2014.10.18_22:36:00_TAI,,,,Future 3-6h contains the seeded M+ GOES-onset event.
SHRGT45_全信息基准版_20260727,ALL_SAMPLE_SUPPLEMENT,NOAA12192_X1.1_20141019,X1.1,2014-10-19T04:17:00Z,12192,NEEDS_CLARIFICATION_OFFICIAL_GOES_JWFD_SNAPSHOT,MATCHES_EVENT_NOAA_AR,4698,12192,2014.10.18_22:48:00_TAI,2014-10-18T22:47:25Z,5.493056,31.276,-0.373801,-0.857,-0.373801,-0.857,-0.01083386,1.385816e+23,0x00000000,ZERO_QUALITY,,LON_FWT=-60.184;LAT_FWT=-13.087,POSITIVE_CANDIDATE,,JSOC definitive hmi.sharp_cea_720s keyword query; raw JSON copied from 20260723 cache unless --fetch used,1,1,1,0,0,16,16,16,0,180.0,12.0,1,1,0,0,0,0,2014.10.18_19:48:00_TAI,2014.10.18_22:48:00_TAI,,,,Future 3-6h contains the seeded M+ GOES-onset event.
SHRGT45_全信息基准版_20260727,ALL_SAMPLE_SUPPLEMENT,NOAA12192_X1.1_20141019,X1.1,2014-10-19T04:17:00Z,12192,NEEDS_CLARIFICATION_OFFICIAL_GOES_JWFD_SNAPSHOT,MATCHES_EVENT_NOAA_AR,4698,12192,2014.10.18_23:00:00_TAI,2014-10-18T22:59:25Z,5.293056,31.339,-0.351566,-0.621,-0.351566,-0.621,-0.0106511,1.384466e+23,0x00000000,ZERO_QUALITY,,LON_FWT=-60.073;LAT_FWT=-13.082,POSITIVE_CANDIDATE,,JSOC definitive hmi.sharp_cea_720s keyword query; raw JSON copied from 20260723 cache unless --fetch used,1,1,1,0,0,16,16,16,0,180.0,12.0,1,1,0,0,0,0,2014.10.18_20:00:00_TAI,2014.10.18_23:00:00_TAI,,,,Future 3-6h contains the seeded M+ GOES-onset event.
SHRGT45_全信息基准版_20260727,ALL_SAMPLE_SUPPLEMENT,NOAA12192_X1.1_20141019,X1.1,2014-10-19T04:17:00Z,12192,NEEDS_CLARIFICATION_OFFICIAL_GOES_JWFD_SNAPSHOT,MATCHES_EVENT_NOAA_AR,4698,12192,2014.10.18_23:12:00_TAI,2014-10-18T23:11:25Z,5.093056,31.204,-0.354169,-0.997,-0.354169,-0.997,-0.01087321,1.39143e+23,0x00000000,ZERO_QUALITY,,LON_FWT=-59.950;LAT_FWT=-13.083,POSITIVE_CANDIDATE,,JSOC definitive hmi.sharp_cea_720s keyword query; raw JSON copied from 20260723 cache unless --fetch used,1,1,1,0,0,16,16,16,0,180.0,12.0,1,1,0,0,0,0,2014.10.18_20:12:00_TAI,2014.10.18_23:12:00_TAI,,,,Future 3-6h contains the seeded M+ GOES-onset event.
SHRGT45_全信息基准版_20260727,ALL_SAMPLE_SUPPLEMENT,NOAA12192_X1.1_20141019,X1.1,2014-10-19T04:17:00Z,12192,NEEDS_CLARIFICATION_OFFICIAL_GOES_JWFD_SNAPSHOT,MATCHES_EVENT_NOAA_AR,4698,12192,2014.10.18_23:24:00_TAI,2014-10-18T23:23:25Z,4.893056,31.016,-0.336265,-1.302,-0.336265,-1.302,-0.01084105,1.39328e+23,0x00000000,ZERO_QUALITY,,LON_FWT=-59.830;LAT_FWT=-13.075,POSITIVE_CANDIDATE,,JSOC definitive hmi.sharp_cea_720s keyword query; raw JSON copied from 20260723 cache unless --fetch used,1,1,1,0,0,16,16,16,0,180.0,12.0,1,1,0,0,0,0,2014.10.18_20:24:00_TAI,2014.10.18_23:24:00_TAI,,,,Future 3-6h contains the seeded M+ GOES-onset event.
SHRGT45_全信息基准版_20260727,ALL_SAMPLE_SUPPLEMENT,NOAA12192_X1.1_20141019,X1.1,2014-10-19T04:17:00Z,12192,NEEDS_CLARIFICATION_OFFICIAL_GOES_JWFD_SNAPSHOT,MATCHES_EVENT_NOAA_AR,4698,12192,2014.10.18_23:36:00_TAI,2014-10-18T23:35:25Z,4.693056,31.044,-0.283221,-0.855,-0.283221,-0.855,-0.01067929,1.394564e+23,0x00000000,ZERO_QUALITY,,LON_FWT=-59.728;LAT_FWT=-13.068,POSITIVE_CANDIDATE,,JSOC definitive hmi.sharp_cea_720s keyword query; raw JSON copied from 20260723 cache unless --fetch used,1,1,1,0,0,16,16,16,0,180.0,12.0,1,1,0,0,0,0,2014.10.18_20:36:00_TAI,2014.10.18_23:36:00_TAI,,,,Future 3-6h contains the seeded M+ GOES-onset event.
SHRGT45_全信息基准版_20260727,ALL_SAMPLE_SUPPLEMENT,NOAA12192_X1.1_20141019,X1.1,2014-10-19T04:17:00Z,12192,NEEDS_CLARIFICATION_OFFICIAL_GOES_JWFD_SNAPSHOT,MATCHES_EVENT_NOAA_AR,4698,12192,2014.10.18_23:48:00_TAI,2014-10-18T23:47:25Z,4.493056,31.154,-0.251684,-0.806,-0.251684,-0.806,-0.010793,1.397038e+23,0x00000000,ZERO_QUALITY,,LON_FWT=-59.619;LAT_FWT=-13.069,POSITIVE_CANDIDATE,,JSOC definitive hmi.sharp_cea_720s keyword query; raw JSON copied from 20260723 cache unless --fetch used,1,1,1,0,0,16,16,16,0,180.0,12.0,1,1,0,0,0,0,2014.10.18_20:48:00_TAI,2014.10.18_23:48:00_TAI,,,,Future 3-6h contains the seeded M+ GOES-onset event.
SHRGT45_全信息基准版_20260727,ALL_SAMPLE_SUPPLEMENT,NOAA12192_X1.1_20141019,X1.1,2014-10-19T04:17:00Z,12192,NEEDS_CLARIFICATION_OFFICIAL_GOES_JWFD_SNAPSHOT,MATCHES_EVENT_NOAA_AR,4698,12192,2014.10.19_00:00:00_TAI,2014-10-18T23:59:25Z,4.293056,31.254,-0.190537,-0.531,-0.190537,-0.531,-0.01100758,1.397112e+23,0x00000000,ZERO_QUALITY,,LON_FWT=-59.492;LAT_FWT=-13.072,POSITIVE_CANDIDATE,,JSOC definitive hmi.sharp_cea_720s keyword query; raw JSON copied from 20260723 cache unless --fetch used,1,1,1,0,0,16,16,16,0,180.0,12.0,1,1,0,0,0,0,2014.10.18_21:00:00_TAI,2014.10.19_00:00:00_TAI,,,,Future 3-6h contains the seeded M+ GOES-onset event.
SHRGT45_全信息基准版_20260727,ALL_SAMPLE_SUPPLEMENT,NOAA12192_X1.1_20141019,X1.1,2014-10-19T04:17:00Z,12192,NEEDS_CLARIFICATION_OFFICIAL_GOES_JWFD_SNAPSHOT,MATCHES_EVENT_NOAA_AR,4698,12192,2014.10.19_00:12:00_TAI,2014-10-19T00:11:25Z,4.093056,31.28,-0.138015,-0.304,-0.138015,-0.304,-0.01108615,1.399003e+23,0x00000000,ZERO_QUALITY,,LON_FWT=-59.375;LAT_FWT=-13.068,POSITIVE_CANDIDATE,,JSOC definitive hmi.sharp_cea_720s keyword query; raw JSON copied from 20260723 cache unless --fetch used,1,1,1,0,0,16,16,16,0,180.0,12.0,1,1,0,0,0,0,2014.10.18_21:12:00_TAI,2014.10.19_00:12:00_TAI,,,,Future 3-6h contains the seeded M+ GOES-onset event.
SHRGT45_全信息基准版_20260727,ALL_SAMPLE_SUPPLEMENT,NOAA12192_X1.1_20141019,X1.1,2014-10-19T04:17:00Z,12192,NEEDS_CLARIFICATION_OFFICIAL_GOES_JWFD_SNAPSHOT,MATCHES_EVENT_NOAA_AR,4698,12192,2014.10.19_00:24:00_TAI,2014-10-19T00:23:25Z,3.893056,31.18,-0.114221,-0.435,-0.114221,-0.435,-0.01095211,1.399311e+23,0x00000000,ZERO_QUALITY,,LON_FWT=-59.264;LAT_FWT=-13.070,POSITIVE_CANDIDATE,,JSOC definitive hmi.sharp_cea_720s keyword query; raw JSON copied from 20260723 cache unless --fetch used,1,1,1,0,0,16,16,16,0,180.0,12.0,1,1,0,0,0,0,2014.10.18_21:24:00_TAI,2014.10.19_00:24:00_TAI,,,,Future 3-6h contains the seeded M+ GOES-onset event.
SHRGT45_全信息基准版_20260727,ALL_SAMPLE_SUPPLEMENT,NOAA12192_X1.1_20141019,X1.1,2014-10-19T04:17:00Z,12192,NEEDS_CLARIFICATION_OFFICIAL_GOES_JWFD_SNAPSHOT,MATCHES_EVENT_NOAA_AR,4698,12192,2014.10.19_00:36:00_TAI,2014-10-19T00:35:25Z,3.693056,31.372,-0.059434,-0.079,-0.059434,-0.079,-0.01119069,1.39988e+23,0x00000000,ZERO_QUALITY,,LON_FWT=-59.158;LAT_FWT=-13.066,POSITIVE_CANDIDATE,,JSOC definitive hmi.sharp_cea_720s keyword query; raw JSON copied from 20260723 cache unless --fetch used,1,1,1,0,0,16,16,16,0,180.0,12.0,1,1,0,0,0,0,2014.10.18_21:36:00_TAI,2014.10.19_00:36:00_TAI,,,,Future 3-6h contains the seeded M+ GOES-onset event.
SHRGT45_全信息基准版_20260727,ALL_SAMPLE_SUPPLEMENT,NOAA12192_X1.1_20141019,X1.1,2014-10-19T04:17:00Z,12192,NEEDS_CLARIFICATION_OFFICIAL_GOES_JWFD_SNAPSHOT,MATCHES_EVENT_NOAA_AR,4698,12192,2014.10.19_00:48:00_TAI,2014-10-19T00:47:25Z,3.493056,31.362,-0.022676,-0.121,-0.022676,-0.121,-0.01089561,1.399566e+23,0x00000000,ZERO_QUALITY,,LON_FWT=-59.041;LAT_FWT=-13.061,POSITIVE_CANDIDATE,,JSOC definitive hmi.sharp_cea_720s keyword query; raw JSON copied from 20260723 cache unless --fetch used,1,1,1,0,0,16,16,16,0,180.0,12.0,1,1,0,0,0,0,2014.10.18_21:48:00_TAI,2014.10.19_00:48:00_TAI,,,,Future 3-6h contains the seeded M+ GOES-onset event.
SHRGT45_全信息基准版_20260727,ALL_SAMPLE_SUPPLEMENT,NOAA12192_X1.1_20141019,X1.1,2014-10-19T04:17:00Z,12192,NEEDS_CLARIFICATION_OFFICIAL_GOES_JWFD_SNAPSHOT,MATCHES_EVENT_NOAA_AR,4698,12192,2014.10.19_01:00:00_TAI,2014-10-19T00:59:25Z,3.293056,31.269,0.009132,-0.049,0.009132,-0.049,-0.01091645,1.404477e+23,0x00000000,ZERO_QUALITY,,LON_FWT=-58.919;LAT_FWT=-13.063,POSITIVE_CANDIDATE,,JSOC definitive hmi.sharp_cea_720s keyword query; raw JSON copied from 20260723 cache unless --fetch used,1,1,1,0,0,16,16,16,0,180.0,12.0,1,1,0,0,0,0,2014.10.18_22:00:00_TAI,2014.10.19_01:00:00_TAI,,,,Future 3-6h contains the seeded M+ GOES-onset event.
SHRGT45_全信息基准版_20260727,ALL_SAMPLE_SUPPLEMENT,NOAA12192_X1.1_20141019,X1.1,2014-10-19T04:17:00Z,12192,NEEDS_CLARIFICATION_OFFICIAL_GOES_JWFD_SNAPSHOT,MATCHES_EVENT_NOAA_AR,4698,12192,2014.10.19_01:12:00_TAI,2014-10-19T01:11:25Z,3.093056,31.154,0.010779,-0.243,0.010779,-0.243,-0.01092514,1.400685e+23,0x00000000,ZERO_QUALITY,,LON_FWT=-58.787;LAT_FWT=-13.066,POSITIVE_CANDIDATE,,JSOC definitive hmi.sharp_cea_720s keyword query; raw JSON copied from 20260723 cache unless --fetch used,1,1,1,0,0,16,16,16,0,180.0,12.0,1,1,0,0,0,0,2014.10.18_22:12:00_TAI,2014.10.19_01:12:00_TAI,,,,Future 3-6h contains the seeded M+ GOES-onset event.
SHRGT45_全信息基准版_20260727,ALL_SAMPLE_SUPPLEMENT,NOAA12192_X1.1_20141019,X1.1,2014-10-19T04:17:00Z,12192,NEEDS_CLARIFICATION_OFFICIAL_GOES_JWFD_SNAPSHOT,MATCHES_EVENT_NOAA_AR,4698,12192,2014.10.19_01:24:00_TAI,2014-10-19T01:23:25Z,2.893056,31.157,0.025044,0.041,0.025044,0.041,-0.01024539,1.399291e+23,0x00000000,ZERO_QUALITY,,LON_FWT=-58.652;LAT_FWT=-13.072,BUFFER_OR_EXCLUDE,,JSOC definitive hmi.sharp_cea_720s keyword query; raw JSON copied from 20260723 cache unless --fetch used,1,1,1,0,0,16,16,16,0,180.0,12.0,1,1,0,1,0,0,2014.10.18_22:24:00_TAI,2014.10.19_01:24:00_TAI,,,,Future 0-3h contains M+; excluded from 3-6h main analysis.
SHRGT45_全信息基准版_20260727,ALL_SAMPLE_SUPPLEMENT,NOAA12192_X1.1_20141019,X1.1,2014-10-19T04:17:00Z,12192,NEEDS_CLARIFICATION_OFFICIAL_GOES_JWFD_SNAPSHOT,MATCHES_EVENT_NOAA_AR,4698,12192,2014.10.19_01:36:00_TAI,2014-10-19T01:35:25Z,2.693056,31.178,0.010029,0.013,0.010029,0.013,-0.0104073,1.397164e+23,0x00000000,ZERO_QUALITY,,LON_FWT=-58.534;LAT_FWT=-13.068,BUFFER_OR_EXCLUDE,,JSOC definitive hmi.sharp_cea_720s keyword query; raw JSON copied from 20260723 cache unless --fetch used,1,1,1,0,0,16,16,16,0,180.0,12.0,1,1,0,1,0,0,2014.10.18_22:36:00_TAI,2014.10.19_01:36:00_TAI,,,,Future 0-3h contains M+; excluded from 3-6h main analysis.
SHRGT45_全信息基准版_20260727,ALL_SAMPLE_SUPPLEMENT,NOAA12192_X1.1_20141019,X1.1,2014-10-19T04:17:00Z,12192,NEEDS_CLARIFICATION_OFFICIAL_GOES_JWFD_SNAPSHOT,MATCHES_EVENT_NOAA_AR,4698,12192,2014.10.19_01:48:00_TAI,2014-10-19T01:47:25Z,2.493056,31.17,-0.000654,-0.106,-0.000654,-0.106,-0.01035341,1.392353e+23,0x00000000,ZERO_QUALITY,,LON_FWT=-58.413;LAT_FWT=-13.069,BUFFER_OR_EXCLUDE,,JSOC definitive hmi.sharp_cea_720s keyword query; raw JSON copied from 20260723 cache unless --fetch used,1,1,1,0,0,16,16,16,0,180.0,12.0,1,1,0,1,0,0,2014.10.18_22:48:00_TAI,2014.10.19_01:48:00_TAI,,,,Future 0-3h contains M+; excluded from 3-6h main analysis.
SHRGT45_全信息基准版_20260727,ALL_SAMPLE_SUPPLEMENT,NOAA12192_X1.1_20141019,X1.1,2014-10-19T04:17:00Z,12192,NEEDS_CLARIFICATION_OFFICIAL_GOES_JWFD_SNAPSHOT,MATCHES_EVENT_NOAA_AR,4698,12192,2014.10.19_02:00:00_TAI,2014-10-19T01:59:25Z,2.293056,31.283,0.014926,-0.056,0.014926,-0.056,-0.01008558,1.391082e+23,0x00000000,ZERO_QUALITY,,LON_FWT=-58.306;LAT_FWT=-13.070,BUFFER_OR_EXCLUDE,,JSOC definitive hmi.sharp_cea_720s keyword query; raw JSON copied from 20260723 cache unless --fetch used,1,1,1,0,0,16,16,16,0,180.0,12.0,1,1,0,1,0,0,2014.10.18_23:00:00_TAI,2014.10.19_02:00:00_TAI,,,,Future 0-3h contains M+; excluded from 3-6h main analysis.
SHRGT45_全信息基准版_20260727,ALL_SAMPLE_SUPPLEMENT,NOAA12192_X1.1_20141019,X1.1,2014-10-19T04:17:00Z,12192,NEEDS_CLARIFICATION_OFFICIAL_GOES_JWFD_SNAPSHOT,MATCHES_EVENT_NOAA_AR,4698,12192,2014.10.19_02:12:00_TAI,2014-10-19T02:11:25Z,2.093056,31.631,0.076662,0.427,0.076662,0.427,-0.01023272,1.382155e+23,0x00000000,ZERO_QUALITY,,LON_FWT=-58.197;LAT_FWT=-13.072,BUFFER_OR_EXCLUDE,,JSOC definitive hmi.sharp_cea_720s keyword query; raw JSON copied from 20260723 cache unless --fetch used,1,1,1,0,0,16,16,16,0,180.0,12.0,1,1,0,1,0,0,2014.10.18_23:12:00_TAI,2014.10.19_02:12:00_TAI,,,,Future 0-3h contains M+; excluded from 3-6h main analysis.
SHRGT45_全信息基准版_20260727,ALL_SAMPLE_SUPPLEMENT,NOAA12192_X1.1_20141019,X1.1,2014-10-19T04:17:00Z,12192,NEEDS_CLARIFICATION_OFFICIAL_GOES_JWFD_SNAPSHOT,MATCHES_EVENT_NOAA_AR,4698,12192,2014.10.19_02:24:00_TAI,2014-10-19T02:23:25Z,1.893056,31.732,0.128368,0.716,0.128368,0.716,-0.01005244,1.376606e+23,0x00000000,ZERO_QUALITY,,LON_FWT=-58.082;LAT_FWT=-13.070,BUFFER_OR_EXCLUDE,,JSOC definitive hmi.sharp_cea_720s keyword query; raw JSON copied from 20260723 cache unless --fetch used,1,1,1,0,0,16,16,16,0,180.0,12.0,1,1,0,1,0,0,2014.10.18_23:24:00_TAI,2014.10.19_02:24:00_TAI,,,,Future 0-3h contains M+; excluded from 3-6h main analysis.
SHRGT45_全信息基准版_20260727,ALL_SAMPLE_SUPPLEMENT,NOAA12192_X1.1_20141019,X1.1,2014-10-19T04:17:00Z,12192,NEEDS_CLARIFICATION_OFFICIAL_GOES_JWFD_SNAPSHOT,MATCHES_EVENT_NOAA_AR,4698,12192,2014.10.19_02:36:00_TAI,2014-10-19T02:35:25Z,1.693056,31.662,0.141088,0.618,0.141088,0.618,-0.00975416,1.367903e+23,0x00000000,ZERO_QUALITY,,LON_FWT=-57.972;LAT_FWT=-13.075,BUFFER_OR_EXCLUDE,,JSOC definitive hmi.sharp_cea_720s keyword query; raw JSON copied from 20260723 cache unless --fetch used,1,1,1,0,0,16,16,16,0,180.0,12.0,1,1,0,1,0,0,2014.10.18_23:36:00_TAI,2014.10.19_02:36:00_TAI,,,,Future 0-3h contains M+; excluded from 3-6h main analysis.
SHRGT45_全信息基准版_20260727,ALL_SAMPLE_SUPPLEMENT,NOAA12192_X1.1_20141019,X1.1,2014-10-19T04:17:00Z,12192,NEEDS_CLARIFICATION_OFFICIAL_GOES_JWFD_SNAPSHOT,MATCHES_EVENT_NOAA_AR,4698,12192,2014.10.19_02:48:00_TAI,2014-10-19T02:47:25Z,1.493056,31.856,0.169206,0.702,0.169206,0.702,-0.01006584,1.358619e+23,0x00000000,ZERO_QUALITY,,LON_FWT=-57.866;LAT_FWT=-13.080,BUFFER_OR_EXCLUDE,,JSOC definitive hmi.sharp_cea_720s keyword query; raw JSON copied from 20260723 cache unless --fetch used,1,1,1,0,0,16,16,16,0,180.0,12.0,1,1,0,1,0,0,2014.10.18_23:48:00_TAI,2014.10.19_02:48:00_TAI,,,,Future 0-3h contains M+; excluded from 3-6h main analysis.
SHRGT45_全信息基准版_20260727,ALL_SAMPLE_SUPPLEMENT,NOAA12192_X1.1_20141019,X1.1,2014-10-19T04:17:00Z,12192,NEEDS_CLARIFICATION_OFFICIAL_GOES_JWFD_SNAPSHOT,MATCHES_EVENT_NOAA_AR,4698,12192,2014.10.19_03:00:00_TAI,2014-10-19T02:59:25Z,1.293056,32.003,0.215346,0.749,0.215346,0.749,-0.00950929,1.352803e+23,0x00000000,ZERO_QUALITY,,LON_FWT=-57.747;LAT_FWT=-13.077,BUFFER_OR_EXCLUDE,,JSOC definitive hmi.sharp_cea_720s keyword query; raw JSON copied from 20260723 cache unless --fetch used,1,1,1,0,0,16,16,16,0,180.0,12.0,1,1,0,1,0,0,2014.10.19_00:00:00_TAI,2014.10.19_03:00:00_TAI,,,,Future 0-3h contains M+; excluded from 3-6h main analysis.
SHRGT45_全信息基准版_20260727,ALL_SAMPLE_SUPPLEMENT,NOAA12192_X1.1_20141019,X1.1,2014-10-19T04:17:00Z,12192,NEEDS_CLARIFICATION_OFFICIAL_GOES_JWFD_SNAPSHOT,MATCHES_EVENT_NOAA_AR,4698,12192,2014.10.19_03:12:00_TAI,2014-10-19T03:11:25Z,1.093056,32.441,0.309809,1.161,0.309809,1.161,-0.00986486,1.33765e+23,0x00000000,ZERO_QUALITY,,LON_FWT=-57.636;LAT_FWT=-13.074,BUFFER_OR_EXCLUDE,,JSOC definitive hmi.sharp_cea_720s keyword query; raw JSON copied from 20260723 cache unless --fetch used,1,1,1,0,0,16,16,16,0,180.0,12.0,1,1,0,1,0,0,2014.10.19_00:12:00_TAI,2014.10.19_03:12:00_TAI,,,,Future 0-3h contains M+; excluded from 3-6h main analysis.
SHRGT45_全信息基准版_20260727,ALL_SAMPLE_SUPPLEMENT,NOAA12192_X1.1_20141019,X1.1,2014-10-19T04:17:00Z,12192,NEEDS_CLARIFICATION_OFFICIAL_GOES_JWFD_SNAPSHOT,MATCHES_EVENT_NOAA_AR,4698,12192,2014.10.19_03:24:00_TAI,2014-10-19T03:23:25Z,0.893056,32.598,0.407382,1.418,0.407382,1.418,-0.00975088,1.326875e+23,0x00000000,ZERO_QUALITY,,LON_FWT=-57.519;LAT_FWT=-13.074,BUFFER_OR_EXCLUDE,,JSOC definitive hmi.sharp_cea_720s keyword query; raw JSON copied from 20260723 cache unless --fetch used,1,1,1,0,0,16,16,16,0,180.0,12.0,1,1,0,1,0,0,2014.10.19_00:24:00_TAI,2014.10.19_03:24:00_TAI,,,,Future 0-3h contains M+; excluded from 3-6h main analysis.
SHRGT45_全信息基准版_20260727,ALL_SAMPLE_SUPPLEMENT,NOAA12192_X1.1_20141019,X1.1,2014-10-19T04:17:00Z,12192,NEEDS_CLARIFICATION_OFFICIAL_GOES_JWFD_SNAPSHOT,MATCHES_EVENT_NOAA_AR,4698,12192,2014.10.19_03:36:00_TAI,2014-10-19T03:35:25Z,0.693056,32.712,0.485647,1.34,0.485647,1.34,-0.01004059,1.317803e+23,0x00000000,ZERO_QUALITY,,LON_FWT=-57.399;LAT_FWT=-13.068,BUFFER_OR_EXCLUDE,,JSOC definitive hmi.sharp_cea_720s keyword query; raw JSON copied from 20260723 cache unless --fetch used,1,1,1,0,0,16,16,16,0,180.0,12.0,1,1,0,1,0,0,2014.10.19_00:36:00_TAI,2014.10.19_03:36:00_TAI,,,,Future 0-3h contains M+; excluded from 3-6h main analysis.
SHRGT45_全信息基准版_20260727,ALL_SAMPLE_SUPPLEMENT,NOAA12192_X1.1_20141019,X1.1,2014-10-19T04:17:00Z,12192,NEEDS_CLARIFICATION_OFFICIAL_GOES_JWFD_SNAPSHOT,MATCHES_EVENT_NOAA_AR,4698,12192,2014.10.19_03:48:00_TAI,2014-10-19T03:47:25Z,0.493056,32.856,0.581265,1.494,0.581265,1.494,-0.00974582,1.313594e+23,0x00000000,ZERO_QUALITY,,LON_FWT=-57.295;LAT_FWT=-13.072,BUFFER_OR_EXCLUDE,,JSOC definitive hmi.sharp_cea_720s keyword query; raw JSON copied from 20260723 cache unless --fetch used,1,1,1,0,0,16,16,16,0,180.0,12.0,1,1,0,1,0,0,2014.10.19_00:48:00_TAI,2014.10.19_03:48:00_TAI,,,,Future 0-3h contains M+; excluded from 3-6h main analysis.
SHRGT45_全信息基准版_20260727,ALL_SAMPLE_SUPPLEMENT,NOAA12192_X1.1_20141019,X1.1,2014-10-19T04:17:00Z,12192,NEEDS_CLARIFICATION_OFFICIAL_GOES_JWFD_SNAPSHOT,MATCHES_EVENT_NOAA_AR,4698,12192,2014.10.19_04:00:00_TAI,2014-10-19T03:59:25Z,0.293056,32.931,0.662081,1.662,0.662081,1.662,-0.00953538,1.311235e+23,0x00000000,ZERO_QUALITY,,LON_FWT=-57.179;LAT_FWT=-13.073,BUFFER_OR_EXCLUDE,,JSOC definitive hmi.sharp_cea_720s keyword query; raw JSON copied from 20260723 cache unless --fetch used,1,1,1,0,0,16,16,16,0,180.0,12.0,1,1,0,1,0,0,2014.10.19_01:00:00_TAI,2014.10.19_04:00:00_TAI,,,,Future 0-3h contains M+; excluded from 3-6h main analysis.
SHRGT45_全信息基准版_20260727,ALL_SAMPLE_SUPPLEMENT,NOAA11520_X1.4_20120712,X1.4,2012-07-12T15:37:00Z,11520,NEEDS_CLARIFICATION_OFFICIAL_GOES_JWFD_SNAPSHOT,NOAA_AR_MISMATCH_REQUIRES_REVIEW,1834,0,2012.07.12_03:36:00_TAI,2012-07-12T03:35:25Z,12.026389,46.497,,,,,0.02075836,8.736618e+22,0x00000000,ZERO_QUALITY,,LON_FWT=-0.532;LAT_FWT=-17.194,NEGATIVE_CANDIDATE,PROVISIONAL_CONTROL_PENDING_FULL_MPLUS_CATALOG_AUDIT,JSOC definitive hmi.sharp_cea_720s keyword query; raw JSON copied from 20260723 cache unless --fetch used,1,0,1,0,0,16,1,0,15,,,0,0,1,0,0,0,,,,,,Seed-based provisional control: no seeded M+ in future 3-6h and no seeded M+ in previous 3h.
SHRGT45_全信息基准版_20260727,ALL_SAMPLE_SUPPLEMENT,NOAA11520_X1.4_20120712,X1.4,2012-07-12T15:37:00Z,11520,NEEDS_CLARIFICATION_OFFICIAL_GOES_JWFD_SNAPSHOT,NOAA_AR_MISMATCH_REQUIRES_REVIEW,1834,0,2012.07.12_03:48:00_TAI,2012-07-12T03:47:25Z,11.826389,46.246,,,,,0.02140116,8.830746e+22,0x00000000,ZERO_QUALITY,,LON_FWT=-0.422;LAT_FWT=-17.189,NEGATIVE_CANDIDATE,PROVISIONAL_CONTROL_PENDING_FULL_MPLUS_CATALOG_AUDIT,JSOC definitive hmi.sharp_cea_720s keyword query; raw JSON copied from 20260723 cache unless --fetch used,1,0,1,0,0,16,2,0,14,,,0,0,1,0,0,0,,,,,,Seed-based provisional control: no seeded M+ in future 3-6h and no seeded M+ in previous 3h.
SHRGT45_全信息基准版_20260727,ALL_SAMPLE_SUPPLEMENT,NOAA11520_X1.4_20120712,X1.4,2012-07-12T15:37:00Z,11520,NEEDS_CLARIFICATION_OFFICIAL_GOES_JWFD_SNAPSHOT,NOAA_AR_MISMATCH_REQUIRES_REVIEW,1834,0,2012.07.12_04:00:00_TAI,2012-07-12T03:59:25Z,11.626389,46.325,,,,,0.02153087,8.762901e+22,0x00000000,ZERO_QUALITY,,LON_FWT=-0.302;LAT_FWT=-17.190,NEGATIVE_CANDIDATE,PROVISIONAL_CONTROL_PENDING_FULL_MPLUS_CATALOG_AUDIT,JSOC definitive hmi.sharp_cea_720s keyword query; raw JSON copied from 20260723 cache unless --fetch used,1,0,1,0,0,16,3,0,13,,,0,0,1,0,0,0,,,,,,Seed-based provisional control: no seeded M+ in future 3-6h and no seeded M+ in previous 3h.
SHRGT45_全信息基准版_20260727,ALL_SAMPLE_SUPPLEMENT,NOAA11520_X1.4_20120712,X1.4,2012-07-12T15:37:00Z,11520,NEEDS_CLARIFICATION_OFFICIAL_GOES_JWFD_SNAPSHOT,NOAA_AR_MISMATCH_REQUIRES_REVIEW,1834,0,2012.07.12_04:12:00_TAI,2012-07-12T04:11:25Z,11.426389,46.351,,,,,0.02109104,8.742328e+22,0x00000000,ZERO_QUALITY,,LON_FWT=-0.194;LAT_FWT=-17.182,NEGATIVE_CANDIDATE,PROVISIONAL_CONTROL_PENDING_FULL_MPLUS_CATALOG_AUDIT,JSOC definitive hmi.sharp_cea_720s keyword query; raw JSON copied from 20260723 cache unless --fetch used,1,0,1,0,0,16,4,0,12,,,0,0,1,0,0,0,,,,,,Seed-based provisional control: no seeded M+ in future 3-6h and no seeded M+ in previous 3h.
SHRGT45_全信息基准版_20260727,ALL_SAMPLE_SUPPLEMENT,NOAA11520_X1.4_20120712,X1.4,2012-07-12T15:37:00Z,11520,NEEDS_CLARIFICATION_OFFICIAL_GOES_JWFD_SNAPSHOT,NOAA_AR_MISMATCH_REQUIRES_REVIEW,1834,0,2012.07.12_04:24:00_TAI,2012-07-12T04:23:25Z,11.226389,46.189,,,,,0.02146691,8.795996e+22,0x00000000,ZERO_QUALITY,,LON_FWT=-0.096;LAT_FWT=-17.174,NEGATIVE_CANDIDATE,PROVISIONAL_CONTROL_PENDING_FULL_MPLUS_CATALOG_AUDIT,JSOC definitive hmi.sharp_cea_720s keyword query; raw JSON copied from 20260723 cache unless --fetch used,1,0,1,0,0,16,5,0,11,,,0,0,1,0,0,0,,,,,,Seed-based provisional control: no seeded M+ in future 3-6h and no seeded M+ in previous 3h.
SHRGT45_全信息基准版_20260727,ALL_SAMPLE_SUPPLEMENT,NOAA11520_X1.4_20120712,X1.4,2012-07-12T15:37:00Z,11520,NEEDS_CLARIFICATION_OFFICIAL_GOES_JWFD_SNAPSHOT,NOAA_AR_MISMATCH_REQUIRES_REVIEW,1834,0,2012.07.12_04:36:00_TAI,2012-07-12T04:35:25Z,11.026389,46.141,,,,,0.02158014,8.787668e+22,0x00000000,ZERO_QUALITY,,LON_FWT=0.014;LAT_FWT=-17.175,NEGATIVE_CANDIDATE,PROVISIONAL_CONTROL_PENDING_FULL_MPLUS_CATALOG_AUDIT,JSOC definitive hmi.sharp_cea_720s keyword query; raw JSON copied from 20260723 cache unless --fetch used,1,0,1,0,0,16,6,0,10,,,0,0,1,0,0,0,,,,,,Seed-based provisional control: no seeded M+ in future 3-6h and no seeded M+ in previous 3h.
SHRGT45_全信息基准版_20260727,ALL_SAMPLE_SUPPLEMENT,NOAA11520_X1.4_20120712,X1.4,2012-07-12T15:37:00Z,11520,NEEDS_CLARIFICATION_OFFICIAL_GOES_JWFD_SNAPSHOT,NOAA_AR_MISMATCH_REQUIRES_REVIEW,1834,0,2012.07.12_04:48:00_TAI,2012-07-12T04:47:25Z,10.826389,46.047,,,,,0.02148572,8.833503e+22,0x00000000,ZERO_QUALITY,,LON_FWT=0.109;LAT_FWT=-17.164,NEGATIVE_CANDIDATE,PROVISIONAL_CONTROL_PENDING_FULL_MPLUS_CATALOG_AUDIT,JSOC definitive hmi.sharp_cea_720s keyword query; raw JSON copied from 20260723 cache unless --fetch used,1,0,1,0,0,16,7,0,9,,,0,0,1,0,0,0,,,,,,Seed-based provisional control: no seeded M+ in future 3-6h and no seeded M+ in previous 3h.
SHRGT45_全信息基准版_20260727,ALL_SAMPLE_SUPPLEMENT,NOAA11520_X1.4_20120712,X1.4,2012-07-12T15:37:00Z,11520,NEEDS_CLARIFICATION_OFFICIAL_GOES_JWFD_SNAPSHOT,NOAA_AR_MISMATCH_REQUIRES_REVIEW,1834,0,2012.07.12_05:00:00_TAI,2012-07-12T04:59:25Z,10.626389,45.673,,,,,0.02031755,8.85059e+22,0x00000000,ZERO_QUALITY,,LON_FWT=0.208;LAT_FWT=-17.164,NEGATIVE_CANDIDATE,PROVISIONAL_CONTROL_PENDING_FULL_MPLUS_CATALOG_AUDIT,JSOC definitive hmi.sharp_cea_720s keyword query; raw JSON copied from 20260723 cache unless --fetch used,1,0,1,0,0,16,8,0,8,,,0,0,1,0,0,0,,,,,,Seed-based provisional control: no seeded M+ in future 3-6h and no seeded M+ in previous 3h.
SHRGT45_全信息基准版_20260727,ALL_SAMPLE_SUPPLEMENT,NOAA11520_X1.4_20120712,X1.4,2012-07-12T15:37:00Z,11520,NEEDS_CLARIFICATION_OFFICIAL_GOES_JWFD_SNAPSHOT,NOAA_AR_MISMATCH_REQUIRES_REVIEW,1834,0,2012.07.12_05:12:00_TAI,2012-07-12T05:11:25Z,10.426389,45.797,,,,,0.02075369,8.866477e+22,0x00000000,ZERO_QUALITY,,LON_FWT=0.321;LAT_FWT=-17.149,NEGATIVE_CANDIDATE,PROVISIONAL_CONTROL_PENDING_FULL_MPLUS_CATALOG_AUDIT,JSOC definitive hmi.sharp_cea_720s keyword query; raw JSON copied from 20260723 cache unless --fetch used,1,0,1,0,0,16,9,0,7,,,0,0,1,0,0,0,,,,,,Seed-based provisional control: no seeded M+ in future 3-6h and no seeded M+ in previous 3h.
SHRGT45_全信息基准版_20260727,ALL_SAMPLE_SUPPLEMENT,NOAA11520_X1.4_20120712,X1.4,2012-07-12T15:37:00Z,11520,NEEDS_CLARIFICATION_OFFICIAL_GOES_JWFD_SNAPSHOT,NOAA_AR_MISMATCH_REQUIRES_REVIEW,1834,0,2012.07.12_05:24:00_TAI,2012-07-12T05:23:25Z,10.226389,45.686,,,,,0.02117764,8.907e+22,0x00000000,ZERO_QUALITY,,LON_FWT=0.462;LAT_FWT=-17.150,NEGATIVE_CANDIDATE,PROVISIONAL_CONTROL_PENDING_FULL_MPLUS_CATALOG_AUDIT,JSOC definitive hmi.sharp_cea_720s keyword query; raw JSON copied from 20260723 cache unless --fetch used,1,0,1,0,0,16,10,0,6,,,0,0,1,0,0,0,,,,,,Seed-based provisional control: no seeded M+ in future 3-6h and no seeded M+ in previous 3h.
SHRGT45_全信息基准版_20260727,ALL_SAMPLE_SUPPLEMENT,NOAA11520_X1.4_20120712,X1.4,2012-07-12T15:37:00Z,11520,NEEDS_CLARIFICATION_OFFICIAL_GOES_JWFD_SNAPSHOT,NOAA_AR_MISMATCH_REQUIRES_REVIEW,1834,0,2012.07.12_05:36:00_TAI,2012-07-12T05:35:25Z,10.026389,45.604,,,,,0.02004165,8.933329e+22,0x00000000,ZERO_QUALITY,,LON_FWT=0.555;LAT_FWT=-17.146,NEGATIVE_CANDIDATE,PROVISIONAL_CONTROL_PENDING_FULL_MPLUS_CATALOG_AUDIT,JSOC definitive hmi.sharp_cea_720s keyword query; raw JSON copied from 20260723 cache unless --fetch used,1,0,1,0,0,16,11,0,5,,,0,0,1,0,0,0,,,,,,Seed-based provisional control: no seeded M+ in future 3-6h and no seeded M+ in previous 3h.
SHRGT45_全信息基准版_20260727,ALL_SAMPLE_SUPPLEMENT,NOAA11520_X1.4_20120712,X1.4,2012-07-12T15:37:00Z,11520,NEEDS_CLARIFICATION_OFFICIAL_GOES_JWFD_SNAPSHOT,NOAA_AR_MISMATCH_REQUIRES_REVIEW,1834,0,2012.07.12_05:48:00_TAI,2012-07-12T05:47:25Z,9.826389,45.696,,,,,0.02006718,8.978268e+22,0x00000000,ZERO_QUALITY,,LON_FWT=0.673;LAT_FWT=-17.138,NEGATIVE_CANDIDATE,PROVISIONAL_CONTROL_PENDING_FULL_MPLUS_CATALOG_AUDIT,JSOC definitive hmi.sharp_cea_720s keyword query; raw JSON copied from 20260723 cache unless --fetch used,1,0,1,0,0,16,12,0,4,,,0,0,1,0,0,0,,,,,,Seed-based provisional control: no seeded M+ in future 3-6h and no seeded M+ in previous 3h.
SHRGT45_全信息基准版_20260727,ALL_SAMPLE_SUPPLEMENT,NOAA11520_X1.4_20120712,X1.4,2012-07-12T15:37:00Z,11520,NEEDS_CLARIFICATION_OFFICIAL_GOES_JWFD_SNAPSHOT,NOAA_AR_MISMATCH_REQUIRES_REVIEW,1834,0,2012.07.12_06:00:00_TAI,2012-07-12T05:59:25Z,9.626389,45.245,,,,,0.02004164,8.996863e+22,0x00010400,NONZERO_RETAINED_PROVISIONAL,,LON_FWT=0.778;LAT_FWT=-17.133,NEGATIVE_CANDIDATE,PROVISIONAL_CONTROL_PENDING_FULL_MPLUS_CATALOG_AUDIT,JSOC definitive hmi.sharp_cea_720s keyword query; raw JSON copied from 20260723 cache unless --fetch used,1,0,0,0,1,16,13,0,3,,,0,0,1,0,0,0,,,,,,Seed-based provisional control: no seeded M+ in future 3-6h and no seeded M+ in previous 3h.
SHRGT45_全信息基准版_20260727,ALL_SAMPLE_SUPPLEMENT,NOAA11520_X1.4_20120712,X1.4,2012-07-12T15:37:00Z,11520,NEEDS_CLARIFICATION_OFFICIAL_GOES_JWFD_SNAPSHOT,NOAA_AR_MISMATCH_REQUIRES_REVIEW,1834,0,2012.07.12_06:12:00_TAI,2012-07-12T06:11:25Z,9.426389,44.801,,,,,0.01925873,8.978637e+22,0x00010400,NONZERO_RETAINED_PROVISIONAL,,LON_FWT=0.882;LAT_FWT=-17.128,NEGATIVE_CANDIDATE,PROVISIONAL_CONTROL_PENDING_FULL_MPLUS_CATALOG_AUDIT,JSOC definitive hmi.sharp_cea_720s keyword query; raw JSON copied from 20260723 cache unless --fetch used,1,0,0,0,1,16,14,0,2,,,0,0,1,0,0,0,,,,,,Seed-based provisional control: no seeded M+ in future 3-6h and no seeded M+ in previous 3h.
SHRGT45_全信息基准版_20260727,ALL_SAMPLE_SUPPLEMENT,NOAA11520_X1.4_20120712,X1.4,2012-07-12T15:37:00Z,11520,NEEDS_CLARIFICATION_OFFICIAL_GOES_JWFD_SNAPSHOT,NOAA_AR_MISMATCH_REQUIRES_REVIEW,1834,0,2012.07.12_06:24:00_TAI,2012-07-12T06:23:25Z,9.226389,44.625,,,,,0.01933074,8.950607e+22,0x00000000,ZERO_QUALITY,,LON_FWT=0.979;LAT_FWT=-17.125,NEGATIVE_CANDIDATE,PROVISIONAL_CONTROL_PENDING_FULL_MPLUS_CATALOG_AUDIT,JSOC definitive hmi.sharp_cea_720s keyword query; raw JSON copied from 20260723 cache unless --fetch used,1,0,1,0,0,16,15,0,1,,,0,0,1,0,0,0,,,,,,Seed-based provisional control: no seeded M+ in future 3-6h and no seeded M+ in previous 3h.
SHRGT45_全信息基准版_20260727,ALL_SAMPLE_SUPPLEMENT,NOAA11520_X1.4_20120712,X1.4,2012-07-12T15:37:00Z,11520,NEEDS_CLARIFICATION_OFFICIAL_GOES_JWFD_SNAPSHOT,NOAA_AR_MISMATCH_REQUIRES_REVIEW,1834,0,2012.07.12_06:36:00_TAI,2012-07-12T06:35:25Z,9.026389,44.266,,,,,0.01978285,8.951889e+22,0x00000000,ZERO_QUALITY,,LON_FWT=1.091;LAT_FWT=-17.122,NEGATIVE_CANDIDATE,PROVISIONAL_CONTROL_PENDING_FULL_MPLUS_CATALOG_AUDIT,JSOC definitive hmi.sharp_cea_720s keyword query; raw JSON copied from 20260723 cache unless --fetch used,1,0,1,0,0,16,16,0,0,,,0,0,1,0,0,0,,,,,,Seed-based provisional control: no seeded M+ in future 3-6h and no seeded M+ in previous 3h.
SHRGT45_全信息基准版_20260727,ALL_SAMPLE_SUPPLEMENT,NOAA11520_X1.4_20120712,X1.4,2012-07-12T15:37:00Z,11520,NEEDS_CLARIFICATION_OFFICIAL_GOES_JWFD_SNAPSHOT,NOAA_AR_MISMATCH_REQUIRES_REVIEW,1834,0,2012.07.12_06:48:00_TAI,2012-07-12T06:47:25Z,8.826389,44.11,,,,,0.01947464,8.866682e+22,0x00000000,ZERO_QUALITY,,LON_FWT=1.189;LAT_FWT=-17.121,NEGATIVE_CANDIDATE,PROVISIONAL_CONTROL_PENDING_FULL_MPLUS_CATALOG_AUDIT,JSOC definitive hmi.sharp_cea_720s keyword query; raw JSON copied from 20260723 cache unless --fetch used,1,0,1,0,0,16,16,0,0,,,0,0,1,0,0,0,,,,,,Seed-based provisional control: no seeded M+ in future 3-6h and no seeded M+ in previous 3h.
SHRGT45_全信息基准版_20260727,ALL_SAMPLE_SUPPLEMENT,NOAA11520_X1.4_20120712,X1.4,2012-07-12T15:37:00Z,11520,NEEDS_CLARIFICATION_OFFICIAL_GOES_JWFD_SNAPSHOT,NOAA_AR_MISMATCH_REQUIRES_REVIEW,1834,0,2012.07.12_07:00:00_TAI,2012-07-12T06:59:25Z,8.626389,44.128,,,,,0.0195539,8.766783e+22,0x00000000,ZERO_QUALITY,,LON_FWT=1.298;LAT_FWT=-17.120,NEGATIVE_CANDIDATE,PROVISIONAL_CONTROL_PENDING_FULL_MPLUS_CATALOG_AUDIT,JSOC definitive hmi.sharp_cea_720s keyword query; raw JSON copied from 20260723 cache unless --fetch used,1,0,1,0,0,16,16,0,0,,,0,0,1,0,0,0,,,,,,Seed-based provisional control: no seeded M+ in future 3-6h and no seeded M+ in previous 3h.
SHRGT45_全信息基准版_20260727,ALL_SAMPLE_SUPPLEMENT,NOAA11520_X1.4_20120712,X1.4,2012-07-12T15:37:00Z,11520,NEEDS_CLARIFICATION_OFFICIAL_GOES_JWFD_SNAPSHOT,NOAA_AR_MISMATCH_REQUIRES_REVIEW,1834,0,2012.07.12_07:12:00_TAI,2012-07-12T07:11:25Z,8.426389,44.017,,,,,0.01959021,8.700925e+22,0x00000000,ZERO_QUALITY,,LON_FWT=1.411;LAT_FWT=-17.121,NEGATIVE_CANDIDATE,PROVISIONAL_CONTROL_PENDING_FULL_MPLUS_CATALOG_AUDIT,JSOC definitive hmi.sharp_cea_720s keyword query; raw JSON copied from 20260723 cache unless --fetch used,1,0,1,0,0,16,16,0,0,,,0,0,1,0,0,0,,,,,,Seed-based provisional control: no seeded M+ in future 3-6h and no seeded M+ in previous 3h.
SHRGT45_全信息基准版_20260727,ALL_SAMPLE_SUPPLEMENT,NOAA11520_X1.4_20120712,X1.4,2012-07-12T15:37:00Z,11520,NEEDS_CLARIFICATION_OFFICIAL_GOES_JWFD_SNAPSHOT,NOAA_AR_MISMATCH_REQUIRES_REVIEW,1834,0,2012.07.12_07:24:00_TAI,2012-07-12T07:23:25Z,8.226389,44.336,,,,,0.01981738,8.636006e+22,0x00000000,ZERO_QUALITY,,LON_FWT=1.528;LAT_FWT=-17.122,NEGATIVE_CANDIDATE,PROVISIONAL_CONTROL_PENDING_FULL_MPLUS_CATALOG_AUDIT,JSOC definitive hmi.sharp_cea_720s keyword query; raw JSON copied from 20260723 cache unless --fetch used,1,0,1,0,0,16,16,0,0,,,0,0,1,0,0,0,,,,,,Seed-based provisional control: no seeded M+ in future 3-6h and no seeded M+ in previous 3h.
SHRGT45_全信息基准版_20260727,ALL_SAMPLE_SUPPLEMENT,NOAA11520_X1.4_20120712,X1.4,2012-07-12T15:37:00Z,11520,NEEDS_CLARIFICATION_OFFICIAL_GOES_JWFD_SNAPSHOT,NOAA_AR_MISMATCH_REQUIRES_REVIEW,1834,0,2012.07.12_07:36:00_TAI,2012-07-12T07:35:25Z,8.026389,44.507,,,,,0.01980115,8.555127e+22,0x00000000,ZERO_QUALITY,,LON_FWT=1.637;LAT_FWT=-17.113,NEGATIVE_CANDIDATE,PROVISIONAL_CONTROL_PENDING_FULL_MPLUS_CATALOG_AUDIT,JSOC definitive hmi.sharp_cea_720s keyword query; raw JSON copied from 20260723 cache unless --fetch used,1,0,1,0,0,16,16,0,0,,,0,0,1,0,0,0,,,,,,Seed-based provisional control: no seeded M+ in future 3-6h and no seeded M+ in previous 3h.
SHRGT45_全信息基准版_20260727,ALL_SAMPLE_SUPPLEMENT,NOAA11520_X1.4_20120712,X1.4,2012-07-12T15:37:00Z,11520,NEEDS_CLARIFICATION_OFFICIAL_GOES_JWFD_SNAPSHOT,NOAA_AR_MISMATCH_REQUIRES_REVIEW,1834,0,2012.07.12_07:48:00_TAI,2012-07-12T07:47:25Z,7.826389,44.489,,,,,0.02018152,8.506077e+22,0x00000000,ZERO_QUALITY,,LON_FWT=1.744;LAT_FWT=-17.107,NEGATIVE_CANDIDATE,PROVISIONAL_CONTROL_PENDING_FULL_MPLUS_CATALOG_AUDIT,JSOC definitive hmi.sharp_cea_720s keyword query; raw JSON copied from 20260723 cache unless --fetch used,1,0,1,0,0,16,16,0,0,,,0,0,1,0,0,0,,,,,,Seed-based provisional control: no seeded M+ in future 3-6h and no seeded M+ in previous 3h.
SHRGT45_全信息基准版_20260727,ALL_SAMPLE_SUPPLEMENT,NOAA11520_X1.4_20120712,X1.4,2012-07-12T15:37:00Z,11520,NEEDS_CLARIFICATION_OFFICIAL_GOES_JWFD_SNAPSHOT,NOAA_AR_MISMATCH_REQUIRES_REVIEW,1834,0,2012.07.12_08:00:00_TAI,2012-07-12T07:59:25Z,7.626389,44.654,,,,,0.02081649,8.474329e+22,0x00000000,ZERO_QUALITY,,LON_FWT=1.845;LAT_FWT=-17.103,NEGATIVE_CANDIDATE,PROVISIONAL_CONTROL_PENDING_FULL_MPLUS_CATALOG_AUDIT,JSOC definitive hmi.sharp_cea_720s keyword query; raw JSON copied from 20260723 cache unless --fetch used,1,0,1,0,0,16,16,0,0,,,0,0,1,0,0,0,,,,,,Seed-based provisional control: no seeded M+ in future 3-6h and no seeded M+ in previous 3h.
SHRGT45_全信息基准版_20260727,ALL_SAMPLE_SUPPLEMENT,NOAA11520_X1.4_20120712,X1.4,2012-07-12T15:37:00Z,11520,NEEDS_CLARIFICATION_OFFICIAL_GOES_JWFD_SNAPSHOT,NOAA_AR_MISMATCH_REQUIRES_REVIEW,1834,0,2012.07.12_08:12:00_TAI,2012-07-12T08:11:25Z,7.426389,45.049,,,,,0.02105002,8.396762e+22,0x00000000,ZERO_QUALITY,,LON_FWT=1.956;LAT_FWT=-17.100,NEGATIVE_CANDIDATE,PROVISIONAL_CONTROL_PENDING_FULL_MPLUS_CATALOG_AUDIT,JSOC definitive hmi.sharp_cea_720s keyword query; raw JSON copied from 20260723 cache unless --fetch used,1,0,1,0,0,16,16,0,0,,,0,0,1,0,0,0,,,,,,Seed-based provisional control: no seeded M+ in future 3-6h and no seeded M+ in previous 3h.
SHRGT45_全信息基准版_20260727,ALL_SAMPLE_SUPPLEMENT,NOAA11520_X1.4_20120712,X1.4,2012-07-12T15:37:00Z,11520,NEEDS_CLARIFICATION_OFFICIAL_GOES_JWFD_SNAPSHOT,NOAA_AR_MISMATCH_REQUIRES_REVIEW,1834,0,2012.07.12_08:24:00_TAI,2012-07-12T08:23:25Z,7.226389,45.185,,,,,0.02065281,8.410486e+22,0x00000000,ZERO_QUALITY,,LON_FWT=2.060;LAT_FWT=-17.108,NEGATIVE_CANDIDATE,PROVISIONAL_CONTROL_PENDING_FULL_MPLUS_CATALOG_AUDIT,JSOC definitive hmi.sharp_cea_720s keyword query; raw JSON copied from 20260723 cache unless --fetch used,1,0,1,0,0,16,16,0,0,,,0,0,1,0,0,0,,,,,,Seed-based provisional control: no seeded M+ in future 3-6h and no seeded M+ in previous 3h.
SHRGT45_全信息基准版_20260727,ALL_SAMPLE_SUPPLEMENT,NOAA11520_X1.4_20120712,X1.4,2012-07-12T15:37:00Z,11520,NEEDS_CLARIFICATION_OFFICIAL_GOES_JWFD_SNAPSHOT,NOAA_AR_MISMATCH_REQUIRES_REVIEW,1834,0,2012.07.12_08:36:00_TAI,2012-07-12T08:35:25Z,7.026389,45.369,,,,,0.02071861,8.388408e+22,0x00000000,ZERO_QUALITY,,LON_FWT=2.169;LAT_FWT=-17.107,NEGATIVE_CANDIDATE,PROVISIONAL_CONTROL_PENDING_FULL_MPLUS_CATALOG_AUDIT,JSOC definitive hmi.sharp_cea_720s keyword query; raw JSON copied from 20260723 cache unless --fetch used,1,0,1,0,0,16,16,0,0,,,0,0,1,0,0,0,,,,,,Seed-based provisional control: no seeded M+ in future 3-6h and no seeded M+ in previous 3h.
SHRGT45_全信息基准版_20260727,ALL_SAMPLE_SUPPLEMENT,NOAA11520_X1.4_20120712,X1.4,2012-07-12T15:37:00Z,11520,NEEDS_CLARIFICATION_OFFICIAL_GOES_JWFD_SNAPSHOT,NOAA_AR_MISMATCH_REQUIRES_REVIEW,1834,0,2012.07.12_08:48:00_TAI,2012-07-12T08:47:25Z,6.826389,45.467,,,,,0.0204702,8.37509e+22,0x00000000,ZERO_QUALITY,,LON_FWT=2.276;LAT_FWT=-17.098,NEGATIVE_CANDIDATE,PROVISIONAL_CONTROL_PENDING_FULL_MPLUS_CATALOG_AUDIT,JSOC definitive hmi.sharp_cea_720s keyword query; raw JSON copied from 20260723 cache unless --fetch used,1,0,1,0,0,16,16,0,0,,,0,0,1,0,0,0,,,,,,Seed-based provisional control: no seeded M+ in future 3-6h and no seeded M+ in previous 3h.
SHRGT45_全信息基准版_20260727,ALL_SAMPLE_SUPPLEMENT,NOAA11520_X1.4_20120712,X1.4,2012-07-12T15:37:00Z,11520,NEEDS_CLARIFICATION_OFFICIAL_GOES_JWFD_SNAPSHOT,NOAA_AR_MISMATCH_REQUIRES_REVIEW,1834,0,2012.07.12_09:00:00_TAI,2012-07-12T08:59:25Z,6.626389,45.764,,,,,0.02033363,8.354451e+22,0x00000000,ZERO_QUALITY,,LON_FWT=2.392;LAT_FWT=-17.092,NEGATIVE_CANDIDATE,PROVISIONAL_CONTROL_PENDING_FULL_MPLUS_CATALOG_AUDIT,JSOC definitive hmi.sharp_cea_720s keyword query; raw JSON copied from 20260723 cache unless --fetch used,1,0,1,0,0,16,16,0,0,,,0,0,1,0,0,0,,,,,,Seed-based provisional control: no seeded M+ in future 3-6h and no seeded M+ in previous 3h.
SHRGT45_全信息基准版_20260727,ALL_SAMPLE_SUPPLEMENT,NOAA11520_X1.4_20120712,X1.4,2012-07-12T15:37:00Z,11520,NEEDS_CLARIFICATION_OFFICIAL_GOES_JWFD_SNAPSHOT,NOAA_AR_MISMATCH_REQUIRES_REVIEW,1834,0,2012.07.12_09:12:00_TAI,2012-07-12T09:11:25Z,6.426389,45.974,,,,,0.01977469,8.32522e+22,0x00000000,ZERO_QUALITY,,LON_FWT=2.502;LAT_FWT=-17.086,NEGATIVE_CANDIDATE,PROVISIONAL_CONTROL_PENDING_FULL_MPLUS_CATALOG_AUDIT,JSOC definitive hmi.sharp_cea_720s keyword query; raw JSON copied from 20260723 cache unless --fetch used,1,0,1,0,0,16,16,0,0,,,0,0,1,0,0,0,,,,,,Seed-based provisional control: no seeded M+ in future 3-6h and no seeded M+ in previous 3h.
SHRGT45_全信息基准版_20260727,ALL_SAMPLE_SUPPLEMENT,NOAA11520_X1.4_20120712,X1.4,2012-07-12T15:37:00Z,11520,NEEDS_CLARIFICATION_OFFICIAL_GOES_JWFD_SNAPSHOT,NOAA_AR_MISMATCH_REQUIRES_REVIEW,1834,0,2012.07.12_09:24:00_TAI,2012-07-12T09:23:25Z,6.226389,45.909,,,,,0.02004715,8.357681e+22,0x00000000,ZERO_QUALITY,,LON_FWT=2.618;LAT_FWT=-17.078,NEGATIVE_CANDIDATE,PROVISIONAL_CONTROL_PENDING_FULL_MPLUS_CATALOG_AUDIT,JSOC definitive hmi.sharp_cea_720s keyword query; raw JSON copied from 20260723 cache unless --fetch used,1,0,1,0,0,16,16,0,0,,,0,0,1,0,0,0,,,,,,Seed-based provisional control: no seeded M+ in future 3-6h and no seeded M+ in previous 3h.
SHRGT45_全信息基准版_20260727,ALL_SAMPLE_SUPPLEMENT,NOAA11520_X1.4_20120712,X1.4,2012-07-12T15:37:00Z,11520,NEEDS_CLARIFICATION_OFFICIAL_GOES_JWFD_SNAPSHOT,NOAA_AR_MISMATCH_REQUIRES_REVIEW,1834,0,2012.07.12_09:36:00_TAI,2012-07-12T09:35:25Z,6.026389,45.754,,,,,0.01969933,8.337753e+22,0x00000000,ZERO_QUALITY,,LON_FWT=2.733;LAT_FWT=-17.077,NEGATIVE_CANDIDATE,PROVISIONAL_CONTROL_PENDING_FULL_MPLUS_CATALOG_AUDIT,JSOC definitive hmi.sharp_cea_720s keyword query; raw JSON copied from 20260723 cache unless --fetch used,1,0,1,0,0,16,16,0,0,,,0,0,1,0,0,0,,,,,,Seed-based provisional control: no seeded M+ in future 3-6h and no seeded M+ in previous 3h.
SHRGT45_全信息基准版_20260727,ALL_SAMPLE_SUPPLEMENT,NOAA11520_X1.4_20120712,X1.4,2012-07-12T15:37:00Z,11520,NEEDS_CLARIFICATION_OFFICIAL_GOES_JWFD_SNAPSHOT,NOAA_AR_MISMATCH_REQUIRES_REVIEW,1834,0,2012.07.12_09:48:00_TAI,2012-07-12T09:47:25Z,5.826389,45.844,,,,,0.02002117,8.31838e+22,0x00000000,ZERO_QUALITY,,LON_FWT=2.838;LAT_FWT=-17.073,POSITIVE_CANDIDATE,,JSOC definitive hmi.sharp_cea_720s keyword query; raw JSON copied from 20260723 cache unless --fetch used,1,0,1,0,0,16,16,0,0,,,0,0,1,0,0,0,,,,,,Future 3-6h contains the seeded M+ GOES-onset event.
SHRGT45_全信息基准版_20260727,ALL_SAMPLE_SUPPLEMENT,NOAA11520_X1.4_20120712,X1.4,2012-07-12T15:37:00Z,11520,NEEDS_CLARIFICATION_OFFICIAL_GOES_JWFD_SNAPSHOT,NOAA_AR_MISMATCH_REQUIRES_REVIEW,1834,0,2012.07.12_10:00:00_TAI,2012-07-12T09:59:25Z,5.626389,45.7,,,,,0.02018699,8.312485e+22,0x00000000,ZERO_QUALITY,,LON_FWT=2.941;LAT_FWT=-17.072,POSITIVE_CANDIDATE,,JSOC definitive hmi.sharp_cea_720s keyword query; raw JSON copied from 20260723 cache unless --fetch used,1,0,1,0,0,16,16,0,0,,,0,0,1,0,0,0,,,,,,Future 3-6h contains the seeded M+ GOES-onset event.
SHRGT45_全信息基准版_20260727,ALL_SAMPLE_SUPPLEMENT,NOAA11520_X1.4_20120712,X1.4,2012-07-12T15:37:00Z,11520,NEEDS_CLARIFICATION_OFFICIAL_GOES_JWFD_SNAPSHOT,NOAA_AR_MISMATCH_REQUIRES_REVIEW,1834,0,2012.07.12_10:12:00_TAI,2012-07-12T10:11:25Z,5.426389,45.851,,,,,0.01955258,8.317892e+22,0x00000000,ZERO_QUALITY,,LON_FWT=3.038;LAT_FWT=-17.065,POSITIVE_CANDIDATE,,JSOC definitive hmi.sharp_cea_720s keyword query; raw JSON copied from 20260723 cache unless --fetch used,1,0,1,0,0,16,16,0,0,,,0,0,1,0,0,0,,,,,,Future 3-6h contains the seeded M+ GOES-onset event.
SHRGT45_全信息基准版_20260727,ALL_SAMPLE_SUPPLEMENT,NOAA11520_X1.4_20120712,X1.4,2012-07-12T15:37:00Z,11520,NEEDS_CLARIFICATION_OFFICIAL_GOES_JWFD_SNAPSHOT,NOAA_AR_MISMATCH_REQUIRES_REVIEW,1834,0,2012.07.12_10:24:00_TAI,2012-07-12T10:23:25Z,5.226389,45.917,,,,,0.01991129,8.341637e+22,0x00000000,ZERO_QUALITY,,LON_FWT=3.155;LAT_FWT=-17.068,POSITIVE_CANDIDATE,,JSOC definitive hmi.sharp_cea_720s keyword query; raw JSON copied from 20260723 cache unless --fetch used,1,0,1,0,0,16,16,0,0,,,0,0,1,0,0,0,,,,,,Future 3-6h contains the seeded M+ GOES-onset event.
SHRGT45_全信息基准版_20260727,ALL_SAMPLE_SUPPLEMENT,NOAA11520_X1.4_20120712,X1.4,2012-07-12T15:37:00Z,11520,NEEDS_CLARIFICATION_OFFICIAL_GOES_JWFD_SNAPSHOT,NOAA_AR_MISMATCH_REQUIRES_REVIEW,1834,0,2012.07.12_10:36:00_TAI,2012-07-12T10:35:25Z,5.026389,45.585,,,,,0.0201344,8.364341e+22,0x00000000,ZERO_QUALITY,,LON_FWT=3.257;LAT_FWT=-17.071,POSITIVE_CANDIDATE,,JSOC definitive hmi.sharp_cea_720s keyword query; raw JSON copied from 20260723 cache unless --fetch used,1,0,1,0,0,16,16,0,0,,,0,0,1,0,0,0,,,,,,Future 3-6h contains the seeded M+ GOES-onset event.
SHRGT45_全信息基准版_20260727,ALL_SAMPLE_SUPPLEMENT,NOAA11520_X1.4_20120712,X1.4,2012-07-12T15:37:00Z,11520,NEEDS_CLARIFICATION_OFFICIAL_GOES_JWFD_SNAPSHOT,NOAA_AR_MISMATCH_REQUIRES_REVIEW,1834,0,2012.07.12_10:48:00_TAI,2012-07-12T10:47:25Z,4.826389,45.602,,,,,0.01993656,8.355643e+22,0x00000000,ZERO_QUALITY,,LON_FWT=3.377;LAT_FWT=-17.073,POSITIVE_CANDIDATE,,JSOC definitive hmi.sharp_cea_720s keyword query; raw JSON copied from 20260723 cache unless --fetch used,1,0,1,0,0,16,16,0,0,,,0,0,1,0,0,0,,,,,,Future 3-6h contains the seeded M+ GOES-onset event.
SHRGT45_全信息基准版_20260727,ALL_SAMPLE_SUPPLEMENT,NOAA11520_X1.4_20120712,X1.4,2012-07-12T15:37:00Z,11520,NEEDS_CLARIFICATION_OFFICIAL_GOES_JWFD_SNAPSHOT,NOAA_AR_MISMATCH_REQUIRES_REVIEW,1834,0,2012.07.12_11:00:00_TAI,2012-07-12T10:59:25Z,4.626389,45.266,,,,,0.01941479,8.354177e+22,0x00000000,ZERO_QUALITY,,LON_FWT=3.496;LAT_FWT=-17.064,POSITIVE_CANDIDATE,,JSOC definitive hmi.sharp_cea_720s keyword query; raw JSON copied from 20260723 cache unless --fetch used,1,0,1,0,0,16,16,0,0,,,0,0,1,0,0,0,,,,,,Future 3-6h contains the seeded M+ GOES-onset event.
SHRGT45_全信息基准版_20260727,ALL_SAMPLE_SUPPLEMENT,NOAA11520_X1.4_20120712,X1.4,2012-07-12T15:37:00Z,11520,NEEDS_CLARIFICATION_OFFICIAL_GOES_JWFD_SNAPSHOT,NOAA_AR_MISMATCH_REQUIRES_REVIEW,1834,0,2012.07.12_11:12:00_TAI,2012-07-12T11:11:25Z,4.426389,45.418,,,,,0.01940318,8.376619e+22,0x00000000,ZERO_QUALITY,,LON_FWT=3.606;LAT_FWT=-17.066,POSITIVE_CANDIDATE,,JSOC definitive hmi.sharp_cea_720s keyword query; raw JSON copied from 20260723 cache unless --fetch used,1,0,1,0,0,16,16,0,0,,,0,0,1,0,0,0,,,,,,Future 3-6h contains the seeded M+ GOES-onset event.
SHRGT45_全信息基准版_20260727,ALL_SAMPLE_SUPPLEMENT,NOAA11520_X1.4_20120712,X1.4,2012-07-12T15:37:00Z,11520,NEEDS_CLARIFICATION_OFFICIAL_GOES_JWFD_SNAPSHOT,NOAA_AR_MISMATCH_REQUIRES_REVIEW,1834,0,2012.07.12_11:24:00_TAI,2012-07-12T11:23:25Z,4.226389,45.532,,,,,0.01958962,8.404754e+22,0x00000000,ZERO_QUALITY,,LON_FWT=3.714;LAT_FWT=-17.061,POSITIVE_CANDIDATE,,JSOC definitive hmi.sharp_cea_720s keyword query; raw JSON copied from 20260723 cache unless --fetch used,1,0,1,0,0,16,16,0,0,,,0,0,1,0,0,0,,,,,,Future 3-6h contains the seeded M+ GOES-onset event.
SHRGT45_全信息基准版_20260727,ALL_SAMPLE_SUPPLEMENT,NOAA11520_X1.4_20120712,X1.4,2012-07-12T15:37:00Z,11520,NEEDS_CLARIFICATION_OFFICIAL_GOES_JWFD_SNAPSHOT,NOAA_AR_MISMATCH_REQUIRES_REVIEW,1834,0,2012.07.12_11:36:00_TAI,2012-07-12T11:35:25Z,4.026389,45.424,,,,,0.01957005,8.423852e+22,0x00000000,ZERO_QUALITY,,LON_FWT=3.815;LAT_FWT=-17.058,POSITIVE_CANDIDATE,,JSOC definitive hmi.sharp_cea_720s keyword query; raw JSON copied from 20260723 cache unless --fetch used,1,0,1,0,0,16,16,0,0,,,0,0,1,0,0,0,,,,,,Future 3-6h contains the seeded M+ GOES-onset event.
SHRGT45_全信息基准版_20260727,ALL_SAMPLE_SUPPLEMENT,NOAA11520_X1.4_20120712,X1.4,2012-07-12T15:37:00Z,11520,NEEDS_CLARIFICATION_OFFICIAL_GOES_JWFD_SNAPSHOT,NOAA_AR_MISMATCH_REQUIRES_REVIEW,1834,0,2012.07.12_11:48:00_TAI,2012-07-12T11:47:25Z,3.826389,45.372,,,,,0.01932815,8.431276e+22,0x00000000,ZERO_QUALITY,,LON_FWT=3.919;LAT_FWT=-17.051,POSITIVE_CANDIDATE,,JSOC definitive hmi.sharp_cea_720s keyword query; raw JSON copied from 20260723 cache unless --fetch used,1,0,1,0,0,16,16,0,0,,,0,0,1,0,0,0,,,,,,Future 3-6h contains the seeded M+ GOES-onset event.
SHRGT45_全信息基准版_20260727,ALL_SAMPLE_SUPPLEMENT,NOAA11520_X1.4_20120712,X1.4,2012-07-12T15:37:00Z,11520,NEEDS_CLARIFICATION_OFFICIAL_GOES_JWFD_SNAPSHOT,NOAA_AR_MISMATCH_REQUIRES_REVIEW,1834,0,2012.07.12_12:00:00_TAI,2012-07-12T11:59:25Z,3.626389,45.208,,,,,0.01957004,8.455416e+22,0x00000000,ZERO_QUALITY,,LON_FWT=4.030;LAT_FWT=-17.052,POSITIVE_CANDIDATE,,JSOC definitive hmi.sharp_cea_720s keyword query; raw JSON copied from 20260723 cache unless --fetch used,1,0,1,0,0,16,16,0,0,,,0,0,1,0,0,0,,,,,,Future 3-6h contains the seeded M+ GOES-onset event.
SHRGT45_全信息基准版_20260727,ALL_SAMPLE_SUPPLEMENT,NOAA11520_X1.4_20120712,X1.4,2012-07-12T15:37:00Z,11520,NEEDS_CLARIFICATION_OFFICIAL_GOES_JWFD_SNAPSHOT,NOAA_AR_MISMATCH_REQUIRES_REVIEW,1834,0,2012.07.12_12:12:00_TAI,2012-07-12T12:11:25Z,3.426389,45.083,,,,,0.01974256,8.463503e+22,0x00000000,ZERO_QUALITY,,LON_FWT=4.135;LAT_FWT=-17.057,POSITIVE_CANDIDATE,,JSOC definitive hmi.sharp_cea_720s keyword query; raw JSON copied from 20260723 cache unless --fetch used,1,0,1,0,0,16,16,0,0,,,0,0,1,0,0,0,,,,,,Future 3-6h contains the seeded M+ GOES-onset event.
SHRGT45_全信息基准版_20260727,ALL_SAMPLE_SUPPLEMENT,NOAA11520_X1.4_20120712,X1.4,2012-07-12T15:37:00Z,11520,NEEDS_CLARIFICATION_OFFICIAL_GOES_JWFD_SNAPSHOT,NOAA_AR_MISMATCH_REQUIRES_REVIEW,1834,0,2012.07.12_12:24:00_TAI,2012-07-12T12:23:25Z,3.226389,45.465,,,,,0.01929644,8.462141e+22,0x00000000,ZERO_QUALITY,,LON_FWT=4.237;LAT_FWT=-17.058,POSITIVE_CANDIDATE,,JSOC definitive hmi.sharp_cea_720s keyword query; raw JSON copied from 20260723 cache unless --fetch used,1,0,1,0,0,16,16,0,0,,,0,0,1,0,0,0,,,,,,Future 3-6h contains the seeded M+ GOES-onset event.
SHRGT45_全信息基准版_20260727,ALL_SAMPLE_SUPPLEMENT,NOAA11520_X1.4_20120712,X1.4,2012-07-12T15:37:00Z,11520,NEEDS_CLARIFICATION_OFFICIAL_GOES_JWFD_SNAPSHOT,NOAA_AR_MISMATCH_REQUIRES_REVIEW,1834,0,2012.07.12_12:36:00_TAI,2012-07-12T12:35:25Z,3.026389,45.181,,,,,0.01977262,8.480498e+22,0x00000000,ZERO_QUALITY,,LON_FWT=4.351;LAT_FWT=-17.062,POSITIVE_CANDIDATE,,JSOC definitive hmi.sharp_cea_720s keyword query; raw JSON copied from 20260723 cache unless --fetch used,1,0,1,0,0,16,16,0,0,,,0,0,1,0,0,0,,,,,,Future 3-6h contains the seeded M+ GOES-onset event.
SHRGT45_全信息基准版_20260727,ALL_SAMPLE_SUPPLEMENT,NOAA11520_X1.4_20120712,X1.4,2012-07-12T15:37:00Z,11520,NEEDS_CLARIFICATION_OFFICIAL_GOES_JWFD_SNAPSHOT,NOAA_AR_MISMATCH_REQUIRES_REVIEW,1834,0,2012.07.12_12:48:00_TAI,2012-07-12T12:47:25Z,2.826389,45.351,,,,,0.01914128,8.479427e+22,0x00000000,ZERO_QUALITY,,LON_FWT=4.455;LAT_FWT=-17.064,BUFFER_OR_EXCLUDE,,JSOC definitive hmi.sharp_cea_720s keyword query; raw JSON copied from 20260723 cache unless --fetch used,1,0,1,0,0,16,16,0,0,,,0,0,1,1,0,0,,,,,,Future 0-3h contains M+; excluded from 3-6h main analysis.
SHRGT45_全信息基准版_20260727,ALL_SAMPLE_SUPPLEMENT,NOAA11520_X1.4_20120712,X1.4,2012-07-12T15:37:00Z,11520,NEEDS_CLARIFICATION_OFFICIAL_GOES_JWFD_SNAPSHOT,NOAA_AR_MISMATCH_REQUIRES_REVIEW,1834,0,2012.07.12_13:00:00_TAI,2012-07-12T12:59:25Z,2.626389,45.161,,,,,0.0198159,8.477698e+22,0x00000000,ZERO_QUALITY,,LON_FWT=4.549;LAT_FWT=-17.066,BUFFER_OR_EXCLUDE,,JSOC definitive hmi.sharp_cea_720s keyword query; raw JSON copied from 20260723 cache unless --fetch used,1,0,1,0,0,16,16,0,0,,,0,0,1,1,0,0,,,,,,Future 0-3h contains M+; excluded from 3-6h main analysis.
SHRGT45_全信息基准版_20260727,ALL_SAMPLE_SUPPLEMENT,NOAA11520_X1.4_20120712,X1.4,2012-07-12T15:37:00Z,11520,NEEDS_CLARIFICATION_OFFICIAL_GOES_JWFD_SNAPSHOT,NOAA_AR_MISMATCH_REQUIRES_REVIEW,1834,0,2012.07.12_13:12:00_TAI,2012-07-12T13:11:25Z,2.426389,44.967,,,,,0.01971161,8.519368e+22,0x00000000,ZERO_QUALITY,,LON_FWT=4.653;LAT_FWT=-17.067,BUFFER_OR_EXCLUDE,,JSOC definitive hmi.sharp_cea_720s keyword query; raw JSON copied from 20260723 cache unless --fetch used,1,0,1,0,0,16,16,0,0,,,0,0,1,1,0,0,,,,,,Future 0-3h contains M+; excluded from 3-6h main analysis.
SHRGT45_全信息基准版_20260727,ALL_SAMPLE_SUPPLEMENT,NOAA11520_X1.4_20120712,X1.4,2012-07-12T15:37:00Z,11520,NEEDS_CLARIFICATION_OFFICIAL_GOES_JWFD_SNAPSHOT,NOAA_AR_MISMATCH_REQUIRES_REVIEW,1834,0,2012.07.12_13:24:00_TAI,2012-07-12T13:23:25Z,2.226389,44.863,,,,,0.01995432,8.517162e+22,0x00000000,ZERO_QUALITY,,LON_FWT=4.756;LAT_FWT=-17.068,BUFFER_OR_EXCLUDE,,JSOC definitive hmi.sharp_cea_720s keyword query; raw JSON copied from 20260723 cache unless --fetch used,1,0,1,0,0,16,16,0,0,,,0,0,1,1,0,0,,,,,,Future 0-3h contains M+; excluded from 3-6h main analysis.
SHRGT45_全信息基准版_20260727,ALL_SAMPLE_SUPPLEMENT,NOAA11520_X1.4_20120712,X1.4,2012-07-12T15:37:00Z,11520,NEEDS_CLARIFICATION_OFFICIAL_GOES_JWFD_SNAPSHOT,NOAA_AR_MISMATCH_REQUIRES_REVIEW,1834,0,2012.07.12_13:36:00_TAI,2012-07-12T13:35:25Z,2.026389,44.825,,,,,0.01967226,8.539058e+22,0x00000000,ZERO_QUALITY,,LON_FWT=4.860;LAT_FWT=-17.058,BUFFER_OR_EXCLUDE,,JSOC definitive hmi.sharp_cea_720s keyword query; raw JSON copied from 20260723 cache unless --fetch used,1,0,1,0,0,16,16,0,0,,,0,0,1,1,0,0,,,,,,Future 0-3h contains M+; excluded from 3-6h main analysis.
SHRGT45_全信息基准版_20260727,ALL_SAMPLE_SUPPLEMENT,NOAA11520_X1.4_20120712,X1.4,2012-07-12T15:37:00Z,11520,NEEDS_CLARIFICATION_OFFICIAL_GOES_JWFD_SNAPSHOT,NOAA_AR_MISMATCH_REQUIRES_REVIEW,1834,0,2012.07.12_13:48:00_TAI,2012-07-12T13:47:25Z,1.826389,44.928,,,,,0.01919533,8.509304e+22,0x00000000,ZERO_QUALITY,,LON_FWT=4.965;LAT_FWT=-17.054,BUFFER_OR_EXCLUDE,,JSOC definitive hmi.sharp_cea_720s keyword query; raw JSON copied from 20260723 cache unless --fetch used,1,0,1,0,0,16,16,0,0,,,0,0,1,1,0,0,,,,,,Future 0-3h contains M+; excluded from 3-6h main analysis.
SHRGT45_全信息基准版_20260727,ALL_SAMPLE_SUPPLEMENT,NOAA11520_X1.4_20120712,X1.4,2012-07-12T15:37:00Z,11520,NEEDS_CLARIFICATION_OFFICIAL_GOES_JWFD_SNAPSHOT,NOAA_AR_MISMATCH_REQUIRES_REVIEW,1834,0,2012.07.12_14:00:00_TAI,2012-07-12T13:59:25Z,1.626389,44.738,,,,,0.01929708,8.523187e+22,0x00000000,ZERO_QUALITY,,LON_FWT=5.057;LAT_FWT=-17.048,BUFFER_OR_EXCLUDE,,JSOC definitive hmi.sharp_cea_720s keyword query; raw JSON copied from 20260723 cache unless --fetch used,1,0,1,0,0,16,16,0,0,,,0,0,1,1,0,0,,,,,,Future 0-3h contains M+; excluded from 3-6h main analysis.
SHRGT45_全信息基准版_20260727,ALL_SAMPLE_SUPPLEMENT,NOAA11520_X1.4_20120712,X1.4,2012-07-12T15:37:00Z,11520,NEEDS_CLARIFICATION_OFFICIAL_GOES_JWFD_SNAPSHOT,NOAA_AR_MISMATCH_REQUIRES_REVIEW,1834,0,2012.07.12_14:12:00_TAI,2012-07-12T14:11:25Z,1.426389,44.893,,,,,0.01935983,8.515476e+22,0x00000000,ZERO_QUALITY,,LON_FWT=5.157;LAT_FWT=-17.054,BUFFER_OR_EXCLUDE,,JSOC definitive hmi.sharp_cea_720s keyword query; raw JSON copied from 20260723 cache unless --fetch used,1,0,1,0,0,16,16,0,0,,,0,0,1,1,0,0,,,,,,Future 0-3h contains M+; excluded from 3-6h main analysis.
SHRGT45_全信息基准版_20260727,ALL_SAMPLE_SUPPLEMENT,NOAA11520_X1.4_20120712,X1.4,2012-07-12T15:37:00Z,11520,NEEDS_CLARIFICATION_OFFICIAL_GOES_JWFD_SNAPSHOT,NOAA_AR_MISMATCH_REQUIRES_REVIEW,1834,0,2012.07.12_14:24:00_TAI,2012-07-12T14:23:25Z,1.226389,44.813,,,,,0.01942386,8.528319e+22,0x00000000,ZERO_QUALITY,,LON_FWT=5.268;LAT_FWT=-17.057,BUFFER_OR_EXCLUDE,,JSOC definitive hmi.sharp_cea_720s keyword query; raw JSON copied from 20260723 cache unless --fetch used,1,0,1,0,0,16,16,0,0,,,0,0,1,1,0,0,,,,,,Future 0-3h contains M+; excluded from 3-6h main analysis.
SHRGT45_全信息基准版_20260727,ALL_SAMPLE_SUPPLEMENT,NOAA11520_X1.4_20120712,X1.4,2012-07-12T15:37:00Z,11520,NEEDS_CLARIFICATION_OFFICIAL_GOES_JWFD_SNAPSHOT,NOAA_AR_MISMATCH_REQUIRES_REVIEW,1834,0,2012.07.12_14:36:00_TAI,2012-07-12T14:35:25Z,1.026389,44.858,,,,,0.01918882,8.522569e+22,0x00000000,ZERO_QUALITY,,LON_FWT=5.376;LAT_FWT=-17.061,BUFFER_OR_EXCLUDE,,JSOC definitive hmi.sharp_cea_720s keyword query; raw JSON copied from 20260723 cache unless --fetch used,1,0,1,0,0,16,16,0,0,,,0,0,1,1,0,0,,,,,,Future 0-3h contains M+; excluded from 3-6h main analysis.
SHRGT45_全信息基准版_20260727,ALL_SAMPLE_SUPPLEMENT,NOAA11520_X1.4_20120712,X1.4,2012-07-12T15:37:00Z,11520,NEEDS_CLARIFICATION_OFFICIAL_GOES_JWFD_SNAPSHOT,NOAA_AR_MISMATCH_REQUIRES_REVIEW,1834,0,2012.07.12_14:48:00_TAI,2012-07-12T14:47:25Z,0.826389,44.78,,,,,0.01939716,8.519263e+22,0x00000000,ZERO_QUALITY,,LON_FWT=5.479;LAT_FWT=-17.054,BUFFER_OR_EXCLUDE,,JSOC definitive hmi.sharp_cea_720s keyword query; raw JSON copied from 20260723 cache unless --fetch used,1,0,1,0,0,16,16,0,0,,,0,0,1,1,0,0,,,,,,Future 0-3h contains M+; excluded from 3-6h main analysis.
SHRGT45_全信息基准版_20260727,ALL_SAMPLE_SUPPLEMENT,NOAA11520_X1.4_20120712,X1.4,2012-07-12T15:37:00Z,11520,NEEDS_CLARIFICATION_OFFICIAL_GOES_JWFD_SNAPSHOT,NOAA_AR_MISMATCH_REQUIRES_REVIEW,1834,0,2012.07.12_15:00:00_TAI,2012-07-12T14:59:25Z,0.626389,44.85,,,,,0.01887468,8.490984e+22,0x00000000,ZERO_QUALITY,,LON_FWT=5.589;LAT_FWT=-17.055,BUFFER_OR_EXCLUDE,,JSOC definitive hmi.sharp_cea_720s keyword query; raw JSON copied from 20260723 cache unless --fetch used,1,0,1,0,0,16,16,0,0,,,0,0,1,1,0,0,,,,,,Future 0-3h contains M+; excluded from 3-6h main analysis.
SHRGT45_全信息基准版_20260727,ALL_SAMPLE_SUPPLEMENT,NOAA11520_X1.4_20120712,X1.4,2012-07-12T15:37:00Z,11520,NEEDS_CLARIFICATION_OFFICIAL_GOES_JWFD_SNAPSHOT,NOAA_AR_MISMATCH_REQUIRES_REVIEW,1834,0,2012.07.12_15:12:00_TAI,2012-07-12T15:11:25Z,0.426389,44.586,,,,,0.01914588,8.488102e+22,0x00000000,ZERO_QUALITY,,LON_FWT=5.681;LAT_FWT=-17.057,BUFFER_OR_EXCLUDE,,JSOC definitive hmi.sharp_cea_720s keyword query; raw JSON copied from 20260723 cache unless --fetch used,1,0,1,0,0,16,16,0,0,,,0,0,1,1,0,0,,,,,,Future 0-3h contains M+; excluded from 3-6h main analysis.
SHRGT45_全信息基准版_20260727,ALL_SAMPLE_SUPPLEMENT,NOAA11520_X1.4_20120712,X1.4,2012-07-12T15:37:00Z,11520,NEEDS_CLARIFICATION_OFFICIAL_GOES_JWFD_SNAPSHOT,NOAA_AR_MISMATCH_REQUIRES_REVIEW,1834,0,2012.07.12_15:24:00_TAI,2012-07-12T15:23:25Z,0.226389,44.575,,,,,0.0186564,8.484528e+22,0x00000000,ZERO_QUALITY,,LON_FWT=5.774;LAT_FWT=-17.056,BUFFER_OR_EXCLUDE,,JSOC definitive hmi.sharp_cea_720s keyword query; raw JSON copied from 20260723 cache unless --fetch used,1,0,1,0,0,16,16,0,0,,,0,0,1,1,0,0,,,,,,Future 0-3h contains M+; excluded from 3-6h main analysis.
SHRGT45_全信息基准版_20260727,ALL_SAMPLE_SUPPLEMENT,NOAA11429_X5.4_20120307,X5.4,2012-03-07T00:02:00Z,11429,NEEDS_CLARIFICATION_OFFICIAL_GOES_JWFD_SNAPSHOT,MATCHES_EVENT_NOAA_AR,1449,11429,2012.03.06_12:00:00_TAI,2012-03-06T11:59:26Z,12.042778,48.903,,,,,-0.04952974,5.152514e+22,0x00000000,ZERO_QUALITY,,LON_FWT=-32.943;LAT_FWT=17.617,NEGATIVE_CANDIDATE,PROVISIONAL_CONTROL_PENDING_FULL_MPLUS_CATALOG_AUDIT,JSOC definitive hmi.sharp_cea_720s keyword query; raw JSON copied from 20260723 cache unless --fetch used,1,1,1,0,0,16,1,1,15,0.0,0.0,0,0,1,0,0,0,2012.03.06_12:00:00_TAI,2012.03.06_12:00:00_TAI,,,,Seed-based provisional control: no seeded M+ in future 3-6h and no seeded M+ in previous 3h.
SHRGT45_全信息基准版_20260727,ALL_SAMPLE_SUPPLEMENT,NOAA11429_X5.4_20120307,X5.4,2012-03-07T00:02:00Z,11429,NEEDS_CLARIFICATION_OFFICIAL_GOES_JWFD_SNAPSHOT,MATCHES_EVENT_NOAA_AR,1449,11429,2012.03.06_12:12:00_TAI,2012-03-06T12:11:26Z,11.842778,48.839,,,,,-0.04957977,5.154223e+22,0x00000000,ZERO_QUALITY,,LON_FWT=-32.807;LAT_FWT=17.623,NEGATIVE_CANDIDATE,PROVISIONAL_CONTROL_PENDING_FULL_MPLUS_CATALOG_AUDIT,JSOC definitive hmi.sharp_cea_720s keyword query; raw JSON copied from 20260723 cache unless --fetch used,1,1,1,0,0,16,2,2,14,12.0,12.0,0,0,1,0,0,0,2012.03.06_12:00:00_TAI,2012.03.06_12:12:00_TAI,,,,Seed-based provisional control: no seeded M+ in future 3-6h and no seeded M+ in previous 3h.
SHRGT45_全信息基准版_20260727,ALL_SAMPLE_SUPPLEMENT,NOAA11429_X5.4_20120307,X5.4,2012-03-07T00:02:00Z,11429,NEEDS_CLARIFICATION_OFFICIAL_GOES_JWFD_SNAPSHOT,MATCHES_EVENT_NOAA_AR,1449,11429,2012.03.06_12:24:00_TAI,2012-03-06T12:23:26Z,11.642778,48.559,,,,,-0.04929499,5.142906e+22,0x00000000,ZERO_QUALITY,,LON_FWT=-32.683;LAT_FWT=17.630,NEGATIVE_CANDIDATE,PROVISIONAL_CONTROL_PENDING_FULL_MPLUS_CATALOG_AUDIT,JSOC definitive hmi.sharp_cea_720s keyword query; raw JSON copied from 20260723 cache unless --fetch used,1,1,1,0,0,16,3,3,13,24.0,12.0,0,0,1,0,0,0,2012.03.06_12:00:00_TAI,2012.03.06_12:24:00_TAI,,,,Seed-based provisional control: no seeded M+ in future 3-6h and no seeded M+ in previous 3h.
SHRGT45_全信息基准版_20260727,ALL_SAMPLE_SUPPLEMENT,NOAA11429_X5.4_20120307,X5.4,2012-03-07T00:02:00Z,11429,NEEDS_CLARIFICATION_OFFICIAL_GOES_JWFD_SNAPSHOT,MATCHES_EVENT_NOAA_AR,1449,11429,2012.03.06_12:36:00_TAI,2012-03-06T12:35:26Z,11.442778,48.692,,,,,-0.05010889,5.1464e+22,0x00000000,ZERO_QUALITY,,LON_FWT=-32.548;LAT_FWT=17.633,NEGATIVE_CANDIDATE,PROVISIONAL_CONTROL_PENDING_FULL_MPLUS_CATALOG_AUDIT,JSOC definitive hmi.sharp_cea_720s keyword query; raw JSON copied from 20260723 cache unless --fetch used,1,1,1,0,0,16,4,4,12,36.0,12.0,0,0,1,0,0,0,2012.03.06_12:00:00_TAI,2012.03.06_12:36:00_TAI,,,,Seed-based provisional control: no seeded M+ in future 3-6h and no seeded M+ in previous 3h.
SHRGT45_全信息基准版_20260727,ALL_SAMPLE_SUPPLEMENT,NOAA11429_X5.4_20120307,X5.4,2012-03-07T00:02:00Z,11429,NEEDS_CLARIFICATION_OFFICIAL_GOES_JWFD_SNAPSHOT,MATCHES_EVENT_NOAA_AR,1449,11429,2012.03.06_12:48:00_TAI,2012-03-06T12:47:26Z,11.242778,49.008,,,,,-0.05005154,5.134525e+22,0x00000000,ZERO_QUALITY,,LON_FWT=-32.418;LAT_FWT=17.644,NEGATIVE_CANDIDATE,PROVISIONAL_CONTROL_PENDING_FULL_MPLUS_CATALOG_AUDIT,JSOC definitive hmi.sharp_cea_720s keyword query; raw JSON copied from 20260723 cache unless --fetch used,1,1,1,0,0,16,5,5,11,48.0,12.0,0,0,1,0,0,0,2012.03.06_12:00:00_TAI,2012.03.06_12:48:00_TAI,,,,Seed-based provisional control: no seeded M+ in future 3-6h and no seeded M+ in previous 3h.
SHRGT45_全信息基准版_20260727,ALL_SAMPLE_SUPPLEMENT,NOAA11429_X5.4_20120307,X5.4,2012-03-07T00:02:00Z,11429,NEEDS_CLARIFICATION_OFFICIAL_GOES_JWFD_SNAPSHOT,MATCHES_EVENT_NOAA_AR,1449,11429,2012.03.06_13:00:00_TAI,2012-03-06T12:59:26Z,11.042778,49.108,,,,,-0.04829996,5.154778e+22,0x00000000,ZERO_QUALITY,,LON_FWT=-32.297;LAT_FWT=17.650,NEGATIVE_CANDIDATE,PROVISIONAL_CONTROL_PENDING_FULL_MPLUS_CATALOG_AUDIT,JSOC definitive hmi.sharp_cea_720s keyword query; raw JSON copied from 20260723 cache unless --fetch used,1,1,1,0,0,16,6,6,10,60.0,12.0,0,0,1,0,0,0,2012.03.06_12:00:00_TAI,2012.03.06_13:00:00_TAI,,,,Seed-based provisional control: no seeded M+ in future 3-6h and no seeded M+ in previous 3h.
SHRGT45_全信息基准版_20260727,ALL_SAMPLE_SUPPLEMENT,NOAA11429_X5.4_20120307,X5.4,2012-03-07T00:02:00Z,11429,NEEDS_CLARIFICATION_OFFICIAL_GOES_JWFD_SNAPSHOT,MATCHES_EVENT_NOAA_AR,1449,11429,2012.03.06_13:12:00_TAI,2012-03-06T13:11:26Z,10.842778,49.261,,,,,-0.05006887,5.154811e+22,0x00000000,ZERO_QUALITY,,LON_FWT=-32.191;LAT_FWT=17.651,NEGATIVE_CANDIDATE,PROVISIONAL_CONTROL_PENDING_FULL_MPLUS_CATALOG_AUDIT,JSOC definitive hmi.sharp_cea_720s keyword query; raw JSON copied from 20260723 cache unless --fetch used,1,1,1,0,0,16,7,7,9,72.0,12.0,0,0,1,0,0,0,2012.03.06_12:00:00_TAI,2012.03.06_13:12:00_TAI,,,,Seed-based provisional control: no seeded M+ in future 3-6h and no seeded M+ in previous 3h.
SHRGT45_全信息基准版_20260727,ALL_SAMPLE_SUPPLEMENT,NOAA11429_X5.4_20120307,X5.4,2012-03-07T00:02:00Z,11429,NEEDS_CLARIFICATION_OFFICIAL_GOES_JWFD_SNAPSHOT,MATCHES_EVENT_NOAA_AR,1449,11429,2012.03.06_13:24:00_TAI,2012-03-06T13:23:26Z,10.642778,49.543,,,,,-0.05123984,5.143186e+22,0x00000000,ZERO_QUALITY,,LON_FWT=-32.087;LAT_FWT=17.657,NEGATIVE_CANDIDATE,PROVISIONAL_CONTROL_PENDING_FULL_MPLUS_CATALOG_AUDIT,JSOC definitive hmi.sharp_cea_720s keyword query; raw JSON copied from 20260723 cache unless --fetch used,1,1,1,0,0,16,8,8,8,84.0,12.0,0,0,1,0,0,0,2012.03.06_12:00:00_TAI,2012.03.06_13:24:00_TAI,,,,Seed-based provisional control: no seeded M+ in future 3-6h and no seeded M+ in previous 3h.
SHRGT45_全信息基准版_20260727,ALL_SAMPLE_SUPPLEMENT,NOAA11429_X5.4_20120307,X5.4,2012-03-07T00:02:00Z,11429,NEEDS_CLARIFICATION_OFFICIAL_GOES_JWFD_SNAPSHOT,MATCHES_EVENT_NOAA_AR,1449,11429,2012.03.06_13:36:00_TAI,2012-03-06T13:35:26Z,10.442778,49.451,,,,,-0.05141411,5.143848e+22,0x00000000,ZERO_QUALITY,,LON_FWT=-31.960;LAT_FWT=17.653,NEGATIVE_CANDIDATE,PROVISIONAL_CONTROL_PENDING_FULL_MPLUS_CATALOG_AUDIT,JSOC definitive hmi.sharp_cea_720s keyword query; raw JSON copied from 20260723 cache unless --fetch used,1,1,1,0,0,16,9,9,7,96.0,12.0,0,0,1,0,0,0,2012.03.06_12:00:00_TAI,2012.03.06_13:36:00_TAI,,,,Seed-based provisional control: no seeded M+ in future 3-6h and no seeded M+ in previous 3h.
SHRGT45_全信息基准版_20260727,ALL_SAMPLE_SUPPLEMENT,NOAA11429_X5.4_20120307,X5.4,2012-03-07T00:02:00Z,11429,NEEDS_CLARIFICATION_OFFICIAL_GOES_JWFD_SNAPSHOT,MATCHES_EVENT_NOAA_AR,1449,11429,2012.03.06_13:48:00_TAI,2012-03-06T13:47:26Z,10.242778,49.168,,,,,-0.04953213,5.163079e+22,0x00000000,ZERO_QUALITY,,LON_FWT=-31.820;LAT_FWT=17.668,NEGATIVE_CANDIDATE,PROVISIONAL_CONTROL_PENDING_FULL_MPLUS_CATALOG_AUDIT,JSOC definitive hmi.sharp_cea_720s keyword query; raw JSON copied from 20260723 cache unless --fetch used,1,1,1,0,0,16,10,10,6,108.0,12.0,0,0,1,0,0,0,2012.03.06_12:00:00_TAI,2012.03.06_13:48:00_TAI,,,,Seed-based provisional control: no seeded M+ in future 3-6h and no seeded M+ in previous 3h.
SHRGT45_全信息基准版_20260727,ALL_SAMPLE_SUPPLEMENT,NOAA11429_X5.4_20120307,X5.4,2012-03-07T00:02:00Z,11429,NEEDS_CLARIFICATION_OFFICIAL_GOES_JWFD_SNAPSHOT,MATCHES_EVENT_NOAA_AR,1449,11429,2012.03.06_14:00:00_TAI,2012-03-06T13:59:26Z,10.042778,48.791,,,,,-0.05067992,5.181683e+22,0x00000000,ZERO_QUALITY,,LON_FWT=-31.689;LAT_FWT=17.680,NEGATIVE_CANDIDATE,PROVISIONAL_CONTROL_PENDING_FULL_MPLUS_CATALOG_AUDIT,JSOC definitive hmi.sharp_cea_720s keyword query; raw JSON copied from 20260723 cache unless --fetch used,1,1,1,0,0,16,11,11,5,120.0,12.0,0,0,1,0,0,0,2012.03.06_12:00:00_TAI,2012.03.06_14:00:00_TAI,,,,Seed-based provisional control: no seeded M+ in future 3-6h and no seeded M+ in previous 3h.
SHRGT45_全信息基准版_20260727,ALL_SAMPLE_SUPPLEMENT,NOAA11429_X5.4_20120307,X5.4,2012-03-07T00:02:00Z,11429,NEEDS_CLARIFICATION_OFFICIAL_GOES_JWFD_SNAPSHOT,MATCHES_EVENT_NOAA_AR,1449,11429,2012.03.06_14:12:00_TAI,2012-03-06T14:11:26Z,9.842778,48.735,,,,,-0.05102346,5.205139e+22,0x00000000,ZERO_QUALITY,,LON_FWT=-31.565;LAT_FWT=17.683,NEGATIVE_CANDIDATE,PROVISIONAL_CONTROL_PENDING_FULL_MPLUS_CATALOG_AUDIT,JSOC definitive hmi.sharp_cea_720s keyword query; raw JSON copied from 20260723 cache unless --fetch used,1,1,1,0,0,16,12,12,4,132.0,12.0,0,0,1,0,0,0,2012.03.06_12:00:00_TAI,2012.03.06_14:12:00_TAI,,,,Seed-based provisional control: no seeded M+ in future 3-6h and no seeded M+ in previous 3h.
SHRGT45_全信息基准版_20260727,ALL_SAMPLE_SUPPLEMENT,NOAA11429_X5.4_20120307,X5.4,2012-03-07T00:02:00Z,11429,NEEDS_CLARIFICATION_OFFICIAL_GOES_JWFD_SNAPSHOT,MATCHES_EVENT_NOAA_AR,1449,11429,2012.03.06_14:24:00_TAI,2012-03-06T14:23:26Z,9.642778,48.491,,,,,-0.05134577,5.219715e+22,0x00000000,ZERO_QUALITY,,LON_FWT=-31.458;LAT_FWT=17.681,NEGATIVE_CANDIDATE,PROVISIONAL_CONTROL_PENDING_FULL_MPLUS_CATALOG_AUDIT,JSOC definitive hmi.sharp_cea_720s keyword query; raw JSON copied from 20260723 cache unless --fetch used,1,1,1,0,0,16,13,13,3,144.0,12.0,0,0,1,0,0,0,2012.03.06_12:00:00_TAI,2012.03.06_14:24:00_TAI,,,,Seed-based provisional control: no seeded M+ in future 3-6h and no seeded M+ in previous 3h.
SHRGT45_全信息基准版_20260727,ALL_SAMPLE_SUPPLEMENT,NOAA11429_X5.4_20120307,X5.4,2012-03-07T00:02:00Z,11429,NEEDS_CLARIFICATION_OFFICIAL_GOES_JWFD_SNAPSHOT,MATCHES_EVENT_NOAA_AR,1449,11429,2012.03.06_14:36:00_TAI,2012-03-06T14:35:26Z,9.442778,48.483,,,,,-0.0517698,5.234734e+22,0x00000000,ZERO_QUALITY,,LON_FWT=-31.346;LAT_FWT=17.689,NEGATIVE_CANDIDATE,PROVISIONAL_CONTROL_PENDING_FULL_MPLUS_CATALOG_AUDIT,JSOC definitive hmi.sharp_cea_720s keyword query; raw JSON copied from 20260723 cache unless --fetch used,1,1,1,0,0,16,14,14,2,156.0,12.0,0,0,1,0,0,0,2012.03.06_12:00:00_TAI,2012.03.06_14:36:00_TAI,,,,Seed-based provisional control: no seeded M+ in future 3-6h and no seeded M+ in previous 3h.
SHRGT45_全信息基准版_20260727,ALL_SAMPLE_SUPPLEMENT,NOAA11429_X5.4_20120307,X5.4,2012-03-07T00:02:00Z,11429,NEEDS_CLARIFICATION_OFFICIAL_GOES_JWFD_SNAPSHOT,MATCHES_EVENT_NOAA_AR,1449,11429,2012.03.06_14:48:00_TAI,2012-03-06T14:47:26Z,9.242778,48.489,-0.098982,-0.414,,,-0.05217304,5.253711e+22,0x00000000,ZERO_QUALITY,,LON_FWT=-31.228;LAT_FWT=17.687,NEGATIVE_CANDIDATE,PROVISIONAL_CONTROL_PENDING_FULL_MPLUS_CATALOG_AUDIT,JSOC definitive hmi.sharp_cea_720s keyword query; raw JSON copied from 20260723 cache unless --fetch used,1,1,1,0,0,16,15,15,1,168.0,12.0,1,0,1,0,1,0,2012.03.06_12:00:00_TAI,2012.03.06_14:48:00_TAI,,,,Seed-based provisional control: no seeded M+ in future 3-6h and no seeded M+ in previous 3h.
SHRGT45_全信息基准版_20260727,ALL_SAMPLE_SUPPLEMENT,NOAA11429_X5.4_20120307,X5.4,2012-03-07T00:02:00Z,11429,NEEDS_CLARIFICATION_OFFICIAL_GOES_JWFD_SNAPSHOT,MATCHES_EVENT_NOAA_AR,1449,11429,2012.03.06_15:00:00_TAI,2012-03-06T14:59:26Z,9.042778,48.499,-0.125897,-0.404,-0.125897,-0.404,-0.05116391,5.233734e+22,0x00000000,ZERO_QUALITY,,LON_FWT=-31.119;LAT_FWT=17.687,NEGATIVE_CANDIDATE,PROVISIONAL_CONTROL_PENDING_FULL_MPLUS_CATALOG_AUDIT,JSOC definitive hmi.sharp_cea_720s keyword query; raw JSON copied from 20260723 cache unless --fetch used,1,1,1,0,0,16,16,16,0,180.0,12.0,1,1,1,0,1,1,2012.03.06_12:00:00_TAI,2012.03.06_15:00:00_TAI,,,,Seed-based provisional control: no seeded M+ in future 3-6h and no seeded M+ in previous 3h.
SHRGT45_全信息基准版_20260727,ALL_SAMPLE_SUPPLEMENT,NOAA11429_X5.4_20120307,X5.4,2012-03-07T00:02:00Z,11429,NEEDS_CLARIFICATION_OFFICIAL_GOES_JWFD_SNAPSHOT,MATCHES_EVENT_NOAA_AR,1449,11429,2012.03.06_15:12:00_TAI,2012-03-06T15:11:26Z,8.842778,49.058,-0.102507,0.219,-0.102507,0.219,-0.05138139,5.248925e+22,0x00000000,ZERO_QUALITY,,LON_FWT=-30.991;LAT_FWT=17.694,NEGATIVE_CANDIDATE,PROVISIONAL_CONTROL_PENDING_FULL_MPLUS_CATALOG_AUDIT,JSOC definitive hmi.sharp_cea_720s keyword query; raw JSON copied from 20260723 cache unless --fetch used,1,1,1,0,0,16,16,16,0,180.0,12.0,1,1,1,0,1,1,2012.03.06_12:12:00_TAI,2012.03.06_15:12:00_TAI,,,,Seed-based provisional control: no seeded M+ in future 3-6h and no seeded M+ in previous 3h.
SHRGT45_全信息基准版_20260727,ALL_SAMPLE_SUPPLEMENT,NOAA11429_X5.4_20120307,X5.4,2012-03-07T00:02:00Z,11429,NEEDS_CLARIFICATION_OFFICIAL_GOES_JWFD_SNAPSHOT,MATCHES_EVENT_NOAA_AR,1449,11429,2012.03.06_15:24:00_TAI,2012-03-06T15:23:26Z,8.642778,49.031,-0.092375,0.472,-0.092375,0.472,-0.0506299,5.273324e+22,0x00000000,ZERO_QUALITY,,LON_FWT=-30.876;LAT_FWT=17.699,NEGATIVE_CANDIDATE,PROVISIONAL_CONTROL_PENDING_FULL_MPLUS_CATALOG_AUDIT,JSOC definitive hmi.sharp_cea_720s keyword query; raw JSON copied from 20260723 cache unless --fetch used,1,1,1,0,0,16,16,16,0,180.0,12.0,1,1,1,0,1,1,2012.03.06_12:24:00_TAI,2012.03.06_15:24:00_TAI,,,,Seed-based provisional control: no seeded M+ in future 3-6h and no seeded M+ in previous 3h.
SHRGT45_全信息基准版_20260727,ALL_SAMPLE_SUPPLEMENT,NOAA11429_X5.4_20120307,X5.4,2012-03-07T00:02:00Z,11429,NEEDS_CLARIFICATION_OFFICIAL_GOES_JWFD_SNAPSHOT,MATCHES_EVENT_NOAA_AR,1449,11429,2012.03.06_15:36:00_TAI,2012-03-06T15:35:26Z,8.442778,48.816,-0.143779,0.124,-0.143779,0.124,-0.05117171,5.305726e+22,0x00000000,ZERO_QUALITY,,LON_FWT=-30.753;LAT_FWT=17.703,NEGATIVE_CANDIDATE,PROVISIONAL_CONTROL_PENDING_FULL_MPLUS_CATALOG_AUDIT,JSOC definitive hmi.sharp_cea_720s keyword query; raw JSON copied from 20260723 cache unless --fetch used,1,1,1,0,0,16,16,16,0,180.0,12.0,1,1,1,0,1,1,2012.03.06_12:36:00_TAI,2012.03.06_15:36:00_TAI,,,,Seed-based provisional control: no seeded M+ in future 3-6h and no seeded M+ in previous 3h.
SHRGT45_全信息基准版_20260727,ALL_SAMPLE_SUPPLEMENT,NOAA11429_X5.4_20120307,X5.4,2012-03-07T00:02:00Z,11429,NEEDS_CLARIFICATION_OFFICIAL_GOES_JWFD_SNAPSHOT,MATCHES_EVENT_NOAA_AR,1449,11429,2012.03.06_15:48:00_TAI,2012-03-06T15:47:26Z,8.242778,49.157,-0.144728,0.149,-0.144728,0.149,-0.05064662,5.34348e+22,0x00000000,ZERO_QUALITY,,LON_FWT=-30.646;LAT_FWT=17.706,NEGATIVE_CANDIDATE,PROVISIONAL_CONTROL_PENDING_FULL_MPLUS_CATALOG_AUDIT,JSOC definitive hmi.sharp_cea_720s keyword query; raw JSON copied from 20260723 cache unless --fetch used,1,1,1,0,0,16,16,16,0,180.0,12.0,1,1,1,0,1,1,2012.03.06_12:48:00_TAI,2012.03.06_15:48:00_TAI,,,,Seed-based provisional control: no seeded M+ in future 3-6h and no seeded M+ in previous 3h.
SHRGT45_全信息基准版_20260727,ALL_SAMPLE_SUPPLEMENT,NOAA11429_X5.4_20120307,X5.4,2012-03-07T00:02:00Z,11429,NEEDS_CLARIFICATION_OFFICIAL_GOES_JWFD_SNAPSHOT,MATCHES_EVENT_NOAA_AR,1449,11429,2012.03.06_16:00:00_TAI,2012-03-06T15:59:26Z,8.042778,48.743,-0.158676,-0.365,-0.158676,-0.365,-0.05119975,5.378435e+22,0x00000000,ZERO_QUALITY,,LON_FWT=-30.543;LAT_FWT=17.708,NEGATIVE_CANDIDATE,PROVISIONAL_CONTROL_PENDING_FULL_MPLUS_CATALOG_AUDIT,JSOC definitive hmi.sharp_cea_720s keyword query; raw JSON copied from 20260723 cache unless --fetch used,1,1,1,0,0,16,16,16,0,180.0,12.0,1,1,1,0,1,1,2012.03.06_13:00:00_TAI,2012.03.06_16:00:00_TAI,,,,Seed-based provisional control: no seeded M+ in future 3-6h and no seeded M+ in previous 3h.
SHRGT45_全信息基准版_20260727,ALL_SAMPLE_SUPPLEMENT,NOAA11429_X5.4_20120307,X5.4,2012-03-07T00:02:00Z,11429,NEEDS_CLARIFICATION_OFFICIAL_GOES_JWFD_SNAPSHOT,MATCHES_EVENT_NOAA_AR,1449,11429,2012.03.06_16:12:00_TAI,2012-03-06T16:11:26Z,7.842778,49.138,-0.112662,-0.123,-0.112662,-0.123,-0.05143334,5.382619e+22,0x00000000,ZERO_QUALITY,,LON_FWT=-30.430;LAT_FWT=17.711,NEGATIVE_CANDIDATE,PROVISIONAL_CONTROL_PENDING_FULL_MPLUS_CATALOG_AUDIT,JSOC definitive hmi.sharp_cea_720s keyword query; raw JSON copied from 20260723 cache unless --fetch used,1,1,1,0,0,16,16,16,0,180.0,12.0,1,1,1,0,1,1,2012.03.06_13:12:00_TAI,2012.03.06_16:12:00_TAI,,,,Seed-based provisional control: no seeded M+ in future 3-6h and no seeded M+ in previous 3h.
SHRGT45_全信息基准版_20260727,ALL_SAMPLE_SUPPLEMENT,NOAA11429_X5.4_20120307,X5.4,2012-03-07T00:02:00Z,11429,NEEDS_CLARIFICATION_OFFICIAL_GOES_JWFD_SNAPSHOT,MATCHES_EVENT_NOAA_AR,1449,11429,2012.03.06_16:24:00_TAI,2012-03-06T16:23:26Z,7.642778,49.247,-0.035941,-0.296,-0.035941,-0.296,-0.05011433,5.374901e+22,0x00000000,ZERO_QUALITY,,LON_FWT=-30.309;LAT_FWT=17.710,NEGATIVE_CANDIDATE,PROVISIONAL_CONTROL_PENDING_FULL_MPLUS_CATALOG_AUDIT,JSOC definitive hmi.sharp_cea_720s keyword query; raw JSON copied from 20260723 cache unless --fetch used,1,1,1,0,0,16,16,16,0,180.0,12.0,1,1,1,0,1,1,2012.03.06_13:24:00_TAI,2012.03.06_16:24:00_TAI,,,,Seed-based provisional control: no seeded M+ in future 3-6h and no seeded M+ in previous 3h.
SHRGT45_全信息基准版_20260727,ALL_SAMPLE_SUPPLEMENT,NOAA11429_X5.4_20120307,X5.4,2012-03-07T00:02:00Z,11429,NEEDS_CLARIFICATION_OFFICIAL_GOES_JWFD_SNAPSHOT,MATCHES_EVENT_NOAA_AR,1449,11429,2012.03.06_16:36:00_TAI,2012-03-06T16:35:26Z,7.442778,49.433,0.09675,-0.018,0.09675,-0.018,-0.04985435,5.377106e+22,0x00000000,ZERO_QUALITY,,LON_FWT=-30.214;LAT_FWT=17.708,NEGATIVE_CANDIDATE,PROVISIONAL_CONTROL_PENDING_FULL_MPLUS_CATALOG_AUDIT,JSOC definitive hmi.sharp_cea_720s keyword query; raw JSON copied from 20260723 cache unless --fetch used,1,1,1,0,0,16,16,16,0,180.0,12.0,1,1,1,0,1,1,2012.03.06_13:36:00_TAI,2012.03.06_16:36:00_TAI,,,,Seed-based provisional control: no seeded M+ in future 3-6h and no seeded M+ in previous 3h.
SHRGT45_全信息基准版_20260727,ALL_SAMPLE_SUPPLEMENT,NOAA11429_X5.4_20120307,X5.4,2012-03-07T00:02:00Z,11429,NEEDS_CLARIFICATION_OFFICIAL_GOES_JWFD_SNAPSHOT,MATCHES_EVENT_NOAA_AR,1449,11429,2012.03.06_16:48:00_TAI,2012-03-06T16:47:26Z,7.242778,49.372,0.212831,0.204,0.212831,0.204,-0.05166084,5.390723e+22,0x00000000,ZERO_QUALITY,,LON_FWT=-30.111;LAT_FWT=17.708,NEGATIVE_CANDIDATE,PROVISIONAL_CONTROL_PENDING_FULL_MPLUS_CATALOG_AUDIT,JSOC definitive hmi.sharp_cea_720s keyword query; raw JSON copied from 20260723 cache unless --fetch used,1,1,1,0,0,16,16,16,0,180.0,12.0,1,1,1,0,1,1,2012.03.06_13:48:00_TAI,2012.03.06_16:48:00_TAI,,,,Seed-based provisional control: no seeded M+ in future 3-6h and no seeded M+ in previous 3h.
SHRGT45_全信息基准版_20260727,ALL_SAMPLE_SUPPLEMENT,NOAA11429_X5.4_20120307,X5.4,2012-03-07T00:02:00Z,11429,NEEDS_CLARIFICATION_OFFICIAL_GOES_JWFD_SNAPSHOT,MATCHES_EVENT_NOAA_AR,1449,11429,2012.03.06_17:00:00_TAI,2012-03-06T16:59:26Z,7.042778,50.011,0.365176,1.22,0.365176,1.22,-0.05211752,5.372901e+22,0x00000000,ZERO_QUALITY,,LON_FWT=-29.986;LAT_FWT=17.711,NEGATIVE_CANDIDATE,PROVISIONAL_CONTROL_PENDING_FULL_MPLUS_CATALOG_AUDIT,JSOC definitive hmi.sharp_cea_720s keyword query; raw JSON copied from 20260723 cache unless --fetch used,1,1,1,0,0,16,16,16,0,180.0,12.0,1,1,1,0,1,1,2012.03.06_14:00:00_TAI,2012.03.06_17:00:00_TAI,,,,Seed-based provisional control: no seeded M+ in future 3-6h and no seeded M+ in previous 3h.
SHRGT45_全信息基准版_20260727,ALL_SAMPLE_SUPPLEMENT,NOAA11429_X5.4_20120307,X5.4,2012-03-07T00:02:00Z,11429,NEEDS_CLARIFICATION_OFFICIAL_GOES_JWFD_SNAPSHOT,MATCHES_EVENT_NOAA_AR,1449,11429,2012.03.06_17:12:00_TAI,2012-03-06T17:11:26Z,6.842778,49.642,0.417301,0.907,0.417301,0.907,-0.05190862,5.381715e+22,0x00000000,ZERO_QUALITY,,LON_FWT=-29.875;LAT_FWT=17.715,NEGATIVE_CANDIDATE,PROVISIONAL_CONTROL_PENDING_FULL_MPLUS_CATALOG_AUDIT,JSOC definitive hmi.sharp_cea_720s keyword query; raw JSON copied from 20260723 cache unless --fetch used,1,1,1,0,0,16,16,16,0,180.0,12.0,1,1,1,0,1,1,2012.03.06_14:12:00_TAI,2012.03.06_17:12:00_TAI,,,,Seed-based provisional control: no seeded M+ in future 3-6h and no seeded M+ in previous 3h.
SHRGT45_全信息基准版_20260727,ALL_SAMPLE_SUPPLEMENT,NOAA11429_X5.4_20120307,X5.4,2012-03-07T00:02:00Z,11429,NEEDS_CLARIFICATION_OFFICIAL_GOES_JWFD_SNAPSHOT,MATCHES_EVENT_NOAA_AR,1449,11429,2012.03.06_17:24:00_TAI,2012-03-06T17:23:26Z,6.642778,49.834,0.471088,1.343,0.471088,1.343,-0.05238917,5.379117e+22,0x00000000,ZERO_QUALITY,,LON_FWT=-29.750;LAT_FWT=17.718,NEGATIVE_CANDIDATE,PROVISIONAL_CONTROL_PENDING_FULL_MPLUS_CATALOG_AUDIT,JSOC definitive hmi.sharp_cea_720s keyword query; raw JSON copied from 20260723 cache unless --fetch used,1,1,1,0,0,16,16,16,0,180.0,12.0,1,1,1,0,1,1,2012.03.06_14:24:00_TAI,2012.03.06_17:24:00_TAI,,,,Seed-based provisional control: no seeded M+ in future 3-6h and no seeded M+ in previous 3h.
SHRGT45_全信息基准版_20260727,ALL_SAMPLE_SUPPLEMENT,NOAA11429_X5.4_20120307,X5.4,2012-03-07T00:02:00Z,11429,NEEDS_CLARIFICATION_OFFICIAL_GOES_JWFD_SNAPSHOT,MATCHES_EVENT_NOAA_AR,1449,11429,2012.03.06_17:36:00_TAI,2012-03-06T17:35:26Z,6.442778,49.759,0.469941,1.276,0.469941,1.276,-0.05261648,5.386735e+22,0x00000000,ZERO_QUALITY,,LON_FWT=-29.606;LAT_FWT=17.719,NEGATIVE_CANDIDATE,PROVISIONAL_CONTROL_PENDING_FULL_MPLUS_CATALOG_AUDIT,JSOC definitive hmi.sharp_cea_720s keyword query; raw JSON copied from 20260723 cache unless --fetch used,1,1,1,0,0,16,16,16,0,180.0,12.0,1,1,1,0,1,1,2012.03.06_14:36:00_TAI,2012.03.06_17:36:00_TAI,,,,Seed-based provisional control: no seeded M+ in future 3-6h and no seeded M+ in previous 3h.
SHRGT45_全信息基准版_20260727,ALL_SAMPLE_SUPPLEMENT,NOAA11429_X5.4_20120307,X5.4,2012-03-07T00:02:00Z,11429,NEEDS_CLARIFICATION_OFFICIAL_GOES_JWFD_SNAPSHOT,MATCHES_EVENT_NOAA_AR,1449,11429,2012.03.06_17:48:00_TAI,2012-03-06T17:47:26Z,6.242778,50.026,0.478596,1.537,0.478596,1.537,-0.05292043,5.382205e+22,0x00000000,ZERO_QUALITY,,LON_FWT=-29.488;LAT_FWT=17.716,NEGATIVE_CANDIDATE,PROVISIONAL_CONTROL_PENDING_FULL_MPLUS_CATALOG_AUDIT,JSOC definitive hmi.sharp_cea_720s keyword query; raw JSON copied from 20260723 cache unless --fetch used,1,1,1,0,0,16,16,16,0,180.0,12.0,1,1,1,0,1,1,2012.03.06_14:48:00_TAI,2012.03.06_17:48:00_TAI,,,,Seed-based provisional control: no seeded M+ in future 3-6h and no seeded M+ in previous 3h.
SHRGT45_全信息基准版_20260727,ALL_SAMPLE_SUPPLEMENT,NOAA11429_X5.4_20120307,X5.4,2012-03-07T00:02:00Z,11429,NEEDS_CLARIFICATION_OFFICIAL_GOES_JWFD_SNAPSHOT,MATCHES_EVENT_NOAA_AR,1449,11429,2012.03.06_18:00:00_TAI,2012-03-06T17:59:26Z,6.042778,49.978,0.460015,1.479,,,-0.05297092,5.378581e+22,0x00010400,NONZERO_RETAINED_PROVISIONAL,,LON_FWT=-29.390;LAT_FWT=17.711,NEGATIVE_CANDIDATE,PROVISIONAL_CONTROL_PENDING_FULL_MPLUS_CATALOG_AUDIT,JSOC definitive hmi.sharp_cea_720s keyword query; raw JSON copied from 20260723 cache unless --fetch used,1,1,0,0,1,16,16,16,0,180.0,12.0,1,0,1,0,1,0,2012.03.06_15:00:00_TAI,2012.03.06_18:00:00_TAI,,,,Seed-based provisional control: no seeded M+ in future 3-6h and no seeded M+ in previous 3h.
SHRGT45_全信息基准版_20260727,ALL_SAMPLE_SUPPLEMENT,NOAA11429_X5.4_20120307,X5.4,2012-03-07T00:02:00Z,11429,NEEDS_CLARIFICATION_OFFICIAL_GOES_JWFD_SNAPSHOT,MATCHES_EVENT_NOAA_AR,1449,11429,2012.03.06_18:12:00_TAI,2012-03-06T18:11:26Z,5.842778,50.663,0.496338,1.605,,,-0.05111207,5.359005e+22,0x00010400,NONZERO_RETAINED_PROVISIONAL,,LON_FWT=-29.278;LAT_FWT=17.709,POSITIVE_CANDIDATE,,JSOC definitive hmi.sharp_cea_720s keyword query; raw JSON copied from 20260723 cache unless --fetch used,1,1,0,0,1,16,16,16,0,180.0,12.0,1,0,1,0,1,0,2012.03.06_15:12:00_TAI,2012.03.06_18:12:00_TAI,,,,Future 3-6h contains the seeded M+ GOES-onset event.
SHRGT45_全信息基准版_20260727,ALL_SAMPLE_SUPPLEMENT,NOAA11429_X5.4_20120307,X5.4,2012-03-07T00:02:00Z,11429,NEEDS_CLARIFICATION_OFFICIAL_GOES_JWFD_SNAPSHOT,MATCHES_EVENT_NOAA_AR,1449,11429,2012.03.06_18:24:00_TAI,2012-03-06T18:23:26Z,5.642778,50.52,0.554941,1.489,,,-0.05104046,5.353241e+22,0x00000000,ZERO_QUALITY,,LON_FWT=-29.174;LAT_FWT=17.710,POSITIVE_CANDIDATE,,JSOC definitive hmi.sharp_cea_720s keyword query; raw JSON copied from 20260723 cache unless --fetch used,1,1,1,0,0,16,16,16,0,180.0,12.0,1,0,1,0,1,0,2012.03.06_15:24:00_TAI,2012.03.06_18:24:00_TAI,,,,Future 3-6h contains the seeded M+ GOES-onset event.
SHRGT45_全信息基准版_20260727,ALL_SAMPLE_SUPPLEMENT,NOAA11429_X5.4_20120307,X5.4,2012-03-07T00:02:00Z,11429,NEEDS_CLARIFICATION_OFFICIAL_GOES_JWFD_SNAPSHOT,MATCHES_EVENT_NOAA_AR,1449,11429,2012.03.06_18:36:00_TAI,2012-03-06T18:35:26Z,5.442778,49.892,0.519404,1.076,,,-0.05131086,5.357468e+22,0x00000000,ZERO_QUALITY,,LON_FWT=-29.088;LAT_FWT=17.707,POSITIVE_CANDIDATE,,JSOC definitive hmi.sharp_cea_720s keyword query; raw JSON copied from 20260723 cache unless --fetch used,1,1,1,0,0,16,16,16,0,180.0,12.0,1,0,1,0,1,0,2012.03.06_15:36:00_TAI,2012.03.06_18:36:00_TAI,,,,Future 3-6h contains the seeded M+ GOES-onset event.
SHRGT45_全信息基准版_20260727,ALL_SAMPLE_SUPPLEMENT,NOAA11429_X5.4_20120307,X5.4,2012-03-07T00:02:00Z,11429,NEEDS_CLARIFICATION_OFFICIAL_GOES_JWFD_SNAPSHOT,MATCHES_EVENT_NOAA_AR,1449,11429,2012.03.06_18:48:00_TAI,2012-03-06T18:47:26Z,5.242778,49.662,0.418963,0.505,,,-0.05158088,5.368934e+22,0x00000000,ZERO_QUALITY,,LON_FWT=-28.975;LAT_FWT=17.707,POSITIVE_CANDIDATE,,JSOC definitive hmi.sharp_cea_720s keyword query; raw JSON copied from 20260723 cache unless --fetch used,1,1,1,0,0,16,16,16,0,180.0,12.0,1,0,1,0,1,0,2012.03.06_15:48:00_TAI,2012.03.06_18:48:00_TAI,,,,Future 3-6h contains the seeded M+ GOES-onset event.
SHRGT45_全信息基准版_20260727,ALL_SAMPLE_SUPPLEMENT,NOAA11429_X5.4_20120307,X5.4,2012-03-07T00:02:00Z,11429,NEEDS_CLARIFICATION_OFFICIAL_GOES_JWFD_SNAPSHOT,MATCHES_EVENT_NOAA_AR,1449,11429,2012.03.06_19:00:00_TAI,2012-03-06T18:59:26Z,5.042778,49.755,0.358963,1.012,,,-0.05109721,5.341091e+22,0x00010400,NONZERO_RETAINED_PROVISIONAL,,LON_FWT=-28.878;LAT_FWT=17.706,POSITIVE_CANDIDATE,,JSOC definitive hmi.sharp_cea_720s keyword query; raw JSON copied from 20260723 cache unless --fetch used,1,1,0,0,1,16,16,16,0,180.0,12.0,1,0,1,0,1,0,2012.03.06_16:00:00_TAI,2012.03.06_19:00:00_TAI,,,,Future 3-6h contains the seeded M+ GOES-onset event.
SHRGT45_全信息基准版_20260727,ALL_SAMPLE_SUPPLEMENT,NOAA11429_X5.4_20120307,X5.4,2012-03-07T00:02:00Z,11429,NEEDS_CLARIFICATION_OFFICIAL_GOES_JWFD_SNAPSHOT,MATCHES_EVENT_NOAA_AR,1449,11429,2012.03.06_19:12:00_TAI,2012-03-06T19:11:26Z,4.842778,49.949,0.259816,0.811,,,-0.05084793,5.338717e+22,0x00010400,NONZERO_RETAINED_PROVISIONAL,,LON_FWT=-28.753;LAT_FWT=17.710,POSITIVE_CANDIDATE,,JSOC definitive hmi.sharp_cea_720s keyword query; raw JSON copied from 20260723 cache unless --fetch used,1,1,0,0,1,16,16,16,0,180.0,12.0,1,0,1,0,1,0,2012.03.06_16:12:00_TAI,2012.03.06_19:12:00_TAI,,,,Future 3-6h contains the seeded M+ GOES-onset event.
SHRGT45_全信息基准版_20260727,ALL_SAMPLE_SUPPLEMENT,NOAA11429_X5.4_20120307,X5.4,2012-03-07T00:02:00Z,11429,NEEDS_CLARIFICATION_OFFICIAL_GOES_JWFD_SNAPSHOT,MATCHES_EVENT_NOAA_AR,1449,11429,2012.03.06_19:24:00_TAI,2012-03-06T19:23:26Z,4.642778,49.996,0.197493,0.749,,,-0.05125171,5.366268e+22,0x00000000,ZERO_QUALITY,,LON_FWT=-28.636;LAT_FWT=17.713,POSITIVE_CANDIDATE,,JSOC definitive hmi.sharp_cea_720s keyword query; raw JSON copied from 20260723 cache unless --fetch used,1,1,1,0,0,16,16,16,0,180.0,12.0,1,0,1,0,1,0,2012.03.06_16:24:00_TAI,2012.03.06_19:24:00_TAI,,,,Future 3-6h contains the seeded M+ GOES-onset event.
SHRGT45_全信息基准版_20260727,ALL_SAMPLE_SUPPLEMENT,NOAA11429_X5.4_20120307,X5.4,2012-03-07T00:02:00Z,11429,NEEDS_CLARIFICATION_OFFICIAL_GOES_JWFD_SNAPSHOT,MATCHES_EVENT_NOAA_AR,1449,11429,2012.03.06_19:36:00_TAI,2012-03-06T19:35:26Z,4.442778,49.581,0.090404,0.148,,,-0.05052225,5.414905e+22,0x00000000,ZERO_QUALITY,,LON_FWT=-28.541;LAT_FWT=17.708,POSITIVE_CANDIDATE,,JSOC definitive hmi.sharp_cea_720s keyword query; raw JSON copied from 20260723 cache unless --fetch used,1,1,1,0,0,16,16,16,0,180.0,12.0,1,0,1,0,1,0,2012.03.06_16:36:00_TAI,2012.03.06_19:36:00_TAI,,,,Future 3-6h contains the seeded M+ GOES-onset event.
SHRGT45_全信息基准版_20260727,ALL_SAMPLE_SUPPLEMENT,NOAA11429_X5.4_20120307,X5.4,2012-03-07T00:02:00Z,11429,NEEDS_CLARIFICATION_OFFICIAL_GOES_JWFD_SNAPSHOT,MATCHES_EVENT_NOAA_AR,1449,11429,2012.03.06_19:48:00_TAI,2012-03-06T19:47:26Z,4.242778,49.798,0.025588,0.426,,,-0.05166512,5.447341e+22,0x00000000,ZERO_QUALITY,,LON_FWT=-28.432;LAT_FWT=17.710,POSITIVE_CANDIDATE,,JSOC definitive hmi.sharp_cea_720s keyword query; raw JSON copied from 20260723 cache unless --fetch used,1,1,1,0,0,16,16,16,0,180.0,12.0,1,0,1,0,1,0,2012.03.06_16:48:00_TAI,2012.03.06_19:48:00_TAI,,,,Future 3-6h contains the seeded M+ GOES-onset event.
SHRGT45_全信息基准版_20260727,ALL_SAMPLE_SUPPLEMENT,NOAA11429_X5.4_20120307,X5.4,2012-03-07T00:02:00Z,11429,NEEDS_CLARIFICATION_OFFICIAL_GOES_JWFD_SNAPSHOT,MATCHES_EVENT_NOAA_AR,1449,11429,2012.03.06_20:00:00_TAI,2012-03-06T19:59:26Z,4.042778,49.313,-0.105713,-0.698,,,-0.05203711,5.51965e+22,0x00000000,ZERO_QUALITY,,LON_FWT=-28.293;LAT_FWT=17.708,POSITIVE_CANDIDATE,,JSOC definitive hmi.sharp_cea_720s keyword query; raw JSON copied from 20260723 cache unless --fetch used,1,1,1,0,0,16,16,16,0,180.0,12.0,1,0,1,0,1,0,2012.03.06_17:00:00_TAI,2012.03.06_20:00:00_TAI,,,,Future 3-6h contains the seeded M+ GOES-onset event.
SHRGT45_全信息基准版_20260727,ALL_SAMPLE_SUPPLEMENT,NOAA11429_X5.4_20120307,X5.4,2012-03-07T00:02:00Z,11429,NEEDS_CLARIFICATION_OFFICIAL_GOES_JWFD_SNAPSHOT,MATCHES_EVENT_NOAA_AR,1449,11429,2012.03.06_20:12:00_TAI,2012-03-06T20:11:26Z,3.842778,49.312,-0.156382,-0.33,,,-0.05160869,5.565059e+22,0x00000000,ZERO_QUALITY,,LON_FWT=-28.185;LAT_FWT=17.708,POSITIVE_CANDIDATE,,JSOC definitive hmi.sharp_cea_720s keyword query; raw JSON copied from 20260723 cache unless --fetch used,1,1,1,0,0,16,16,16,0,180.0,12.0,1,0,1,0,1,0,2012.03.06_17:12:00_TAI,2012.03.06_20:12:00_TAI,,,,Future 3-6h contains the seeded M+ GOES-onset event.
SHRGT45_全信息基准版_20260727,ALL_SAMPLE_SUPPLEMENT,NOAA11429_X5.4_20120307,X5.4,2012-03-07T00:02:00Z,11429,NEEDS_CLARIFICATION_OFFICIAL_GOES_JWFD_SNAPSHOT,MATCHES_EVENT_NOAA_AR,1449,11429,2012.03.06_20:24:00_TAI,2012-03-06T20:23:26Z,3.642778,49.555,-0.216096,-0.279,,,-0.05229316,5.598476e+22,0x00000000,ZERO_QUALITY,,LON_FWT=-28.072;LAT_FWT=17.706,POSITIVE_CANDIDATE,,JSOC definitive hmi.sharp_cea_720s keyword query; raw JSON copied from 20260723 cache unless --fetch used,1,1,1,0,0,16,16,16,0,180.0,12.0,1,0,1,0,1,0,2012.03.06_17:24:00_TAI,2012.03.06_20:24:00_TAI,,,,Future 3-6h contains the seeded M+ GOES-onset event.
SHRGT45_全信息基准版_20260727,ALL_SAMPLE_SUPPLEMENT,NOAA11429_X5.4_20120307,X5.4,2012-03-07T00:02:00Z,11429,NEEDS_CLARIFICATION_OFFICIAL_GOES_JWFD_SNAPSHOT,MATCHES_EVENT_NOAA_AR,1449,11429,2012.03.06_20:36:00_TAI,2012-03-06T20:35:26Z,3.442778,49.859,-0.217,0.1,,,-0.05188304,5.612534e+22,0x00000000,ZERO_QUALITY,,LON_FWT=-27.966;LAT_FWT=17.706,POSITIVE_CANDIDATE,,JSOC definitive hmi.sharp_cea_720s keyword query; raw JSON copied from 20260723 cache unless --fetch used,1,1,1,0,0,16,16,16,0,180.0,12.0,1,0,1,0,1,0,2012.03.06_17:36:00_TAI,2012.03.06_20:36:00_TAI,,,,Future 3-6h contains the seeded M+ GOES-onset event.
SHRGT45_全信息基准版_20260727,ALL_SAMPLE_SUPPLEMENT,NOAA11429_X5.4_20120307,X5.4,2012-03-07T00:02:00Z,11429,NEEDS_CLARIFICATION_OFFICIAL_GOES_JWFD_SNAPSHOT,MATCHES_EVENT_NOAA_AR,1449,11429,2012.03.06_20:48:00_TAI,2012-03-06T20:47:26Z,3.242778,49.606,-0.255551,-0.42,,,-0.05200283,5.617028e+22,0x00000000,ZERO_QUALITY,,LON_FWT=-27.851;LAT_FWT=17.705,POSITIVE_CANDIDATE,,JSOC definitive hmi.sharp_cea_720s keyword query; raw JSON copied from 20260723 cache unless --fetch used,1,1,1,0,0,16,16,16,0,180.0,12.0,1,0,1,0,1,0,2012.03.06_17:48:00_TAI,2012.03.06_20:48:00_TAI,,,,Future 3-6h contains the seeded M+ GOES-onset event.
SHRGT45_全信息基准版_20260727,ALL_SAMPLE_SUPPLEMENT,NOAA11429_X5.4_20120307,X5.4,2012-03-07T00:02:00Z,11429,NEEDS_CLARIFICATION_OFFICIAL_GOES_JWFD_SNAPSHOT,MATCHES_EVENT_NOAA_AR,1449,11429,2012.03.06_21:00:00_TAI,2012-03-06T20:59:26Z,3.042778,49.692,-0.248993,-0.286,,,-0.05288479,5.601808e+22,0x00000000,ZERO_QUALITY,,LON_FWT=-27.766;LAT_FWT=17.706,POSITIVE_CANDIDATE,,JSOC definitive hmi.sharp_cea_720s keyword query; raw JSON copied from 20260723 cache unless --fetch used,1,1,1,0,0,16,16,16,0,180.0,12.0,1,0,1,0,1,0,2012.03.06_18:00:00_TAI,2012.03.06_21:00:00_TAI,,,,Future 3-6h contains the seeded M+ GOES-onset event.
SHRGT45_全信息基准版_20260727,ALL_SAMPLE_SUPPLEMENT,NOAA11429_X5.4_20120307,X5.4,2012-03-07T00:02:00Z,11429,NEEDS_CLARIFICATION_OFFICIAL_GOES_JWFD_SNAPSHOT,MATCHES_EVENT_NOAA_AR,1449,11429,2012.03.06_21:12:00_TAI,2012-03-06T21:11:26Z,2.842778,49.704,-0.242199,-0.959,,,-0.0531256,5.588137e+22,0x00000000,ZERO_QUALITY,,LON_FWT=-27.669;LAT_FWT=17.704,BUFFER_OR_EXCLUDE,,JSOC definitive hmi.sharp_cea_720s keyword query; raw JSON copied from 20260723 cache unless --fetch used,1,1,1,0,0,16,16,16,0,180.0,12.0,1,0,1,1,0,0,2012.03.06_18:12:00_TAI,2012.03.06_21:12:00_TAI,,,,Future 0-3h contains M+; excluded from 3-6h main analysis.
SHRGT45_全信息基准版_20260727,ALL_SAMPLE_SUPPLEMENT,NOAA11429_X5.4_20120307,X5.4,2012-03-07T00:02:00Z,11429,NEEDS_CLARIFICATION_OFFICIAL_GOES_JWFD_SNAPSHOT,MATCHES_EVENT_NOAA_AR,1449,11429,2012.03.06_21:24:00_TAI,2012-03-06T21:23:26Z,2.642778,49.885,-0.125787,-0.635,,,-0.05254966,5.577748e+22,0x00000000,ZERO_QUALITY,,LON_FWT=-27.551;LAT_FWT=17.705,BUFFER_OR_EXCLUDE,,JSOC definitive hmi.sharp_cea_720s keyword query; raw JSON copied from 20260723 cache unless --fetch used,1,1,1,0,0,16,16,16,0,180.0,12.0,1,0,1,1,0,0,2012.03.06_18:24:00_TAI,2012.03.06_21:24:00_TAI,,,,Future 0-3h contains M+; excluded from 3-6h main analysis.
SHRGT45_全信息基准版_20260727,ALL_SAMPLE_SUPPLEMENT,NOAA11429_X5.4_20120307,X5.4,2012-03-07T00:02:00Z,11429,NEEDS_CLARIFICATION_OFFICIAL_GOES_JWFD_SNAPSHOT,MATCHES_EVENT_NOAA_AR,1449,11429,2012.03.06_21:36:00_TAI,2012-03-06T21:35:26Z,2.442778,49.945,-0.009191,0.053,,,-0.05272169,5.571118e+22,0x00000000,ZERO_QUALITY,,LON_FWT=-27.437;LAT_FWT=17.705,BUFFER_OR_EXCLUDE,,JSOC definitive hmi.sharp_cea_720s keyword query; raw JSON copied from 20260723 cache unless --fetch used,1,1,1,0,0,16,16,16,0,180.0,12.0,1,0,1,1,0,0,2012.03.06_18:36:00_TAI,2012.03.06_21:36:00_TAI,,,,Future 0-3h contains M+; excluded from 3-6h main analysis.
SHRGT45_全信息基准版_20260727,ALL_SAMPLE_SUPPLEMENT,NOAA11429_X5.4_20120307,X5.4,2012-03-07T00:02:00Z,11429,NEEDS_CLARIFICATION_OFFICIAL_GOES_JWFD_SNAPSHOT,MATCHES_EVENT_NOAA_AR,1449,11429,2012.03.06_21:48:00_TAI,2012-03-06T21:47:26Z,2.242778,50.062,0.050265,0.4,,,-0.05311584,5.574199e+22,0x00000000,ZERO_QUALITY,,LON_FWT=-27.310;LAT_FWT=17.713,BUFFER_OR_EXCLUDE,,JSOC definitive hmi.sharp_cea_720s keyword query; raw JSON copied from 20260723 cache unless --fetch used,1,1,1,0,0,16,16,16,0,180.0,12.0,1,0,1,1,0,0,2012.03.06_18:48:00_TAI,2012.03.06_21:48:00_TAI,,,,Future 0-3h contains M+; excluded from 3-6h main analysis.
SHRGT45_全信息基准版_20260727,ALL_SAMPLE_SUPPLEMENT,NOAA11429_X5.4_20120307,X5.4,2012-03-07T00:02:00Z,11429,NEEDS_CLARIFICATION_OFFICIAL_GOES_JWFD_SNAPSHOT,MATCHES_EVENT_NOAA_AR,1449,11429,2012.03.06_22:00:00_TAI,2012-03-06T21:59:26Z,2.042778,50.158,0.089059,0.403,,,-0.05359308,5.565306e+22,0x00000000,ZERO_QUALITY,,LON_FWT=-27.208;LAT_FWT=17.712,BUFFER_OR_EXCLUDE,,JSOC definitive hmi.sharp_cea_720s keyword query; raw JSON copied from 20260723 cache unless --fetch used,1,1,1,0,0,16,16,16,0,180.0,12.0,1,0,1,1,0,0,2012.03.06_19:00:00_TAI,2012.03.06_22:00:00_TAI,,,,Future 0-3h contains M+; excluded from 3-6h main analysis.
SHRGT45_全信息基准版_20260727,ALL_SAMPLE_SUPPLEMENT,NOAA11429_X5.4_20120307,X5.4,2012-03-07T00:02:00Z,11429,NEEDS_CLARIFICATION_OFFICIAL_GOES_JWFD_SNAPSHOT,MATCHES_EVENT_NOAA_AR,1449,11429,2012.03.06_22:12:00_TAI,2012-03-06T22:11:26Z,1.842778,50.44,0.163287,0.491,,,-0.05236574,5.565584e+22,0x00000000,ZERO_QUALITY,,LON_FWT=-27.090;LAT_FWT=17.712,BUFFER_OR_EXCLUDE,,JSOC definitive hmi.sharp_cea_720s keyword query; raw JSON copied from 20260723 cache unless --fetch used,1,1,1,0,0,16,16,16,0,180.0,12.0,1,0,1,1,0,0,2012.03.06_19:12:00_TAI,2012.03.06_22:12:00_TAI,,,,Future 0-3h contains M+; excluded from 3-6h main analysis.
SHRGT45_全信息基准版_20260727,ALL_SAMPLE_SUPPLEMENT,NOAA11429_X5.4_20120307,X5.4,2012-03-07T00:02:00Z,11429,NEEDS_CLARIFICATION_OFFICIAL_GOES_JWFD_SNAPSHOT,MATCHES_EVENT_NOAA_AR,1449,11429,2012.03.06_22:24:00_TAI,2012-03-06T22:23:26Z,1.642778,50.312,0.237574,0.316,0.237574,0.316,-0.05208167,5.555486e+22,0x00000000,ZERO_QUALITY,,LON_FWT=-26.964;LAT_FWT=17.711,BUFFER_OR_EXCLUDE,,JSOC definitive hmi.sharp_cea_720s keyword query; raw JSON copied from 20260723 cache unless --fetch used,1,1,1,0,0,16,16,16,0,180.0,12.0,1,1,1,1,0,0,2012.03.06_19:24:00_TAI,2012.03.06_22:24:00_TAI,,,,Future 0-3h contains M+; excluded from 3-6h main analysis.
SHRGT45_全信息基准版_20260727,ALL_SAMPLE_SUPPLEMENT,NOAA11429_X5.4_20120307,X5.4,2012-03-07T00:02:00Z,11429,NEEDS_CLARIFICATION_OFFICIAL_GOES_JWFD_SNAPSHOT,MATCHES_EVENT_NOAA_AR,1449,11429,2012.03.06_22:36:00_TAI,2012-03-06T22:35:26Z,1.442778,50.527,0.33611,0.946,0.33611,0.946,-0.05103478,5.573696e+22,0x00000000,ZERO_QUALITY,,LON_FWT=-26.868;LAT_FWT=17.706,BUFFER_OR_EXCLUDE,,JSOC definitive hmi.sharp_cea_720s keyword query; raw JSON copied from 20260723 cache unless --fetch used,1,1,1,0,0,16,16,16,0,180.0,12.0,1,1,1,1,0,0,2012.03.06_19:36:00_TAI,2012.03.06_22:36:00_TAI,,,,Future 0-3h contains M+; excluded from 3-6h main analysis.
SHRGT45_全信息基准版_20260727,ALL_SAMPLE_SUPPLEMENT,NOAA11429_X5.4_20120307,X5.4,2012-03-07T00:02:00Z,11429,NEEDS_CLARIFICATION_OFFICIAL_GOES_JWFD_SNAPSHOT,MATCHES_EVENT_NOAA_AR,1449,11429,2012.03.06_22:48:00_TAI,2012-03-06T22:47:26Z,1.242778,50.658,0.389412,0.86,0.389412,0.86,-0.05131978,5.551763e+22,0x00000000,ZERO_QUALITY,,LON_FWT=-26.756;LAT_FWT=17.705,BUFFER_OR_EXCLUDE,,JSOC definitive hmi.sharp_cea_720s keyword query; raw JSON copied from 20260723 cache unless --fetch used,1,1,1,0,0,16,16,16,0,180.0,12.0,1,1,1,1,0,0,2012.03.06_19:48:00_TAI,2012.03.06_22:48:00_TAI,,,,Future 0-3h contains M+; excluded from 3-6h main analysis.
SHRGT45_全信息基准版_20260727,ALL_SAMPLE_SUPPLEMENT,NOAA11429_X5.4_20120307,X5.4,2012-03-07T00:02:00Z,11429,NEEDS_CLARIFICATION_OFFICIAL_GOES_JWFD_SNAPSHOT,MATCHES_EVENT_NOAA_AR,1449,11429,2012.03.06_23:00:00_TAI,2012-03-06T22:59:26Z,1.042778,50.606,0.448265,1.293,0.448265,1.293,-0.05187396,5.559656e+22,0x00000000,ZERO_QUALITY,,LON_FWT=-26.646;LAT_FWT=17.709,BUFFER_OR_EXCLUDE,,JSOC definitive hmi.sharp_cea_720s keyword query; raw JSON copied from 20260723 cache unless --fetch used,1,1,1,0,0,16,16,16,0,180.0,12.0,1,1,1,1,0,0,2012.03.06_20:00:00_TAI,2012.03.06_23:00:00_TAI,,,,Future 0-3h contains M+; excluded from 3-6h main analysis.
SHRGT45_全信息基准版_20260727,ALL_SAMPLE_SUPPLEMENT,NOAA11429_X5.4_20120307,X5.4,2012-03-07T00:02:00Z,11429,NEEDS_CLARIFICATION_OFFICIAL_GOES_JWFD_SNAPSHOT,MATCHES_EVENT_NOAA_AR,1449,11429,2012.03.06_23:12:00_TAI,2012-03-06T23:11:26Z,0.842778,50.689,0.443765,1.377,0.443765,1.377,-0.05196728,5.572934e+22,0x00000000,ZERO_QUALITY,,LON_FWT=-26.545;LAT_FWT=17.705,BUFFER_OR_EXCLUDE,,JSOC definitive hmi.sharp_cea_720s keyword query; raw JSON copied from 20260723 cache unless --fetch used,1,1,1,0,0,16,16,16,0,180.0,12.0,1,1,1,1,0,0,2012.03.06_20:12:00_TAI,2012.03.06_23:12:00_TAI,,,,Future 0-3h contains M+; excluded from 3-6h main analysis.
SHRGT45_全信息基准版_20260727,ALL_SAMPLE_SUPPLEMENT,NOAA11429_X5.4_20120307,X5.4,2012-03-07T00:02:00Z,11429,NEEDS_CLARIFICATION_OFFICIAL_GOES_JWFD_SNAPSHOT,MATCHES_EVENT_NOAA_AR,1449,11429,2012.03.06_23:24:00_TAI,2012-03-06T23:23:26Z,0.642778,50.731,0.423537,1.176,0.423537,1.176,-0.05111673,5.557707e+22,0x00000000,ZERO_QUALITY,,LON_FWT=-26.437;LAT_FWT=17.705,BUFFER_OR_EXCLUDE,,JSOC definitive hmi.sharp_cea_720s keyword query; raw JSON copied from 20260723 cache unless --fetch used,1,1,1,0,0,16,16,16,0,180.0,12.0,1,1,1,1,0,0,2012.03.06_20:24:00_TAI,2012.03.06_23:24:00_TAI,,,,Future 0-3h contains M+; excluded from 3-6h main analysis.
SHRGT45_全信息基准版_20260727,ALL_SAMPLE_SUPPLEMENT,NOAA11429_X5.4_20120307,X5.4,2012-03-07T00:02:00Z,11429,NEEDS_CLARIFICATION_OFFICIAL_GOES_JWFD_SNAPSHOT,MATCHES_EVENT_NOAA_AR,1449,11429,2012.03.06_23:36:00_TAI,2012-03-06T23:35:26Z,0.442778,50.512,0.388662,0.653,0.388662,0.653,-0.05130522,5.566144e+22,0x00000000,ZERO_QUALITY,,LON_FWT=-26.326;LAT_FWT=17.705,BUFFER_OR_EXCLUDE,,JSOC definitive hmi.sharp_cea_720s keyword query; raw JSON copied from 20260723 cache unless --fetch used,1,1,1,0,0,16,16,16,0,180.0,12.0,1,1,1,1,0,0,2012.03.06_20:36:00_TAI,2012.03.06_23:36:00_TAI,,,,Future 0-3h contains M+; excluded from 3-6h main analysis.
SHRGT45_全信息基准版_20260727,ALL_SAMPLE_SUPPLEMENT,NOAA11429_X5.4_20120307,X5.4,2012-03-07T00:02:00Z,11429,NEEDS_CLARIFICATION_OFFICIAL_GOES_JWFD_SNAPSHOT,MATCHES_EVENT_NOAA_AR,1449,11429,2012.03.06_23:48:00_TAI,2012-03-06T23:47:26Z,0.242778,50.415,0.367015,0.809,0.367015,0.809,-0.05204935,5.56713e+22,0x00000000,ZERO_QUALITY,,LON_FWT=-26.217;LAT_FWT=17.706,BUFFER_OR_EXCLUDE,,JSOC definitive hmi.sharp_cea_720s keyword query; raw JSON copied from 20260723 cache unless --fetch used,1,1,1,0,0,16,16,16,0,180.0,12.0,1,1,1,1,0,0,2012.03.06_20:48:00_TAI,2012.03.06_23:48:00_TAI,,,,Future 0-3h contains M+; excluded from 3-6h main analysis.
SHRGT45_全信息基准版_20260727,ALL_SAMPLE_SUPPLEMENT,NOAA11158_X2.2_20110215,X2.2,2011-02-15T01:44:00Z,11158,NEEDS_CLARIFICATION_OFFICIAL_GOES_JWFD_SNAPSHOT,MATCHES_EVENT_NOAA_AR,377,11158,2011.02.14_13:36:00_TAI,2011-02-14T13:35:26Z,12.142778,58.621,,,,,0.03052756,2.399812e+22,0x00000000,ZERO_QUALITY,,LON_FWT=6.132;LAT_FWT=-20.257,NEGATIVE_CANDIDATE,PROVISIONAL_CONTROL_PENDING_FULL_MPLUS_CATALOG_AUDIT,JSOC definitive hmi.sharp_cea_720s keyword query; raw JSON copied from 20260723 cache unless --fetch used,1,1,1,0,0,16,1,1,15,0.0,0.0,0,0,1,0,0,0,2011.02.14_13:36:00_TAI,2011.02.14_13:36:00_TAI,,,,Seed-based provisional control: no seeded M+ in future 3-6h and no seeded M+ in previous 3h.
SHRGT45_全信息基准版_20260727,ALL_SAMPLE_SUPPLEMENT,NOAA11158_X2.2_20110215,X2.2,2011-02-15T01:44:00Z,11158,NEEDS_CLARIFICATION_OFFICIAL_GOES_JWFD_SNAPSHOT,MATCHES_EVENT_NOAA_AR,377,11158,2011.02.14_13:48:00_TAI,2011-02-14T13:47:26Z,11.942778,58.777,,,,,0.03089616,2.412487e+22,0x00000000,ZERO_QUALITY,,LON_FWT=6.234;LAT_FWT=-20.258,NEGATIVE_CANDIDATE,PROVISIONAL_CONTROL_PENDING_FULL_MPLUS_CATALOG_AUDIT,JSOC definitive hmi.sharp_cea_720s keyword query; raw JSON copied from 20260723 cache unless --fetch used,1,1,1,0,0,16,2,2,14,12.0,12.0,0,0,1,0,0,0,2011.02.14_13:36:00_TAI,2011.02.14_13:48:00_TAI,,,,Seed-based provisional control: no seeded M+ in future 3-6h and no seeded M+ in previous 3h.
SHRGT45_全信息基准版_20260727,ALL_SAMPLE_SUPPLEMENT,NOAA11158_X2.2_20110215,X2.2,2011-02-15T01:44:00Z,11158,NEEDS_CLARIFICATION_OFFICIAL_GOES_JWFD_SNAPSHOT,MATCHES_EVENT_NOAA_AR,377,11158,2011.02.14_14:00:00_TAI,2011-02-14T13:59:26Z,11.742778,59.408,,,,,0.03022219,2.416427e+22,0x00000000,ZERO_QUALITY,,LON_FWT=6.351;LAT_FWT=-20.254,NEGATIVE_CANDIDATE,PROVISIONAL_CONTROL_PENDING_FULL_MPLUS_CATALOG_AUDIT,JSOC definitive hmi.sharp_cea_720s keyword query; raw JSON copied from 20260723 cache unless --fetch used,1,1,1,0,0,16,3,3,13,24.0,12.0,0,0,1,0,0,0,2011.02.14_13:36:00_TAI,2011.02.14_14:00:00_TAI,,,,Seed-based provisional control: no seeded M+ in future 3-6h and no seeded M+ in previous 3h.
SHRGT45_全信息基准版_20260727,ALL_SAMPLE_SUPPLEMENT,NOAA11158_X2.2_20110215,X2.2,2011-02-15T01:44:00Z,11158,NEEDS_CLARIFICATION_OFFICIAL_GOES_JWFD_SNAPSHOT,MATCHES_EVENT_NOAA_AR,377,11158,2011.02.14_14:12:00_TAI,2011-02-14T14:11:26Z,11.542778,59.122,,,,,0.02963632,2.424452e+22,0x00000000,ZERO_QUALITY,,LON_FWT=6.461;LAT_FWT=-20.250,NEGATIVE_CANDIDATE,PROVISIONAL_CONTROL_PENDING_FULL_MPLUS_CATALOG_AUDIT,JSOC definitive hmi.sharp_cea_720s keyword query; raw JSON copied from 20260723 cache unless --fetch used,1,1,1,0,0,16,4,4,12,36.0,12.0,0,0,1,0,0,0,2011.02.14_13:36:00_TAI,2011.02.14_14:12:00_TAI,,,,Seed-based provisional control: no seeded M+ in future 3-6h and no seeded M+ in previous 3h.
SHRGT45_全信息基准版_20260727,ALL_SAMPLE_SUPPLEMENT,NOAA11158_X2.2_20110215,X2.2,2011-02-15T01:44:00Z,11158,NEEDS_CLARIFICATION_OFFICIAL_GOES_JWFD_SNAPSHOT,MATCHES_EVENT_NOAA_AR,377,11158,2011.02.14_14:24:00_TAI,2011-02-14T14:23:26Z,11.342778,59.343,,,,,0.02753407,2.420753e+22,0x00000000,ZERO_QUALITY,,LON_FWT=6.571;LAT_FWT=-20.246,NEGATIVE_CANDIDATE,PROVISIONAL_CONTROL_PENDING_FULL_MPLUS_CATALOG_AUDIT,JSOC definitive hmi.sharp_cea_720s keyword query; raw JSON copied from 20260723 cache unless --fetch used,1,1,1,0,0,16,5,5,11,48.0,12.0,0,0,1,0,0,0,2011.02.14_13:36:00_TAI,2011.02.14_14:24:00_TAI,,,,Seed-based provisional control: no seeded M+ in future 3-6h and no seeded M+ in previous 3h.
SHRGT45_全信息基准版_20260727,ALL_SAMPLE_SUPPLEMENT,NOAA11158_X2.2_20110215,X2.2,2011-02-15T01:44:00Z,11158,NEEDS_CLARIFICATION_OFFICIAL_GOES_JWFD_SNAPSHOT,MATCHES_EVENT_NOAA_AR,377,11158,2011.02.14_14:36:00_TAI,2011-02-14T14:35:26Z,11.142778,59.398,,,,,0.02636215,2.427978e+22,0x00000000,ZERO_QUALITY,,LON_FWT=6.670;LAT_FWT=-20.246,NEGATIVE_CANDIDATE,PROVISIONAL_CONTROL_PENDING_FULL_MPLUS_CATALOG_AUDIT,JSOC definitive hmi.sharp_cea_720s keyword query; raw JSON copied from 20260723 cache unless --fetch used,1,1,1,0,0,16,6,6,10,60.0,12.0,0,0,1,0,0,0,2011.02.14_13:36:00_TAI,2011.02.14_14:36:00_TAI,,,,Seed-based provisional control: no seeded M+ in future 3-6h and no seeded M+ in previous 3h.
SHRGT45_全信息基准版_20260727,ALL_SAMPLE_SUPPLEMENT,NOAA11158_X2.2_20110215,X2.2,2011-02-15T01:44:00Z,11158,NEEDS_CLARIFICATION_OFFICIAL_GOES_JWFD_SNAPSHOT,MATCHES_EVENT_NOAA_AR,377,11158,2011.02.14_14:48:00_TAI,2011-02-14T14:47:26Z,10.942778,59.49,,,,,0.02552855,2.422969e+22,0x00000000,ZERO_QUALITY,,LON_FWT=6.767;LAT_FWT=-20.250,NEGATIVE_CANDIDATE,PROVISIONAL_CONTROL_PENDING_FULL_MPLUS_CATALOG_AUDIT,JSOC definitive hmi.sharp_cea_720s keyword query; raw JSON copied from 20260723 cache unless --fetch used,1,1,1,0,0,16,7,7,9,72.0,12.0,0,0,1,0,0,0,2011.02.14_13:36:00_TAI,2011.02.14_14:48:00_TAI,,,,Seed-based provisional control: no seeded M+ in future 3-6h and no seeded M+ in previous 3h.
SHRGT45_全信息基准版_20260727,ALL_SAMPLE_SUPPLEMENT,NOAA11158_X2.2_20110215,X2.2,2011-02-15T01:44:00Z,11158,NEEDS_CLARIFICATION_OFFICIAL_GOES_JWFD_SNAPSHOT,MATCHES_EVENT_NOAA_AR,377,11158,2011.02.14_15:00:00_TAI,2011-02-14T14:59:26Z,10.742778,59.801,,,,,0.02581404,2.429176e+22,0x00000000,ZERO_QUALITY,,LON_FWT=6.878;LAT_FWT=-20.245,NEGATIVE_CANDIDATE,PROVISIONAL_CONTROL_PENDING_FULL_MPLUS_CATALOG_AUDIT,JSOC definitive hmi.sharp_cea_720s keyword query; raw JSON copied from 20260723 cache unless --fetch used,1,1,1,0,0,16,8,8,8,84.0,12.0,0,0,1,0,0,0,2011.02.14_13:36:00_TAI,2011.02.14_15:00:00_TAI,,,,Seed-based provisional control: no seeded M+ in future 3-6h and no seeded M+ in previous 3h.
SHRGT45_全信息基准版_20260727,ALL_SAMPLE_SUPPLEMENT,NOAA11158_X2.2_20110215,X2.2,2011-02-15T01:44:00Z,11158,NEEDS_CLARIFICATION_OFFICIAL_GOES_JWFD_SNAPSHOT,MATCHES_EVENT_NOAA_AR,377,11158,2011.02.14_15:12:00_TAI,2011-02-14T15:11:26Z,10.542778,60.145,,,,,0.02663693,2.42304e+22,0x00000000,ZERO_QUALITY,,LON_FWT=6.983;LAT_FWT=-20.244,NEGATIVE_CANDIDATE,PROVISIONAL_CONTROL_PENDING_FULL_MPLUS_CATALOG_AUDIT,JSOC definitive hmi.sharp_cea_720s keyword query; raw JSON copied from 20260723 cache unless --fetch used,1,1,1,0,0,16,9,9,7,96.0,12.0,0,0,1,0,0,0,2011.02.14_13:36:00_TAI,2011.02.14_15:12:00_TAI,,,,Seed-based provisional control: no seeded M+ in future 3-6h and no seeded M+ in previous 3h.
SHRGT45_全信息基准版_20260727,ALL_SAMPLE_SUPPLEMENT,NOAA11158_X2.2_20110215,X2.2,2011-02-15T01:44:00Z,11158,NEEDS_CLARIFICATION_OFFICIAL_GOES_JWFD_SNAPSHOT,MATCHES_EVENT_NOAA_AR,377,11158,2011.02.14_15:24:00_TAI,2011-02-14T15:23:26Z,10.342778,59.98,,,,,0.02679827,2.438431e+22,0x00000000,ZERO_QUALITY,,LON_FWT=7.083;LAT_FWT=-20.241,NEGATIVE_CANDIDATE,PROVISIONAL_CONTROL_PENDING_FULL_MPLUS_CATALOG_AUDIT,JSOC definitive hmi.sharp_cea_720s keyword query; raw JSON copied from 20260723 cache unless --fetch used,1,1,1,0,0,16,10,10,6,108.0,12.0,0,0,1,0,0,0,2011.02.14_13:36:00_TAI,2011.02.14_15:24:00_TAI,,,,Seed-based provisional control: no seeded M+ in future 3-6h and no seeded M+ in previous 3h.
SHRGT45_全信息基准版_20260727,ALL_SAMPLE_SUPPLEMENT,NOAA11158_X2.2_20110215,X2.2,2011-02-15T01:44:00Z,11158,NEEDS_CLARIFICATION_OFFICIAL_GOES_JWFD_SNAPSHOT,MATCHES_EVENT_NOAA_AR,377,11158,2011.02.14_15:36:00_TAI,2011-02-14T15:35:26Z,10.142778,59.961,,,,,0.02720674,2.434117e+22,0x00000000,ZERO_QUALITY,,LON_FWT=7.185;LAT_FWT=-20.238,NEGATIVE_CANDIDATE,PROVISIONAL_CONTROL_PENDING_FULL_MPLUS_CATALOG_AUDIT,JSOC definitive hmi.sharp_cea_720s keyword query; raw JSON copied from 20260723 cache unless --fetch used,1,1,1,0,0,16,11,11,5,120.0,12.0,0,0,1,0,0,0,2011.02.14_13:36:00_TAI,2011.02.14_15:36:00_TAI,,,,Seed-based provisional control: no seeded M+ in future 3-6h and no seeded M+ in previous 3h.
SHRGT45_全信息基准版_20260727,ALL_SAMPLE_SUPPLEMENT,NOAA11158_X2.2_20110215,X2.2,2011-02-15T01:44:00Z,11158,NEEDS_CLARIFICATION_OFFICIAL_GOES_JWFD_SNAPSHOT,MATCHES_EVENT_NOAA_AR,377,11158,2011.02.14_15:48:00_TAI,2011-02-14T15:47:26Z,9.942778,59.863,,,,,0.02901025,2.443735e+22,0x00000000,ZERO_QUALITY,,LON_FWT=7.288;LAT_FWT=-20.240,NEGATIVE_CANDIDATE,PROVISIONAL_CONTROL_PENDING_FULL_MPLUS_CATALOG_AUDIT,JSOC definitive hmi.sharp_cea_720s keyword query; raw JSON copied from 20260723 cache unless --fetch used,1,1,1,0,0,16,12,12,4,132.0,12.0,0,0,1,0,0,0,2011.02.14_13:36:00_TAI,2011.02.14_15:48:00_TAI,,,,Seed-based provisional control: no seeded M+ in future 3-6h and no seeded M+ in previous 3h.
SHRGT45_全信息基准版_20260727,ALL_SAMPLE_SUPPLEMENT,NOAA11158_X2.2_20110215,X2.2,2011-02-15T01:44:00Z,11158,NEEDS_CLARIFICATION_OFFICIAL_GOES_JWFD_SNAPSHOT,MATCHES_EVENT_NOAA_AR,377,11158,2011.02.14_16:00:00_TAI,2011-02-14T15:59:26Z,9.742778,60.346,,,,,0.03020155,2.447858e+22,0x00000000,ZERO_QUALITY,,LON_FWT=7.378;LAT_FWT=-20.244,NEGATIVE_CANDIDATE,PROVISIONAL_CONTROL_PENDING_FULL_MPLUS_CATALOG_AUDIT,JSOC definitive hmi.sharp_cea_720s keyword query; raw JSON copied from 20260723 cache unless --fetch used,1,1,1,0,0,16,13,13,3,144.0,12.0,0,0,1,0,0,0,2011.02.14_13:36:00_TAI,2011.02.14_16:00:00_TAI,,,,Seed-based provisional control: no seeded M+ in future 3-6h and no seeded M+ in previous 3h.
SHRGT45_全信息基准版_20260727,ALL_SAMPLE_SUPPLEMENT,NOAA11158_X2.2_20110215,X2.2,2011-02-15T01:44:00Z,11158,NEEDS_CLARIFICATION_OFFICIAL_GOES_JWFD_SNAPSHOT,MATCHES_EVENT_NOAA_AR,377,11158,2011.02.14_16:12:00_TAI,2011-02-14T16:11:26Z,9.542778,60.275,,,,,0.02998845,2.452905e+22,0x00000000,ZERO_QUALITY,,LON_FWT=7.478;LAT_FWT=-20.245,NEGATIVE_CANDIDATE,PROVISIONAL_CONTROL_PENDING_FULL_MPLUS_CATALOG_AUDIT,JSOC definitive hmi.sharp_cea_720s keyword query; raw JSON copied from 20260723 cache unless --fetch used,1,1,1,0,0,16,14,14,2,156.0,12.0,0,0,1,0,0,0,2011.02.14_13:36:00_TAI,2011.02.14_16:12:00_TAI,,,,Seed-based provisional control: no seeded M+ in future 3-6h and no seeded M+ in previous 3h.
SHRGT45_全信息基准版_20260727,ALL_SAMPLE_SUPPLEMENT,NOAA11158_X2.2_20110215,X2.2,2011-02-15T01:44:00Z,11158,NEEDS_CLARIFICATION_OFFICIAL_GOES_JWFD_SNAPSHOT,MATCHES_EVENT_NOAA_AR,377,11158,2011.02.14_16:24:00_TAI,2011-02-14T16:23:26Z,9.342778,60.059,0.542518,1.438,,,0.02985303,2.466033e+22,0x00000000,ZERO_QUALITY,,LON_FWT=7.578;LAT_FWT=-20.243,NEGATIVE_CANDIDATE,PROVISIONAL_CONTROL_PENDING_FULL_MPLUS_CATALOG_AUDIT,JSOC definitive hmi.sharp_cea_720s keyword query; raw JSON copied from 20260723 cache unless --fetch used,1,1,1,0,0,16,15,15,1,168.0,12.0,1,0,1,0,1,0,2011.02.14_13:36:00_TAI,2011.02.14_16:24:00_TAI,,,,Seed-based provisional control: no seeded M+ in future 3-6h and no seeded M+ in previous 3h.
SHRGT45_全信息基准版_20260727,ALL_SAMPLE_SUPPLEMENT,NOAA11158_X2.2_20110215,X2.2,2011-02-15T01:44:00Z,11158,NEEDS_CLARIFICATION_OFFICIAL_GOES_JWFD_SNAPSHOT,MATCHES_EVENT_NOAA_AR,377,11158,2011.02.14_16:36:00_TAI,2011-02-14T16:35:26Z,9.142778,60.017,0.488441,1.396,0.488441,1.396,0.02922506,2.476676e+22,0x00000000,ZERO_QUALITY,,LON_FWT=7.684;LAT_FWT=-20.239,NEGATIVE_CANDIDATE,PROVISIONAL_CONTROL_PENDING_FULL_MPLUS_CATALOG_AUDIT,JSOC definitive hmi.sharp_cea_720s keyword query; raw JSON copied from 20260723 cache unless --fetch used,1,1,1,0,0,16,16,16,0,180.0,12.0,1,1,1,0,1,1,2011.02.14_13:36:00_TAI,2011.02.14_16:36:00_TAI,,,,Seed-based provisional control: no seeded M+ in future 3-6h and no seeded M+ in previous 3h.
SHRGT45_全信息基准版_20260727,ALL_SAMPLE_SUPPLEMENT,NOAA11158_X2.2_20110215,X2.2,2011-02-15T01:44:00Z,11158,NEEDS_CLARIFICATION_OFFICIAL_GOES_JWFD_SNAPSHOT,MATCHES_EVENT_NOAA_AR,377,11158,2011.02.14_16:48:00_TAI,2011-02-14T16:47:26Z,8.942778,60.079,0.404103,1.302,0.404103,1.302,0.03100006,2.491853e+22,0x00000000,ZERO_QUALITY,,LON_FWT=7.788;LAT_FWT=-20.241,NEGATIVE_CANDIDATE,PROVISIONAL_CONTROL_PENDING_FULL_MPLUS_CATALOG_AUDIT,JSOC definitive hmi.sharp_cea_720s keyword query; raw JSON copied from 20260723 cache unless --fetch used,1,1,1,0,0,16,16,16,0,180.0,12.0,1,1,1,0,1,1,2011.02.14_13:48:00_TAI,2011.02.14_16:48:00_TAI,,,,Seed-based provisional control: no seeded M+ in future 3-6h and no seeded M+ in previous 3h.
SHRGT45_全信息基准版_20260727,ALL_SAMPLE_SUPPLEMENT,NOAA11158_X2.2_20110215,X2.2,2011-02-15T01:44:00Z,11158,NEEDS_CLARIFICATION_OFFICIAL_GOES_JWFD_SNAPSHOT,MATCHES_EVENT_NOAA_AR,377,11158,2011.02.14_17:00:00_TAI,2011-02-14T16:59:26Z,8.742778,60.32,0.344404,0.912,0.344404,0.912,0.02916279,2.497499e+22,0x00000000,ZERO_QUALITY,,LON_FWT=7.887;LAT_FWT=-20.244,NEGATIVE_CANDIDATE,PROVISIONAL_CONTROL_PENDING_FULL_MPLUS_CATALOG_AUDIT,JSOC definitive hmi.sharp_cea_720s keyword query; raw JSON copied from 20260723 cache unless --fetch used,1,1,1,0,0,16,16,16,0,180.0,12.0,1,1,1,0,1,1,2011.02.14_14:00:00_TAI,2011.02.14_17:00:00_TAI,,,,Seed-based provisional control: no seeded M+ in future 3-6h and no seeded M+ in previous 3h.
SHRGT45_全信息基准版_20260727,ALL_SAMPLE_SUPPLEMENT,NOAA11158_X2.2_20110215,X2.2,2011-02-15T01:44:00Z,11158,NEEDS_CLARIFICATION_OFFICIAL_GOES_JWFD_SNAPSHOT,MATCHES_EVENT_NOAA_AR,377,11158,2011.02.14_17:12:00_TAI,2011-02-14T17:11:26Z,8.542778,60.454,0.355669,1.332,0.355669,1.332,0.02952141,2.518894e+22,0x00000000,ZERO_QUALITY,,LON_FWT=7.995;LAT_FWT=-20.242,NEGATIVE_CANDIDATE,PROVISIONAL_CONTROL_PENDING_FULL_MPLUS_CATALOG_AUDIT,JSOC definitive hmi.sharp_cea_720s keyword query; raw JSON copied from 20260723 cache unless --fetch used,1,1,1,0,0,16,16,16,0,180.0,12.0,1,1,1,0,1,1,2011.02.14_14:12:00_TAI,2011.02.14_17:12:00_TAI,,,,Seed-based provisional control: no seeded M+ in future 3-6h and no seeded M+ in previous 3h.
SHRGT45_全信息基准版_20260727,ALL_SAMPLE_SUPPLEMENT,NOAA11158_X2.2_20110215,X2.2,2011-02-15T01:44:00Z,11158,NEEDS_CLARIFICATION_OFFICIAL_GOES_JWFD_SNAPSHOT,MATCHES_EVENT_NOAA_AR,377,11158,2011.02.14_17:24:00_TAI,2011-02-14T17:23:26Z,8.342778,60.192,0.286904,0.849,0.286904,0.849,0.02835259,2.51616e+22,0x00000000,ZERO_QUALITY,,LON_FWT=8.101;LAT_FWT=-20.242,NEGATIVE_CANDIDATE,PROVISIONAL_CONTROL_PENDING_FULL_MPLUS_CATALOG_AUDIT,JSOC definitive hmi.sharp_cea_720s keyword query; raw JSON copied from 20260723 cache unless --fetch used,1,1,1,0,0,16,16,16,0,180.0,12.0,1,1,1,0,1,1,2011.02.14_14:24:00_TAI,2011.02.14_17:24:00_TAI,,,,Seed-based provisional control: no seeded M+ in future 3-6h and no seeded M+ in previous 3h.
SHRGT45_全信息基准版_20260727,ALL_SAMPLE_SUPPLEMENT,NOAA11158_X2.2_20110215,X2.2,2011-02-15T01:44:00Z,11158,NEEDS_CLARIFICATION_OFFICIAL_GOES_JWFD_SNAPSHOT,MATCHES_EVENT_NOAA_AR,377,11158,2011.02.14_17:36:00_TAI,2011-02-14T17:35:26Z,8.142778,60.183,0.229037,0.785,0.229037,0.785,0.02778717,2.522909e+22,0x00000000,ZERO_QUALITY,,LON_FWT=8.210;LAT_FWT=-20.239,NEGATIVE_CANDIDATE,PROVISIONAL_CONTROL_PENDING_FULL_MPLUS_CATALOG_AUDIT,JSOC definitive hmi.sharp_cea_720s keyword query; raw JSON copied from 20260723 cache unless --fetch used,1,1,1,0,0,16,16,16,0,180.0,12.0,1,1,1,0,1,1,2011.02.14_14:36:00_TAI,2011.02.14_17:36:00_TAI,,,,Seed-based provisional control: no seeded M+ in future 3-6h and no seeded M+ in previous 3h.
SHRGT45_全信息基准版_20260727,ALL_SAMPLE_SUPPLEMENT,NOAA11158_X2.2_20110215,X2.2,2011-02-15T01:44:00Z,11158,NEEDS_CLARIFICATION_OFFICIAL_GOES_JWFD_SNAPSHOT,MATCHES_EVENT_NOAA_AR,377,11158,2011.02.14_17:48:00_TAI,2011-02-14T17:47:26Z,7.942778,59.937,0.138559,0.447,0.138559,0.447,0.02682618,2.538369e+22,0x00000000,ZERO_QUALITY,,LON_FWT=8.309;LAT_FWT=-20.241,NEGATIVE_CANDIDATE,PROVISIONAL_CONTROL_PENDING_FULL_MPLUS_CATALOG_AUDIT,JSOC definitive hmi.sharp_cea_720s keyword query; raw JSON copied from 20260723 cache unless --fetch used,1,1,1,0,0,16,16,16,0,180.0,12.0,1,1,1,0,1,1,2011.02.14_14:48:00_TAI,2011.02.14_17:48:00_TAI,,,,Seed-based provisional control: no seeded M+ in future 3-6h and no seeded M+ in previous 3h.
SHRGT45_全信息基准版_20260727,ALL_SAMPLE_SUPPLEMENT,NOAA11158_X2.2_20110215,X2.2,2011-02-15T01:44:00Z,11158,NEEDS_CLARIFICATION_OFFICIAL_GOES_JWFD_SNAPSHOT,MATCHES_EVENT_NOAA_AR,377,11158,2011.02.14_18:00:00_TAI,2011-02-14T17:59:26Z,7.742778,59.46,-0.000956,-0.341,,,0.02708878,2.541844e+22,0x00010400,NONZERO_RETAINED_PROVISIONAL,,LON_FWT=8.410;LAT_FWT=-20.244,NEGATIVE_CANDIDATE,PROVISIONAL_CONTROL_PENDING_FULL_MPLUS_CATALOG_AUDIT,JSOC definitive hmi.sharp_cea_720s keyword query; raw JSON copied from 20260723 cache unless --fetch used,1,1,0,0,1,16,16,16,0,180.0,12.0,1,0,1,0,1,0,2011.02.14_15:00:00_TAI,2011.02.14_18:00:00_TAI,,,,Seed-based provisional control: no seeded M+ in future 3-6h and no seeded M+ in previous 3h.
SHRGT45_全信息基准版_20260727,ALL_SAMPLE_SUPPLEMENT,NOAA11158_X2.2_20110215,X2.2,2011-02-15T01:44:00Z,11158,NEEDS_CLARIFICATION_OFFICIAL_GOES_JWFD_SNAPSHOT,MATCHES_EVENT_NOAA_AR,377,11158,2011.02.14_18:12:00_TAI,2011-02-14T18:11:26Z,7.542778,59.245,-0.124868,-0.9,,,0.0273876,2.545605e+22,0x00010400,NONZERO_RETAINED_PROVISIONAL,,LON_FWT=8.520;LAT_FWT=-20.246,NEGATIVE_CANDIDATE,PROVISIONAL_CONTROL_PENDING_FULL_MPLUS_CATALOG_AUDIT,JSOC definitive hmi.sharp_cea_720s keyword query; raw JSON copied from 20260723 cache unless --fetch used,1,1,0,0,1,16,16,16,0,180.0,12.0,1,0,1,0,1,0,2011.02.14_15:12:00_TAI,2011.02.14_18:12:00_TAI,,,,Seed-based provisional control: no seeded M+ in future 3-6h and no seeded M+ in previous 3h.
SHRGT45_全信息基准版_20260727,ALL_SAMPLE_SUPPLEMENT,NOAA11158_X2.2_20110215,X2.2,2011-02-15T01:44:00Z,11158,NEEDS_CLARIFICATION_OFFICIAL_GOES_JWFD_SNAPSHOT,MATCHES_EVENT_NOAA_AR,377,11158,2011.02.14_18:24:00_TAI,2011-02-14T18:23:26Z,7.342778,58.901,-0.235544,-1.079,,,0.02863459,2.55295e+22,0x00000000,ZERO_QUALITY,,LON_FWT=8.634;LAT_FWT=-20.242,NEGATIVE_CANDIDATE,PROVISIONAL_CONTROL_PENDING_FULL_MPLUS_CATALOG_AUDIT,JSOC definitive hmi.sharp_cea_720s keyword query; raw JSON copied from 20260723 cache unless --fetch used,1,1,1,0,0,16,16,16,0,180.0,12.0,1,0,1,0,1,0,2011.02.14_15:24:00_TAI,2011.02.14_18:24:00_TAI,,,,Seed-based provisional control: no seeded M+ in future 3-6h and no seeded M+ in previous 3h.
SHRGT45_全信息基准版_20260727,ALL_SAMPLE_SUPPLEMENT,NOAA11158_X2.2_20110215,X2.2,2011-02-15T01:44:00Z,11158,NEEDS_CLARIFICATION_OFFICIAL_GOES_JWFD_SNAPSHOT,MATCHES_EVENT_NOAA_AR,377,11158,2011.02.14_18:36:00_TAI,2011-02-14T18:35:26Z,7.142778,58.563,-0.385831,-1.398,,,0.02935871,2.557277e+22,0x00000000,ZERO_QUALITY,,LON_FWT=8.737;LAT_FWT=-20.242,NEGATIVE_CANDIDATE,PROVISIONAL_CONTROL_PENDING_FULL_MPLUS_CATALOG_AUDIT,JSOC definitive hmi.sharp_cea_720s keyword query; raw JSON copied from 20260723 cache unless --fetch used,1,1,1,0,0,16,16,16,0,180.0,12.0,1,0,1,0,1,0,2011.02.14_15:36:00_TAI,2011.02.14_18:36:00_TAI,,,,Seed-based provisional control: no seeded M+ in future 3-6h and no seeded M+ in previous 3h.
SHRGT45_全信息基准版_20260727,ALL_SAMPLE_SUPPLEMENT,NOAA11158_X2.2_20110215,X2.2,2011-02-15T01:44:00Z,11158,NEEDS_CLARIFICATION_OFFICIAL_GOES_JWFD_SNAPSHOT,MATCHES_EVENT_NOAA_AR,377,11158,2011.02.14_18:48:00_TAI,2011-02-14T18:47:26Z,6.942778,58.893,-0.481257,-0.97,,,0.02968265,2.573218e+22,0x00000000,ZERO_QUALITY,,LON_FWT=8.843;LAT_FWT=-20.241,NEGATIVE_CANDIDATE,PROVISIONAL_CONTROL_PENDING_FULL_MPLUS_CATALOG_AUDIT,JSOC definitive hmi.sharp_cea_720s keyword query; raw JSON copied from 20260723 cache unless --fetch used,1,1,1,0,0,16,16,16,0,180.0,12.0,1,0,1,0,1,0,2011.02.14_15:48:00_TAI,2011.02.14_18:48:00_TAI,,,,Seed-based provisional control: no seeded M+ in future 3-6h and no seeded M+ in previous 3h.
SHRGT45_全信息基准版_20260727,ALL_SAMPLE_SUPPLEMENT,NOAA11158_X2.2_20110215,X2.2,2011-02-15T01:44:00Z,11158,NEEDS_CLARIFICATION_OFFICIAL_GOES_JWFD_SNAPSHOT,MATCHES_EVENT_NOAA_AR,377,11158,2011.02.14_19:00:00_TAI,2011-02-14T18:59:26Z,6.742778,58.966,-0.565176,-1.38,,,0.03060447,2.595689e+22,0x00000000,ZERO_QUALITY,,LON_FWT=8.951;LAT_FWT=-20.240,NEGATIVE_CANDIDATE,PROVISIONAL_CONTROL_PENDING_FULL_MPLUS_CATALOG_AUDIT,JSOC definitive hmi.sharp_cea_720s keyword query; raw JSON copied from 20260723 cache unless --fetch used,1,1,1,0,0,16,16,16,0,180.0,12.0,1,0,1,0,1,0,2011.02.14_16:00:00_TAI,2011.02.14_19:00:00_TAI,,,,Seed-based provisional control: no seeded M+ in future 3-6h and no seeded M+ in previous 3h.
SHRGT45_全信息基准版_20260727,ALL_SAMPLE_SUPPLEMENT,NOAA11158_X2.2_20110215,X2.2,2011-02-15T01:44:00Z,11158,NEEDS_CLARIFICATION_OFFICIAL_GOES_JWFD_SNAPSHOT,MATCHES_EVENT_NOAA_AR,377,11158,2011.02.14_19:12:00_TAI,2011-02-14T19:11:26Z,6.542778,58.77,-0.597147,-1.505,,,0.03006875,2.608373e+22,0x00000000,ZERO_QUALITY,,LON_FWT=9.058;LAT_FWT=-20.240,NEGATIVE_CANDIDATE,PROVISIONAL_CONTROL_PENDING_FULL_MPLUS_CATALOG_AUDIT,JSOC definitive hmi.sharp_cea_720s keyword query; raw JSON copied from 20260723 cache unless --fetch used,1,1,1,0,0,16,16,16,0,180.0,12.0,1,0,1,0,1,0,2011.02.14_16:12:00_TAI,2011.02.14_19:12:00_TAI,,,,Seed-based provisional control: no seeded M+ in future 3-6h and no seeded M+ in previous 3h.
SHRGT45_全信息基准版_20260727,ALL_SAMPLE_SUPPLEMENT,NOAA11158_X2.2_20110215,X2.2,2011-02-15T01:44:00Z,11158,NEEDS_CLARIFICATION_OFFICIAL_GOES_JWFD_SNAPSHOT,MATCHES_EVENT_NOAA_AR,377,11158,2011.02.14_19:24:00_TAI,2011-02-14T19:23:26Z,6.342778,59.22,-0.565184,-0.839,,,0.02919814,2.622874e+22,0x00000000,ZERO_QUALITY,,LON_FWT=9.162;LAT_FWT=-20.240,NEGATIVE_CANDIDATE,PROVISIONAL_CONTROL_PENDING_FULL_MPLUS_CATALOG_AUDIT,JSOC definitive hmi.sharp_cea_720s keyword query; raw JSON copied from 20260723 cache unless --fetch used,1,1,1,0,0,16,16,16,0,180.0,12.0,1,0,1,0,1,0,2011.02.14_16:24:00_TAI,2011.02.14_19:24:00_TAI,,,,Seed-based provisional control: no seeded M+ in future 3-6h and no seeded M+ in previous 3h.
SHRGT45_全信息基准版_20260727,ALL_SAMPLE_SUPPLEMENT,NOAA11158_X2.2_20110215,X2.2,2011-02-15T01:44:00Z,11158,NEEDS_CLARIFICATION_OFFICIAL_GOES_JWFD_SNAPSHOT,MATCHES_EVENT_NOAA_AR,377,11158,2011.02.14_19:36:00_TAI,2011-02-14T19:35:26Z,6.142778,59.459,-0.518346,-0.558,,,0.028069,2.628039e+22,0x00000000,ZERO_QUALITY,,LON_FWT=9.268;LAT_FWT=-20.240,NEGATIVE_CANDIDATE,PROVISIONAL_CONTROL_PENDING_FULL_MPLUS_CATALOG_AUDIT,JSOC definitive hmi.sharp_cea_720s keyword query; raw JSON copied from 20260723 cache unless --fetch used,1,1,1,0,0,16,16,16,0,180.0,12.0,1,0,1,0,1,0,2011.02.14_16:36:00_TAI,2011.02.14_19:36:00_TAI,,,,Seed-based provisional control: no seeded M+ in future 3-6h and no seeded M+ in previous 3h.
SHRGT45_全信息基准版_20260727,ALL_SAMPLE_SUPPLEMENT,NOAA11158_X2.2_20110215,X2.2,2011-02-15T01:44:00Z,11158,NEEDS_CLARIFICATION_OFFICIAL_GOES_JWFD_SNAPSHOT,MATCHES_EVENT_NOAA_AR,377,11158,2011.02.14_19:48:00_TAI,2011-02-14T19:47:26Z,5.942778,59.597,-0.452713,-0.482,,,0.02771795,2.634416e+22,0x00000000,ZERO_QUALITY,,LON_FWT=9.387;LAT_FWT=-20.237,POSITIVE_CANDIDATE,,JSOC definitive hmi.sharp_cea_720s keyword query; raw JSON copied from 20260723 cache unless --fetch used,1,1,1,0,0,16,16,16,0,180.0,12.0,1,0,1,0,1,0,2011.02.14_16:48:00_TAI,2011.02.14_19:48:00_TAI,,,,Future 3-6h contains the seeded M+ GOES-onset event.
SHRGT45_全信息基准版_20260727,ALL_SAMPLE_SUPPLEMENT,NOAA11158_X2.2_20110215,X2.2,2011-02-15T01:44:00Z,11158,NEEDS_CLARIFICATION_OFFICIAL_GOES_JWFD_SNAPSHOT,MATCHES_EVENT_NOAA_AR,377,11158,2011.02.14_20:00:00_TAI,2011-02-14T19:59:26Z,5.742778,59.587,-0.374257,-0.733,,,0.02797398,2.632161e+22,0x00000000,ZERO_QUALITY,,LON_FWT=9.496;LAT_FWT=-20.239,POSITIVE_CANDIDATE,,JSOC definitive hmi.sharp_cea_720s keyword query; raw JSON copied from 20260723 cache unless --fetch used,1,1,1,0,0,16,16,16,0,180.0,12.0,1,0,1,0,1,0,2011.02.14_17:00:00_TAI,2011.02.14_20:00:00_TAI,,,,Future 3-6h contains the seeded M+ GOES-onset event.
SHRGT45_全信息基准版_20260727,ALL_SAMPLE_SUPPLEMENT,NOAA11158_X2.2_20110215,X2.2,2011-02-15T01:44:00Z,11158,NEEDS_CLARIFICATION_OFFICIAL_GOES_JWFD_SNAPSHOT,MATCHES_EVENT_NOAA_AR,377,11158,2011.02.14_20:12:00_TAI,2011-02-14T20:11:26Z,5.542778,59.966,-0.21664,-0.488,,,0.02824095,2.624597e+22,0x00000000,ZERO_QUALITY,,LON_FWT=9.612;LAT_FWT=-20.236,POSITIVE_CANDIDATE,,JSOC definitive hmi.sharp_cea_720s keyword query; raw JSON copied from 20260723 cache unless --fetch used,1,1,1,0,0,16,16,16,0,180.0,12.0,1,0,1,0,1,0,2011.02.14_17:12:00_TAI,2011.02.14_20:12:00_TAI,,,,Future 3-6h contains the seeded M+ GOES-onset event.
SHRGT45_全信息基准版_20260727,ALL_SAMPLE_SUPPLEMENT,NOAA11158_X2.2_20110215,X2.2,2011-02-15T01:44:00Z,11158,NEEDS_CLARIFICATION_OFFICIAL_GOES_JWFD_SNAPSHOT,MATCHES_EVENT_NOAA_AR,377,11158,2011.02.14_20:24:00_TAI,2011-02-14T20:23:26Z,5.342778,60.043,-0.028574,-0.149,,,0.02883436,2.623643e+22,0x00000000,ZERO_QUALITY,,LON_FWT=9.726;LAT_FWT=-20.235,POSITIVE_CANDIDATE,,JSOC definitive hmi.sharp_cea_720s keyword query; raw JSON copied from 20260723 cache unless --fetch used,1,1,1,0,0,16,16,16,0,180.0,12.0,1,0,1,0,1,0,2011.02.14_17:24:00_TAI,2011.02.14_20:24:00_TAI,,,,Future 3-6h contains the seeded M+ GOES-onset event.
SHRGT45_全信息基准版_20260727,ALL_SAMPLE_SUPPLEMENT,NOAA11158_X2.2_20110215,X2.2,2011-02-15T01:44:00Z,11158,NEEDS_CLARIFICATION_OFFICIAL_GOES_JWFD_SNAPSHOT,MATCHES_EVENT_NOAA_AR,377,11158,2011.02.14_20:36:00_TAI,2011-02-14T20:35:26Z,5.142778,60.143,0.143816,-0.04,,,0.02948991,2.619414e+22,0x00000000,ZERO_QUALITY,,LON_FWT=9.843;LAT_FWT=-20.232,POSITIVE_CANDIDATE,,JSOC definitive hmi.sharp_cea_720s keyword query; raw JSON copied from 20260723 cache unless --fetch used,1,1,1,0,0,16,16,16,0,180.0,12.0,1,0,1,0,1,0,2011.02.14_17:36:00_TAI,2011.02.14_20:36:00_TAI,,,,Future 3-6h contains the seeded M+ GOES-onset event.
SHRGT45_全信息基准版_20260727,ALL_SAMPLE_SUPPLEMENT,NOAA11158_X2.2_20110215,X2.2,2011-02-15T01:44:00Z,11158,NEEDS_CLARIFICATION_OFFICIAL_GOES_JWFD_SNAPSHOT,MATCHES_EVENT_NOAA_AR,377,11158,2011.02.14_20:48:00_TAI,2011-02-14T20:47:26Z,4.942778,60.021,0.302346,0.084,,,0.02931247,2.623552e+22,0x00000000,ZERO_QUALITY,,LON_FWT=9.954;LAT_FWT=-20.230,POSITIVE_CANDIDATE,,JSOC definitive hmi.sharp_cea_720s keyword query; raw JSON copied from 20260723 cache unless --fetch used,1,1,1,0,0,16,16,16,0,180.0,12.0,1,0,1,0,1,0,2011.02.14_17:48:00_TAI,2011.02.14_20:48:00_TAI,,,,Future 3-6h contains the seeded M+ GOES-onset event.
SHRGT45_全信息基准版_20260727,ALL_SAMPLE_SUPPLEMENT,NOAA11158_X2.2_20110215,X2.2,2011-02-15T01:44:00Z,11158,NEEDS_CLARIFICATION_OFFICIAL_GOES_JWFD_SNAPSHOT,MATCHES_EVENT_NOAA_AR,377,11158,2011.02.14_21:00:00_TAI,2011-02-14T20:59:26Z,4.742778,60.451,0.479934,0.991,,,0.03142742,2.620474e+22,0x00000000,ZERO_QUALITY,,LON_FWT=10.061;LAT_FWT=-20.227,POSITIVE_CANDIDATE,,JSOC definitive hmi.sharp_cea_720s keyword query; raw JSON copied from 20260723 cache unless --fetch used,1,1,1,0,0,16,16,16,0,180.0,12.0,1,0,1,0,1,0,2011.02.14_18:00:00_TAI,2011.02.14_21:00:00_TAI,,,,Future 3-6h contains the seeded M+ GOES-onset event.
SHRGT45_全信息基准版_20260727,ALL_SAMPLE_SUPPLEMENT,NOAA11158_X2.2_20110215,X2.2,2011-02-15T01:44:00Z,11158,NEEDS_CLARIFICATION_OFFICIAL_GOES_JWFD_SNAPSHOT,MATCHES_EVENT_NOAA_AR,377,11158,2011.02.14_21:12:00_TAI,2011-02-14T21:11:26Z,4.542778,60.389,0.5835,1.144,,,0.03155756,2.627155e+22,0x00000000,ZERO_QUALITY,,LON_FWT=10.171;LAT_FWT=-20.223,POSITIVE_CANDIDATE,,JSOC definitive hmi.sharp_cea_720s keyword query; raw JSON copied from 20260723 cache unless --fetch used,1,1,1,0,0,16,16,16,0,180.0,12.0,1,0,1,0,1,0,2011.02.14_18:12:00_TAI,2011.02.14_21:12:00_TAI,,,,Future 3-6h contains the seeded M+ GOES-onset event.
SHRGT45_全信息基准版_20260727,ALL_SAMPLE_SUPPLEMENT,NOAA11158_X2.2_20110215,X2.2,2011-02-15T01:44:00Z,11158,NEEDS_CLARIFICATION_OFFICIAL_GOES_JWFD_SNAPSHOT,MATCHES_EVENT_NOAA_AR,377,11158,2011.02.14_21:24:00_TAI,2011-02-14T21:23:26Z,4.342778,60.559,0.665279,1.658,0.665279,1.658,0.03140633,2.635083e+22,0x00000000,ZERO_QUALITY,,LON_FWT=10.281;LAT_FWT=-20.220,POSITIVE_CANDIDATE,,JSOC definitive hmi.sharp_cea_720s keyword query; raw JSON copied from 20260723 cache unless --fetch used,1,1,1,0,0,16,16,16,0,180.0,12.0,1,1,1,0,1,1,2011.02.14_18:24:00_TAI,2011.02.14_21:24:00_TAI,,,,Future 3-6h contains the seeded M+ GOES-onset event.
SHRGT45_全信息基准版_20260727,ALL_SAMPLE_SUPPLEMENT,NOAA11158_X2.2_20110215,X2.2,2011-02-15T01:44:00Z,11158,NEEDS_CLARIFICATION_OFFICIAL_GOES_JWFD_SNAPSHOT,MATCHES_EVENT_NOAA_AR,377,11158,2011.02.14_21:36:00_TAI,2011-02-14T21:35:26Z,4.142778,60.423,0.669735,1.86,0.669735,1.86,0.03198932,2.646369e+22,0x00000000,ZERO_QUALITY,,LON_FWT=10.398;LAT_FWT=-20.215,POSITIVE_CANDIDATE,,JSOC definitive hmi.sharp_cea_720s keyword query; raw JSON copied from 20260723 cache unless --fetch used,1,1,1,0,0,16,16,16,0,180.0,12.0,1,1,1,0,1,1,2011.02.14_18:36:00_TAI,2011.02.14_21:36:00_TAI,,,,Future 3-6h contains the seeded M+ GOES-onset event.
SHRGT45_全信息基准版_20260727,ALL_SAMPLE_SUPPLEMENT,NOAA11158_X2.2_20110215,X2.2,2011-02-15T01:44:00Z,11158,NEEDS_CLARIFICATION_OFFICIAL_GOES_JWFD_SNAPSHOT,MATCHES_EVENT_NOAA_AR,377,11158,2011.02.14_21:48:00_TAI,2011-02-14T21:47:26Z,3.942778,60.389,0.605809,1.496,0.605809,1.496,0.03264736,2.657207e+22,0x00000000,ZERO_QUALITY,,LON_FWT=10.499;LAT_FWT=-20.220,POSITIVE_CANDIDATE,,JSOC definitive hmi.sharp_cea_720s keyword query; raw JSON copied from 20260723 cache unless --fetch used,1,1,1,0,0,16,16,16,0,180.0,12.0,1,1,1,0,1,1,2011.02.14_18:48:00_TAI,2011.02.14_21:48:00_TAI,,,,Future 3-6h contains the seeded M+ GOES-onset event.
SHRGT45_全信息基准版_20260727,ALL_SAMPLE_SUPPLEMENT,NOAA11158_X2.2_20110215,X2.2,2011-02-15T01:44:00Z,11158,NEEDS_CLARIFICATION_OFFICIAL_GOES_JWFD_SNAPSHOT,MATCHES_EVENT_NOAA_AR,377,11158,2011.02.14_22:00:00_TAI,2011-02-14T21:59:26Z,3.742778,59.872,0.499257,0.906,0.499257,0.906,0.03236105,2.665839e+22,0x00000000,ZERO_QUALITY,,LON_FWT=10.603;LAT_FWT=-20.224,POSITIVE_CANDIDATE,,JSOC definitive hmi.sharp_cea_720s keyword query; raw JSON copied from 20260723 cache unless --fetch used,1,1,1,0,0,16,16,16,0,180.0,12.0,1,1,1,0,1,1,2011.02.14_19:00:00_TAI,2011.02.14_22:00:00_TAI,,,,Future 3-6h contains the seeded M+ GOES-onset event.
SHRGT45_全信息基准版_20260727,ALL_SAMPLE_SUPPLEMENT,NOAA11158_X2.2_20110215,X2.2,2011-02-15T01:44:00Z,11158,NEEDS_CLARIFICATION_OFFICIAL_GOES_JWFD_SNAPSHOT,MATCHES_EVENT_NOAA_AR,377,11158,2011.02.14_22:12:00_TAI,2011-02-14T22:11:26Z,3.542778,59.833,0.383132,1.063,0.383132,1.063,0.03219769,2.656568e+22,0x00000000,ZERO_QUALITY,,LON_FWT=10.715;LAT_FWT=-20.220,POSITIVE_CANDIDATE,,JSOC definitive hmi.sharp_cea_720s keyword query; raw JSON copied from 20260723 cache unless --fetch used,1,1,1,0,0,16,16,16,0,180.0,12.0,1,1,1,0,1,1,2011.02.14_19:12:00_TAI,2011.02.14_22:12:00_TAI,,,,Future 3-6h contains the seeded M+ GOES-onset event.
SHRGT45_全信息基准版_20260727,ALL_SAMPLE_SUPPLEMENT,NOAA11158_X2.2_20110215,X2.2,2011-02-15T01:44:00Z,11158,NEEDS_CLARIFICATION_OFFICIAL_GOES_JWFD_SNAPSHOT,MATCHES_EVENT_NOAA_AR,377,11158,2011.02.14_22:24:00_TAI,2011-02-14T22:23:26Z,3.342778,59.824,0.228765,0.604,0.228765,0.604,0.03064877,2.65748e+22,0x00000000,ZERO_QUALITY,,LON_FWT=10.814;LAT_FWT=-20.219,POSITIVE_CANDIDATE,,JSOC definitive hmi.sharp_cea_720s keyword query; raw JSON copied from 20260723 cache unless --fetch used,1,1,1,0,0,16,16,16,0,180.0,12.0,1,1,1,0,1,1,2011.02.14_19:24:00_TAI,2011.02.14_22:24:00_TAI,,,,Future 3-6h contains the seeded M+ GOES-onset event.
SHRGT45_全信息基准版_20260727,ALL_SAMPLE_SUPPLEMENT,NOAA11158_X2.2_20110215,X2.2,2011-02-15T01:44:00Z,11158,NEEDS_CLARIFICATION_OFFICIAL_GOES_JWFD_SNAPSHOT,MATCHES_EVENT_NOAA_AR,377,11158,2011.02.14_22:36:00_TAI,2011-02-14T22:35:26Z,3.142778,59.492,0.078529,0.033,0.078529,0.033,0.03151345,2.663249e+22,0x00000000,ZERO_QUALITY,,LON_FWT=10.929;LAT_FWT=-20.211,POSITIVE_CANDIDATE,,JSOC definitive hmi.sharp_cea_720s keyword query; raw JSON copied from 20260723 cache unless --fetch used,1,1,1,0,0,16,16,16,0,180.0,12.0,1,1,1,0,1,1,2011.02.14_19:36:00_TAI,2011.02.14_22:36:00_TAI,,,,Future 3-6h contains the seeded M+ GOES-onset event.
SHRGT45_全信息基准版_20260727,ALL_SAMPLE_SUPPLEMENT,NOAA11158_X2.2_20110215,X2.2,2011-02-15T01:44:00Z,11158,NEEDS_CLARIFICATION_OFFICIAL_GOES_JWFD_SNAPSHOT,MATCHES_EVENT_NOAA_AR,377,11158,2011.02.14_22:48:00_TAI,2011-02-14T22:47:26Z,2.942778,59.584,-0.035684,-0.013,-0.035684,-0.013,0.03055183,2.656299e+22,0x00000000,ZERO_QUALITY,,LON_FWT=11.038;LAT_FWT=-20.208,BUFFER_OR_EXCLUDE,,JSOC definitive hmi.sharp_cea_720s keyword query; raw JSON copied from 20260723 cache unless --fetch used,1,1,1,0,0,16,16,16,0,180.0,12.0,1,1,1,1,0,0,2011.02.14_19:48:00_TAI,2011.02.14_22:48:00_TAI,,,,Future 0-3h contains M+; excluded from 3-6h main analysis.
SHRGT45_全信息基准版_20260727,ALL_SAMPLE_SUPPLEMENT,NOAA11158_X2.2_20110215,X2.2,2011-02-15T01:44:00Z,11158,NEEDS_CLARIFICATION_OFFICIAL_GOES_JWFD_SNAPSHOT,MATCHES_EVENT_NOAA_AR,377,11158,2011.02.14_23:00:00_TAI,2011-02-14T22:59:26Z,2.742778,59.545,-0.138787,-0.042,-0.138787,-0.042,0.03072707,2.661382e+22,0x00000000,ZERO_QUALITY,,LON_FWT=11.142;LAT_FWT=-20.207,BUFFER_OR_EXCLUDE,,JSOC definitive hmi.sharp_cea_720s keyword query; raw JSON copied from 20260723 cache unless --fetch used,1,1,1,0,0,16,16,16,0,180.0,12.0,1,1,1,1,0,0,2011.02.14_20:00:00_TAI,2011.02.14_23:00:00_TAI,,,,Future 0-3h contains M+; excluded from 3-6h main analysis.
SHRGT45_全信息基准版_20260727,ALL_SAMPLE_SUPPLEMENT,NOAA11158_X2.2_20110215,X2.2,2011-02-15T01:44:00Z,11158,NEEDS_CLARIFICATION_OFFICIAL_GOES_JWFD_SNAPSHOT,MATCHES_EVENT_NOAA_AR,377,11158,2011.02.14_23:12:00_TAI,2011-02-14T23:11:26Z,2.542778,59.188,-0.28175,-0.778,-0.28175,-0.778,0.03239762,2.67205e+22,0x00000000,ZERO_QUALITY,,LON_FWT=11.246;LAT_FWT=-20.209,BUFFER_OR_EXCLUDE,,JSOC definitive hmi.sharp_cea_720s keyword query; raw JSON copied from 20260723 cache unless --fetch used,1,1,1,0,0,16,16,16,0,180.0,12.0,1,1,1,1,0,0,2011.02.14_20:12:00_TAI,2011.02.14_23:12:00_TAI,,,,Future 0-3h contains M+; excluded from 3-6h main analysis.
SHRGT45_全信息基准版_20260727,ALL_SAMPLE_SUPPLEMENT,NOAA11158_X2.2_20110215,X2.2,2011-02-15T01:44:00Z,11158,NEEDS_CLARIFICATION_OFFICIAL_GOES_JWFD_SNAPSHOT,MATCHES_EVENT_NOAA_AR,377,11158,2011.02.14_23:24:00_TAI,2011-02-14T23:23:26Z,2.342778,58.624,-0.433676,-1.419,-0.433676,-1.419,0.03322043,2.67942e+22,0x00000000,ZERO_QUALITY,,LON_FWT=11.353;LAT_FWT=-20.211,BUFFER_OR_EXCLUDE,,JSOC definitive hmi.sharp_cea_720s keyword query; raw JSON copied from 20260723 cache unless --fetch used,1,1,1,0,0,16,16,16,0,180.0,12.0,1,1,1,1,0,0,2011.02.14_20:24:00_TAI,2011.02.14_23:24:00_TAI,,,,Future 0-3h contains M+; excluded from 3-6h main analysis.
SHRGT45_全信息基准版_20260727,ALL_SAMPLE_SUPPLEMENT,NOAA11158_X2.2_20110215,X2.2,2011-02-15T01:44:00Z,11158,NEEDS_CLARIFICATION_OFFICIAL_GOES_JWFD_SNAPSHOT,MATCHES_EVENT_NOAA_AR,377,11158,2011.02.14_23:36:00_TAI,2011-02-14T23:35:26Z,2.142778,58.726,-0.544993,-1.417,-0.544993,-1.417,0.03356307,2.671827e+22,0x00000000,ZERO_QUALITY,,LON_FWT=11.468;LAT_FWT=-20.206,BUFFER_OR_EXCLUDE,,JSOC definitive hmi.sharp_cea_720s keyword query; raw JSON copied from 20260723 cache unless --fetch used,1,1,1,0,0,16,16,16,0,180.0,12.0,1,1,1,1,0,0,2011.02.14_20:36:00_TAI,2011.02.14_23:36:00_TAI,,,,Future 0-3h contains M+; excluded from 3-6h main analysis.
SHRGT45_全信息基准版_20260727,ALL_SAMPLE_SUPPLEMENT,NOAA11158_X2.2_20110215,X2.2,2011-02-15T01:44:00Z,11158,NEEDS_CLARIFICATION_OFFICIAL_GOES_JWFD_SNAPSHOT,MATCHES_EVENT_NOAA_AR,377,11158,2011.02.14_23:48:00_TAI,2011-02-14T23:47:26Z,1.942778,58.591,-0.639331,-1.43,-0.639331,-1.43,0.03352674,2.664593e+22,0x00000000,ZERO_QUALITY,,LON_FWT=11.577;LAT_FWT=-20.203,BUFFER_OR_EXCLUDE,,JSOC definitive hmi.sharp_cea_720s keyword query; raw JSON copied from 20260723 cache unless --fetch used,1,1,1,0,0,16,16,16,0,180.0,12.0,1,1,1,1,0,0,2011.02.14_20:48:00_TAI,2011.02.14_23:48:00_TAI,,,,Future 0-3h contains M+; excluded from 3-6h main analysis.
SHRGT45_全信息基准版_20260727,ALL_SAMPLE_SUPPLEMENT,NOAA11158_X2.2_20110215,X2.2,2011-02-15T01:44:00Z,11158,NEEDS_CLARIFICATION_OFFICIAL_GOES_JWFD_SNAPSHOT,MATCHES_EVENT_NOAA_AR,377,11158,2011.02.15_00:00:00_TAI,2011-02-14T23:59:26Z,1.742778,58.78,-0.70525,-1.671,-0.70525,-1.671,0.03313356,2.669857e+22,0x00000000,ZERO_QUALITY,,LON_FWT=11.689;LAT_FWT=-20.197,BUFFER_OR_EXCLUDE,,JSOC definitive hmi.sharp_cea_720s keyword query; raw JSON copied from 20260723 cache unless --fetch used,1,1,1,0,0,16,16,16,0,180.0,12.0,1,1,1,1,0,0,2011.02.14_21:00:00_TAI,2011.02.15_00:00:00_TAI,,,,Future 0-3h contains M+; excluded from 3-6h main analysis.
SHRGT45_全信息基准版_20260727,ALL_SAMPLE_SUPPLEMENT,NOAA11158_X2.2_20110215,X2.2,2011-02-15T01:44:00Z,11158,NEEDS_CLARIFICATION_OFFICIAL_GOES_JWFD_SNAPSHOT,MATCHES_EVENT_NOAA_AR,377,11158,2011.02.15_00:12:00_TAI,2011-02-15T00:11:26Z,1.542778,58.831,-0.693544,-1.558,-0.693544,-1.558,0.03360292,2.661372e+22,0x00000000,ZERO_QUALITY,,LON_FWT=11.803;LAT_FWT=-20.193,BUFFER_OR_EXCLUDE,,JSOC definitive hmi.sharp_cea_720s keyword query; raw JSON copied from 20260723 cache unless --fetch used,1,1,1,0,0,16,16,16,0,180.0,12.0,1,1,1,1,0,0,2011.02.14_21:12:00_TAI,2011.02.15_00:12:00_TAI,,,,Future 0-3h contains M+; excluded from 3-6h main analysis.
SHRGT45_全信息基准版_20260727,ALL_SAMPLE_SUPPLEMENT,NOAA11158_X2.2_20110215,X2.2,2011-02-15T01:44:00Z,11158,NEEDS_CLARIFICATION_OFFICIAL_GOES_JWFD_SNAPSHOT,MATCHES_EVENT_NOAA_AR,377,11158,2011.02.15_00:24:00_TAI,2011-02-15T00:23:26Z,1.342778,58.786,-0.670728,-1.773,-0.670728,-1.773,0.03329339,2.665568e+22,0x00000000,ZERO_QUALITY,,LON_FWT=11.910;LAT_FWT=-20.196,BUFFER_OR_EXCLUDE,,JSOC definitive hmi.sharp_cea_720s keyword query; raw JSON copied from 20260723 cache unless --fetch used,1,1,1,0,0,16,16,16,0,180.0,12.0,1,1,1,1,0,0,2011.02.14_21:24:00_TAI,2011.02.15_00:24:00_TAI,,,,Future 0-3h contains M+; excluded from 3-6h main analysis.
SHRGT45_全信息基准版_20260727,ALL_SAMPLE_SUPPLEMENT,NOAA11158_X2.2_20110215,X2.2,2011-02-15T01:44:00Z,11158,NEEDS_CLARIFICATION_OFFICIAL_GOES_JWFD_SNAPSHOT,MATCHES_EVENT_NOAA_AR,377,11158,2011.02.15_00:36:00_TAI,2011-02-15T00:35:26Z,1.142778,58.282,-0.658676,-2.141,-0.658676,-2.141,0.03390596,2.662749e+22,0x00000000,ZERO_QUALITY,,LON_FWT=12.022;LAT_FWT=-20.194,BUFFER_OR_EXCLUDE,,JSOC definitive hmi.sharp_cea_720s keyword query; raw JSON copied from 20260723 cache unless --fetch used,1,1,1,0,0,16,16,16,0,180.0,12.0,1,1,1,1,0,0,2011.02.14_21:36:00_TAI,2011.02.15_00:36:00_TAI,,,,Future 0-3h contains M+; excluded from 3-6h main analysis.
SHRGT45_全信息基准版_20260727,ALL_SAMPLE_SUPPLEMENT,NOAA11158_X2.2_20110215,X2.2,2011-02-15T01:44:00Z,11158,NEEDS_CLARIFICATION_OFFICIAL_GOES_JWFD_SNAPSHOT,MATCHES_EVENT_NOAA_AR,377,11158,2011.02.15_00:48:00_TAI,2011-02-15T00:47:26Z,0.942778,58.239,-0.634882,-2.15,-0.634882,-2.15,0.03401799,2.660479e+22,0x00000000,ZERO_QUALITY,,LON_FWT=12.134;LAT_FWT=-20.196,BUFFER_OR_EXCLUDE,,JSOC definitive hmi.sharp_cea_720s keyword query; raw JSON copied from 20260723 cache unless --fetch used,1,1,1,0,0,16,16,16,0,180.0,12.0,1,1,1,1,0,0,2011.02.14_21:48:00_TAI,2011.02.15_00:48:00_TAI,,,,Future 0-3h contains M+; excluded from 3-6h main analysis.
SHRGT45_全信息基准版_20260727,ALL_SAMPLE_SUPPLEMENT,NOAA11158_X2.2_20110215,X2.2,2011-02-15T01:44:00Z,11158,NEEDS_CLARIFICATION_OFFICIAL_GOES_JWFD_SNAPSHOT,MATCHES_EVENT_NOAA_AR,377,11158,2011.02.15_01:00:00_TAI,2011-02-15T00:59:26Z,0.742778,58.641,-0.538882,-1.231,-0.538882,-1.231,0.03417797,2.657188e+22,0x00000000,ZERO_QUALITY,,LON_FWT=12.243;LAT_FWT=-20.195,BUFFER_OR_EXCLUDE,,JSOC definitive hmi.sharp_cea_720s keyword query; raw JSON copied from 20260723 cache unless --fetch used,1,1,1,0,0,16,16,16,0,180.0,12.0,1,1,1,1,0,0,2011.02.14_22:00:00_TAI,2011.02.15_01:00:00_TAI,,,,Future 0-3h contains M+; excluded from 3-6h main analysis.
SHRGT45_全信息基准版_20260727,ALL_SAMPLE_SUPPLEMENT,NOAA11158_X2.2_20110215,X2.2,2011-02-15T01:44:00Z,11158,NEEDS_CLARIFICATION_OFFICIAL_GOES_JWFD_SNAPSHOT,MATCHES_EVENT_NOAA_AR,377,11158,2011.02.15_01:12:00_TAI,2011-02-15T01:11:26Z,0.542778,58.464,-0.501324,-1.369,-0.501324,-1.369,0.03333504,2.662889e+22,0x00000000,ZERO_QUALITY,,LON_FWT=12.356;LAT_FWT=-20.196,BUFFER_OR_EXCLUDE,,JSOC definitive hmi.sharp_cea_720s keyword query; raw JSON copied from 20260723 cache unless --fetch used,1,1,1,0,0,16,16,16,0,180.0,12.0,1,1,1,1,0,0,2011.02.14_22:12:00_TAI,2011.02.15_01:12:00_TAI,,,,Future 0-3h contains M+; excluded from 3-6h main analysis.
SHRGT45_全信息基准版_20260727,ALL_SAMPLE_SUPPLEMENT,NOAA11158_X2.2_20110215,X2.2,2011-02-15T01:44:00Z,11158,NEEDS_CLARIFICATION_OFFICIAL_GOES_JWFD_SNAPSHOT,MATCHES_EVENT_NOAA_AR,377,11158,2011.02.15_01:24:00_TAI,2011-02-15T01:23:26Z,0.342778,58.203,-0.476721,-1.621,-0.476721,-1.621,0.03328643,2.667605e+22,0x00000000,ZERO_QUALITY,,LON_FWT=12.454;LAT_FWT=-20.196,BUFFER_OR_EXCLUDE,,JSOC definitive hmi.sharp_cea_720s keyword query; raw JSON copied from 20260723 cache unless --fetch used,1,1,1,0,0,16,16,16,0,180.0,12.0,1,1,1,1,0,0,2011.02.14_22:24:00_TAI,2011.02.15_01:24:00_TAI,,,,Future 0-3h contains M+; excluded from 3-6h main analysis.
